{"type": "FeatureCollection", "name": "bangunan_tegalsari", "features": [{"type": "Feature", "properties": {"OBJECTID_1": 65, "kode_bangunan": 73, "rt": 5, "rw": 9, "dusun": "Tegalsari", "fungsi_b": "Rumah Tinggal", "jenis_b": "Permanen", "material_b": "Tembok Bata", "material_atap": "Asbes", "ket_lantai": "Keramik Ubin", "sanitasi": "Milik Sendiri", "sumber_air": "Sumur", "kelas_layak": "Layak", "nama_kk": "Bambang Sutrisno", "jenis_peke": "Karyawan Swasta", "kepemilikan": "Garap Orang", "pendidikan_kk": "Sma", "anak_usia_sekolah": "Tidak", "paud": 0, "sd": 0, "smp": 0, "sma": 0, "putus_sekolah": "Tidak", "jml_putus_sekolah": 0, "arah_hadap": "Utara", "arah_hadap_deg": 0, "centroid_lon": 110.1724523, "centroid_lat": -7.5528353, "jumlah_lan": 1}, "geometry": {"type": "Polygon", "coordinates": [[[110.17248611981228, -7.552792279402199], [110.17259704475981, -7.552818818122627], [110.17260022838548, -7.552819579396263], [110.17258024557904, -7.552900319088206], [110.17252382661759, -7.552882405658606], [110.17245411795977, -7.552860272957663], [110.17243275933734, -7.552854723287349], [110.17238133140803, -7.552841360704299], [110.1723595055452, -7.552903211290923], [110.17232047366139, -7.552890229458926], [110.17232064176193, -7.552881436396821], [110.17235138550912, -7.552784888664614], [110.17241728247448, -7.552809074569982], [110.17243604174972, -7.55275830622247], [110.17248960796984, -7.552774945267705], [110.17248611981228, -7.552792279402199]]]}}, {"type": "Feature", "properties": {"OBJECTID_1": 69, "kode_bangunan": 78, "rt": 5, "rw": 9, "dusun": "Tegalsari", "fungsi_b": "Masjid", "jenis_b": "Permanen", "material_b": "Tembok Bata", "material_atap": "Genteng", "ket_lantai": "Keramik Ubin", "sanitasi": "Milik Sendiri", "sumber_air": "Sumur", "kelas_layak": "Layak", "nama_kk": "Slamet Riyadi", "jenis_peke": "Karyawan Swasta", "kepemilikan": "Garap Orang", "pendidikan_kk": "Sma", "anak_usia_sekolah": "Tidak", "paud": 0, "sd": 0, "smp": 0, "sma": 0, "putus_sekolah": "Tidak", "jml_putus_sekolah": 0, "arah_hadap": "Utara", "arah_hadap_deg": 0, "centroid_lon": 110.1729253, "centroid_lat": -7.5523576, "jumlah_lan": 1}, "geometry": {"type": "Polygon", "coordinates": [[[110.1729904658879, -7.552348693031004], [110.17295649378974, -7.552426146510334], [110.17282853098226, -7.552369802765556], [110.17286053186953, -7.5522946375249305], [110.1729904658879, -7.552348693031004]]]}}, {"type": "Feature", "properties": {"OBJECTID_1": 83, "kode_bangunan": 93, "rt": 5, "rw": 9, "dusun": "Tegalsari", "fungsi_b": "Rumah Tinggal", "jenis_b": "Permanen", "material_b": "Tembok Bata", "material_atap": "Genteng", "ket_lantai": "Keramik Ubin", "sanitasi": "Milik Sendiri", "sumber_air": "Sumur", "kelas_layak": "Layak", "nama_kk": "Rina Wulandari", "jenis_peke": "Karyawan Swasta", "kepemilikan": "Garap Orang", "pendidikan_kk": "Sma", "anak_usia_sekolah": "Tidak", "paud": 0, "sd": 0, "smp": 0, "sma": 0, "putus_sekolah": "Tidak", "jml_putus_sekolah": 0, "arah_hadap": "Utara", "arah_hadap_deg": 0, "centroid_lon": 110.1729969, "centroid_lat": -7.551785, "jumlah_lan": 1}, "geometry": {"type": "Polygon", "coordinates": [[[110.1730359255064, -7.551677695311293], [110.17304729055328, -7.551678286648939], [110.17304691400771, -7.551684214821517], [110.17303263635438, -7.5519088640562595], [110.17299036335193, -7.551904418996131], [110.17299220200695, -7.551896056914843], [110.1729659650804, -7.551892005812424], [110.17296893509108, -7.5518640041232095], [110.17294378733743, -7.551862502105376], [110.17295312609588, -7.551743216686649], [110.1729709885878, -7.551742158792091], [110.17297506540669, -7.5516745301851484], [110.1730359255064, -7.551677695311293]]]}}, {"type": "Feature", "properties": {"OBJECTID_1": 2, "kode_bangunan": 1, "rt": 2, "rw": 9, "dusun": "Tegalsari", "fungsi_b": "Rumah Tinggal", "jenis_b": "Permanen", "material_b": "Tembok Bata", "material_atap": "Genteng", "ket_lantai": "Keramik Ubin", "sanitasi": "Milik Sendiri", "sumber_air": "Sumur", "kelas_layak": "Layak", "nama_kk": "Rudi Hartono", "jenis_peke": "Karyawan Swasta", "kepemilikan": "Garap Orang", "pendidikan_kk": "Sma", "anak_usia_sekolah": "Tidak", "paud": 0, "sd": 0, "smp": 0, "sma": 0, "putus_sekolah": "Tidak", "jml_putus_sekolah": 0, "arah_hadap": "Timur", "arah_hadap_deg": 90, "centroid_lon": 110.1760097, "centroid_lat": -7.5517189, "jumlah_lan": 1}, "geometry": {"type": "Polygon", "coordinates": [[[110.17604295149442, -7.551737449879274], [110.17598403972148, -7.551744994311099], [110.17597939864486, -7.551712634894288], [110.17597685904863, -7.551694866951805], [110.17603216078024, -7.551685816982075], [110.17604295149442, -7.551737449879274]]]}}, {"type": "Feature", "properties": {"OBJECTID_1": 3, "kode_bangunan": 2, "rt": 2, "rw": 9, "dusun": "Tegalsari", "fungsi_b": "Rumah Tinggal", "jenis_b": "Permanen", "material_b": "Tembok Bata", "material_atap": "Genteng", "ket_lantai": "Keramik Ubin", "sanitasi": "Milik Sendiri", "sumber_air": "Sumur", "kelas_layak": "Layak", "nama_kk": "Fajar Nugroho", "jenis_peke": "Karyawan Swasta", "kepemilikan": "Garap Orang", "pendidikan_kk": "Sma", "anak_usia_sekolah": "Tidak", "paud": 0, "sd": 0, "smp": 0, "sma": 0, "putus_sekolah": "Tidak", "jml_putus_sekolah": 0, "arah_hadap": "Timur", "arah_hadap_deg": 90, "centroid_lon": 110.1760021, "centroid_lat": -7.551663, "jumlah_lan": 1}, "geometry": {"type": "Polygon", "coordinates": [[[110.1760405935139, -7.551675955022102], [110.17595073444484, -7.551690355856757], [110.17594801054149, -7.551642606650889], [110.17603078135295, -7.55163025105128], [110.1760405935139, -7.551675955022102]]]}}, {"type": "Feature", "properties": {"OBJECTID_1": 4, "kode_bangunan": 3, "rt": 2, "rw": 9, "dusun": "Tegalsari", "fungsi_b": "Rumah Tinggal", "jenis_b": "Permanen", "material_b": "Tembok Bata", "material_atap": "Genteng", "ket_lantai": "Keramik Ubin", "sanitasi": "Milik Sendiri", "sumber_air": "Pdam Ppamsimas", "kelas_layak": "Layak", "nama_kk": "ooo", "jenis_peke": "Petani Kebun", "kepemilikan": "Sewa", "pendidikan_kk": "Sma", "anak_usia_sekolah": "Tidak", "paud": 0, "sd": 0, "smp": 0, "sma": 0, "putus_sekolah": "Tidak", "jml_putus_sekolah": 0, "arah_hadap": "Utara", "arah_hadap_deg": 0, "centroid_lon": 110.1759919, "centroid_lat": -7.5516079, "jumlah_lan": 1}, "geometry": {"type": "Polygon", "coordinates": [[[110.17603029768826, -7.551624323962797], [110.17594366242776, -7.551635026112962], [110.1759352793089, -7.551584244352639], [110.17601975585359, -7.551571456914869], [110.17603029768826, -7.551624323962797]]]}}, {"type": "Feature", "properties": {"OBJECTID_1": 5, "kode_bangunan": 4, "rt": 4, "rw": 9, "dusun": "Tegalsari", "fungsi_b": "Rumah Tinggal", "jenis_b": "Permanen", "material_b": "Tembok Bata", "material_atap": "Genteng", "ket_lantai": "Keramik Ubin", "sanitasi": "Milik Sendiri", "sumber_air": "Sumur", "kelas_layak": "Layak", "nama_kk": "Taufik Candra Wijaya", "jenis_peke": "Karyawan Swasta", "kepemilikan": "Garap Orang", "pendidikan_kk": "Diploma Sarjana", "anak_usia_sekolah": "Tidak", "paud": 0, "sd": 0, "smp": 0, "sma": 0, "putus_sekolah": "Tidak", "jml_putus_sekolah": 0, "arah_hadap": "Selatan", "arah_hadap_deg": 180, "centroid_lon": 110.1735036, "centroid_lat": -7.5533832, "jumlah_lan": 1}, "geometry": {"type": "Polygon", "coordinates": [[[110.17352432519898, -7.553439566480948], [110.173505336468, -7.553446093476764], [110.17347542819091, -7.553442222675368], [110.1734754601035, -7.553425430105941], [110.17348090578108, -7.553424452715866], [110.1734813230626, -7.553421412633944], [110.17343736723903, -7.553416220931784], [110.1734522636785, -7.55330090313008], [110.17345281563286, -7.553296632301785], [110.17349799134666, -7.5532999730240356], [110.17353161862823, -7.553304285011913], [110.17353734202231, -7.553305025759527], [110.17357615254203, -7.5533100494305545], [110.17355955811092, -7.553427455191547], [110.17354534740142, -7.553432339644292], [110.17352432519898, -7.553439566480948]]]}}, {"type": "Feature", "properties": {"OBJECTID_1": 6, "kode_bangunan": 6, "rt": 4, "rw": 9, "dusun": "Tegalsari", "fungsi_b": "Rumah Tinggal", "jenis_b": "Permanen", "material_b": "Tembok Bata", "material_atap": "Genteng", "ket_lantai": "Keramik Ubin", "sanitasi": "Milik Sendiri", "sumber_air": "Sumur", "kelas_layak": "Layak", "nama_kk": "Maryadi", "jenis_peke": "Pedagang", "kepemilikan": "Garap Orang", "pendidikan_kk": "Smp", "anak_usia_sekolah": "Tidak", "paud": 0, "sd": 0, "smp": 0, "sma": 0, "putus_sekolah": "Tidak", "jml_putus_sekolah": 0, "arah_hadap": "Selatan", "arah_hadap_deg": 180, "centroid_lon": 110.1734118, "centroid_lat": -7.5533372, "jumlah_lan": 1}, "geometry": {"type": "Polygon", "coordinates": [[[110.17344627700157, -7.553285602421647], [110.17344402092749, -7.553300415391309], [110.1734522636785, -7.55330090313008], [110.17343736723903, -7.553416220931784], [110.17342690747965, -7.553450527167627], [110.17336752920504, -7.553443006171005], [110.17337255133396, -7.553404491940655], [110.1733833955886, -7.553298078343925], [110.17338761436376, -7.553291665404081], [110.17338816021731, -7.553288220357272], [110.17338922989418, -7.55328147584372], [110.17344627700157, -7.553285602421647]]]}}, {"type": "Feature", "properties": {"OBJECTID_1": 7, "kode_bangunan": 7, "rt": 4, "rw": 9, "dusun": "Tegalsari", "fungsi_b": "Rumah Tinggal", "jenis_b": "Permanen", "material_b": "Tembok Bata", "material_atap": "Genteng", "ket_lantai": "Keramik Ubin", "sanitasi": "Milik Sendiri", "sumber_air": "Sumur", "kelas_layak": "Layak", "nama_kk": "Rantinah", "jenis_peke": "Pedagang", "kepemilikan": "Garap Orang", "pendidikan_kk": "Sma", "anak_usia_sekolah": "Tidak", "paud": 0, "sd": 0, "smp": 0, "sma": 0, "putus_sekolah": "Tidak", "jml_putus_sekolah": 0, "arah_hadap": "Selatan", "arah_hadap_deg": 180, "centroid_lon": 110.1733565, "centroid_lat": -7.5533208, "jumlah_lan": 1}, "geometry": {"type": "Polygon", "coordinates": [[[110.17338922989418, -7.55328147584372], [110.17338816021731, -7.553288220357272], [110.17338761436376, -7.553291665404081], [110.1733833955886, -7.553298078343925], [110.17337255133396, -7.553404491940655], [110.17330550463726, -7.553395227956186], [110.17330652540494, -7.553388465260801], [110.17331875804604, -7.553307445843171], [110.17332417396261, -7.553271577066713], [110.17338922989418, -7.55328147584372]]]}}, {"type": "Feature", "properties": {"OBJECTID_1": 9, "kode_bangunan": 10, "rt": 4, "rw": 9, "dusun": "Tegalsari", "fungsi_b": "Rumah Tinggal", "jenis_b": "Permanen", "material_b": "Tembok Bata", "material_atap": "Seng Galvalum", "ket_lantai": "Keramik Ubin", "sanitasi": "Milik Sendiri", "sumber_air": "Sumur", "kelas_layak": "Layak", "nama_kk": "Suyami", "jenis_peke": "Pedagang", "kepemilikan": "Garap Orang", "pendidikan_kk": "Sd", "anak_usia_sekolah": "Tidak", "paud": 0, "sd": 0, "smp": 0, "sma": 0, "putus_sekolah": "Tidak", "jml_putus_sekolah": 0, "arah_hadap": "Barat", "arah_hadap_deg": 270, "centroid_lon": 110.1732206, "centroid_lat": -7.5533425, "jumlah_lan": 1}, "geometry": {"type": "Polygon", "coordinates": [[[110.17328926851411, -7.55331217021906], [110.1732781361792, -7.553378435984335], [110.17321532745032, -7.553368403057539], [110.1732134096726, -7.553376902470611], [110.17318157150906, -7.553369310572113], [110.1731662407541, -7.553362614607043], [110.17317491216136, -7.553307355361986], [110.17317689949739, -7.553294688223792], [110.17328926851411, -7.55331217021906]]]}}, {"type": "Feature", "properties": {"OBJECTID_1": 10, "kode_bangunan": 12, "rt": 4, "rw": 9, "dusun": "Tegalsari", "fungsi_b": "Rumah Tinggal", "jenis_b": "Permanen", "material_b": "Tembok Bata", "material_atap": "Genteng", "ket_lantai": "Semen Plester", "sanitasi": "Milik Sendiri", "sumber_air": "Sumur", "kelas_layak": "Layak", "nama_kk": "Ahmad Khairodin", "jenis_peke": "Buruh Tani", "kepemilikan": "Garap Orang", "pendidikan_kk": "Sd", "anak_usia_sekolah": "Tidak", "paud": 0, "sd": 0, "smp": 0, "sma": 0, "putus_sekolah": "Tidak", "jml_putus_sekolah": 0, "arah_hadap": "Barat", "arah_hadap_deg": 270, "centroid_lon": 110.1732208, "centroid_lat": -7.5532336, "jumlah_lan": 1}, "geometry": {"type": "Polygon", "coordinates": [[[110.17332202176172, -7.55316831360863], [110.17330751463264, -7.553249038383368], [110.17329923318295, -7.553305152203035], [110.1732906170873, -7.553304140059157], [110.17328926851411, -7.55331217021906], [110.17317689949739, -7.553294688223792], [110.17317491216136, -7.553307355361986], [110.17314804488049, -7.553301089798701], [110.17314782184717, -7.553288248433479], [110.17314089810502, -7.553285271335819], [110.17315101226622, -7.553227749092963], [110.17315632070022, -7.553177383969657], [110.17316980964249, -7.553177409504692], [110.17317797624443, -7.553177424964151], [110.17320618209583, -7.553180442347269], [110.17322004366305, -7.553178987043187], [110.17324379788015, -7.553180266626139], [110.17325003233057, -7.5531553364071895], [110.17332202176172, -7.55316831360863]]]}}, {"type": "Feature", "properties": {"OBJECTID_1": 11, "kode_bangunan": 13, "rt": 4, "rw": 9, "dusun": "Tegalsari", "fungsi_b": "Rumah Tinggal", "jenis_b": "Permanen", "material_b": "Tembok Bata", "material_atap": "Genteng", "ket_lantai": "Keramik Ubin", "sanitasi": "Milik Sendiri", "sumber_air": "Sumur", "kelas_layak": "Layak", "nama_kk": "Ahmadi", "jenis_peke": "Buruh Bangunan", "kepemilikan": "Garap Orang", "pendidikan_kk": "Sma", "anak_usia_sekolah": "Ya", "paud": 0, "sd": 1, "smp": 0, "sma": 0, "putus_sekolah": "Tidak", "jml_putus_sekolah": 0, "arah_hadap": "Barat", "arah_hadap_deg": 270, "centroid_lon": 110.1734876, "centroid_lat": -7.5532644, "jumlah_lan": 1}, "geometry": {"type": "Polygon", "coordinates": [[[110.17346127461803, -7.553200982960069], [110.17355883978534, -7.553220676369949], [110.17356407131174, -7.553221732755465], [110.17359808439427, -7.553228597918519], [110.17358753265353, -7.5533117994298795], [110.17357615254203, -7.5533100494305545], [110.17353734202231, -7.553305025759527], [110.17353161862823, -7.553304285011913], [110.17349799134666, -7.5532999730240356], [110.17345281563286, -7.553296632301785], [110.1734522636785, -7.55330090313008], [110.17344402092749, -7.553300415391309], [110.17344627700157, -7.553285602421647], [110.1734460450756, -7.553276958744021], [110.17344084872232, -7.553276948910353], [110.17344333725579, -7.553269545000154], [110.17343196136977, -7.553265572690731], [110.17343794977387, -7.553239901231051], [110.1734310227434, -7.553238653502958], [110.17343971427708, -7.553196631394074], [110.17346127461803, -7.553200982960069]]]}}, {"type": "Feature", "properties": {"OBJECTID_1": 12, "kode_bangunan": 14, "rt": 4, "rw": 9, "dusun": "Tegalsari", "fungsi_b": "Rumah Tinggal", "jenis_b": "Permanen", "material_b": "Tembok Bata", "material_atap": "Genteng", "ket_lantai": "Keramik Ubin", "sanitasi": "Milik Sendiri", "sumber_air": "Sumur", "kelas_layak": "Layak", "nama_kk": "Romadhon", "jenis_peke": "Buruh Bangunan", "kepemilikan": "Garap Orang", "pendidikan_kk": "Smp", "anak_usia_sekolah": "Ya", "paud": 0, "sd": 0, "smp": 0, "sma": 1, "putus_sekolah": "Tidak", "jml_putus_sekolah": 0, "arah_hadap": "Barat", "arah_hadap_deg": 270, "centroid_lon": 110.173522, "centroid_lat": -7.5531681, "jumlah_lan": 1}, "geometry": {"type": "Polygon", "coordinates": [[[110.17359808439427, -7.553228597918519], [110.17356407131174, -7.553221732755465], [110.17355883978534, -7.553220676369949], [110.17346127461803, -7.553200982960069], [110.17346328768785, -7.553189078347357], [110.17344646800782, -7.553185094832444], [110.17345403630306, -7.553143660320166], [110.17347054663456, -7.553145875889627], [110.17347180591699, -7.553134271947673], [110.17347445629174, -7.553134711114825], [110.17348269015831, -7.553102191540341], [110.17358469405713, -7.5531127535413765], [110.17358421141438, -7.55313397451169], [110.17361681399294, -7.553139484801833], [110.17359808439427, -7.553228597918519]]]}}, {"type": "Feature", "properties": {"OBJECTID_1": 13, "kode_bangunan": 15, "rt": 4, "rw": 9, "dusun": "Tegalsari", "fungsi_b": "Rumah Tinggal", "jenis_b": "Permanen", "material_b": "Tembok Bata", "material_atap": "Genteng", "ket_lantai": "Keramik Ubin", "sanitasi": "Milik Sendiri", "sumber_air": "Sumur", "kelas_layak": "Layak", "nama_kk": "Wahyu Hidayat", "jenis_peke": "Karyawan Swasta", "kepemilikan": "Garap Orang", "pendidikan_kk": "Sma", "anak_usia_sekolah": "Tidak", "paud": 0, "sd": 0, "smp": 0, "sma": 0, "putus_sekolah": "Tidak", "jml_putus_sekolah": 0, "arah_hadap": "Utara", "arah_hadap_deg": 0, "centroid_lon": 110.1733927, "centroid_lat": -7.5530557, "jumlah_lan": 1}, "geometry": {"type": "Polygon", "coordinates": [[[110.17347003940864, -7.553022153423513], [110.17344487155007, -7.553113229738861], [110.17341024291514, -7.553104520968436], [110.17342419555693, -7.5530546642355], [110.17341182754919, -7.553051924667823], [110.17339787399975, -7.55310178139851], [110.1733563155234, -7.553093306433235], [110.173265542859, -7.55306745183857], [110.17328797658689, -7.552980916293218], [110.17338129186952, -7.553000946301068], [110.17347003940864, -7.553022153423513]]]}}, {"type": "Feature", "properties": {"OBJECTID_1": 14, "kode_bangunan": 17, "rt": 4, "rw": 9, "dusun": "Tegalsari", "fungsi_b": "Rumah Tinggal", "jenis_b": "Permanen", "material_b": "Tembok Bata", "material_atap": "Genteng", "ket_lantai": "Semen Plester", "sanitasi": "Milik Sendiri", "sumber_air": "Sumur", "kelas_layak": "Layak", "nama_kk": "Usman Fanani", "jenis_peke": "Pedagang", "kepemilikan": "Garap Orang", "pendidikan_kk": "Sma", "anak_usia_sekolah": "Tidak", "paud": 0, "sd": 0, "smp": 0, "sma": 0, "putus_sekolah": "Tidak", "jml_putus_sekolah": 0, "arah_hadap": "Barat", "arah_hadap_deg": 270, "centroid_lon": 110.1734509, "centroid_lat": -7.5529379, "jumlah_lan": 1}, "geometry": {"type": "Polygon", "coordinates": [[[110.17341665713083, -7.552984516364136], [110.17343634839067, -7.552884933878022], [110.173437052177, -7.552881372451571], [110.17350988250683, -7.5528915934407514], [110.17348888882434, -7.553000211060898], [110.17341665713083, -7.552984516364136]]]}}, {"type": "Feature", "properties": {"OBJECTID_1": 15, "kode_bangunan": 18, "rt": 4, "rw": 9, "dusun": "Tegalsari", "fungsi_b": "Rumah Tinggal", "jenis_b": "Permanen", "material_b": "Tembok Bata", "material_atap": "Seng Galvalum", "ket_lantai": "Semen Plester", "sanitasi": "Milik Sendiri", "sumber_air": "Sumur", "kelas_layak": "Layak", "nama_kk": "Susi Ahmari", "jenis_peke": "Buruh Bangunan", "kepemilikan": "Garap Orang", "pendidikan_kk": "Sd", "anak_usia_sekolah": "Ya", "paud": 0, "sd": 1, "smp": 0, "sma": 0, "putus_sekolah": "Tidak", "jml_putus_sekolah": 0, "arah_hadap": "Selatan", "arah_hadap_deg": 180, "centroid_lon": 110.1733944, "centroid_lat": -7.5529461, "jumlah_lan": 1}, "geometry": {"type": "Polygon", "coordinates": [[[110.17343634839067, -7.552884933878022], [110.17341665713083, -7.552984516364136], [110.17340057841741, -7.55298078207882], [110.17340033989, -7.552976089170048], [110.17338204027072, -7.552969140671308], [110.17337507707452, -7.552987401666275], [110.17333599262464, -7.552978684458472], [110.17336598420084, -7.552868123863621], [110.17343634839067, -7.552884933878022]]]}}, {"type": "Feature", "properties": {"OBJECTID_1": 16, "kode_bangunan": 19, "rt": 4, "rw": 9, "dusun": "Tegalsari", "fungsi_b": "Rumah Tinggal", "jenis_b": "Permanen", "material_b": "Tembok Bata", "material_atap": "Genteng", "ket_lantai": "Keramik Ubin", "sanitasi": "Milik Sendiri", "sumber_air": "Sumur", "kelas_layak": "Layak", "nama_kk": "Syaikhul Asfa", "jenis_peke": "Karyawan Swasta", "kepemilikan": "Garap Orang", "pendidikan_kk": "Smp", "anak_usia_sekolah": "Ya", "paud": 0, "sd": 1, "smp": 0, "sma": 0, "putus_sekolah": "Tidak", "jml_putus_sekolah": 0, "arah_hadap": "Selatan", "arah_hadap_deg": 180, "centroid_lon": 110.1733236, "centroid_lat": -7.5529061, "jumlah_lan": 1}, "geometry": {"type": "Polygon", "coordinates": [[[110.17336516323316, -7.552865142943218], [110.17336598420084, -7.552868123863621], [110.17333599262464, -7.552978684458472], [110.1732657446963, -7.552961265025345], [110.17326721601886, -7.552956369130857], [110.17329981307729, -7.552847937199415], [110.17336516323316, -7.552865142943218]]]}}, {"type": "Feature", "properties": {"OBJECTID_1": 17, "kode_bangunan": 20, "rt": 4, "rw": 9, "dusun": "Tegalsari", "fungsi_b": "Rumah Tinggal", "jenis_b": "Permanen", "material_b": "Tembok Bata", "material_atap": "Genteng", "ket_lantai": "Keramik Ubin", "sanitasi": "Milik Sendiri", "sumber_air": "Sumur", "kelas_layak": "Layak", "nama_kk": "Umi Nasichah", "jenis_peke": "Karyawan Swasta", "kepemilikan": "Garap Orang", "pendidikan_kk": "Smp", "anak_usia_sekolah": "Tidak", "paud": 0, "sd": 0, "smp": 0, "sma": 0, "putus_sekolah": "Tidak", "jml_putus_sekolah": 0, "arah_hadap": "Selatan", "arah_hadap_deg": 180, "centroid_lon": 110.1732461, "centroid_lat": -7.552902, "jumlah_lan": 1}, "geometry": {"type": "Polygon", "coordinates": [[[110.17329981307729, -7.552847937199415], [110.17326721601886, -7.552956369130857], [110.17323310271425, -7.552948361393174], [110.17322960890831, -7.552963912790046], [110.17319968506783, -7.55295299059553], [110.17320368218145, -7.5529334893704885], [110.17322974736162, -7.5528305153942], [110.17325240742038, -7.552836149797734], [110.17329981307729, -7.552847937199415]]]}}, {"type": "Feature", "properties": {"OBJECTID_1": 18, "kode_bangunan": 21, "rt": 4, "rw": 9, "dusun": "Tegalsari", "fungsi_b": "Rumah Tinggal", "jenis_b": "Permanen", "material_b": "Tembok Bata", "material_atap": "Genteng", "ket_lantai": "Keramik Ubin", "sanitasi": "Milik Sendiri", "sumber_air": "Sumur", "kelas_layak": "Layak", "nama_kk": "Sunaryo", "jenis_peke": "Karyawan Swasta", "kepemilikan": "Garap Orang", "pendidikan_kk": "Smp", "anak_usia_sekolah": "Ya", "paud": 0, "sd": 0, "smp": 0, "sma": 1, "putus_sekolah": "Tidak", "jml_putus_sekolah": 0, "arah_hadap": "Barat", "arah_hadap_deg": 270, "centroid_lon": 110.1733525, "centroid_lat": -7.5528236, "jumlah_lan": 1}, "geometry": {"type": "Polygon", "coordinates": [[[110.17340314305339, -7.552804080817421], [110.17343090149798, -7.552811671307188], [110.17346003060734, -7.552819637035928], [110.17349169081837, -7.552827846335669], [110.17347871718118, -7.552883385078249], [110.17343913218232, -7.5528781247715004], [110.17339237834798, -7.552868652285062], [110.17336516323316, -7.552865142943218], [110.17329981307729, -7.552847937199415], [110.17325240742038, -7.552836149797734], [110.17322974736162, -7.5528305153942], [110.17321651543662, -7.552821645410557], [110.17322241424093, -7.55279209083938], [110.17327520100893, -7.552803482315713], [110.17327970759031, -7.552775832662699], [110.17331705806001, -7.552785040439526], [110.17334204334747, -7.552790027106797], [110.17339819489244, -7.552802727391892], [110.17340314305339, -7.552804080817421]]]}}, {"type": "Feature", "properties": {"OBJECTID_1": 19, "kode_bangunan": 22, "rt": 4, "rw": 9, "dusun": "Tegalsari", "fungsi_b": "Rumah Tinggal", "jenis_b": "Permanen", "material_b": "Tembok Bata", "material_atap": "Genteng", "ket_lantai": "Keramik Ubin", "sanitasi": "Milik Sendiri", "sumber_air": "Sumur", "kelas_layak": "Layak", "nama_kk": "Triyogo", "jenis_peke": "Karyawan Swasta", "kepemilikan": "Garap Orang", "pendidikan_kk": "Sma", "anak_usia_sekolah": "Ya", "paud": 1, "sd": 0, "smp": 1, "sma": 0, "putus_sekolah": "Tidak", "jml_putus_sekolah": 0, "arah_hadap": "Selatan", "arah_hadap_deg": 180, "centroid_lon": 110.1734744, "centroid_lat": -7.552773, "jumlah_lan": 1}, "geometry": {"type": "Polygon", "coordinates": [[[110.17343090149798, -7.552811671307188], [110.17340314305339, -7.552804080817421], [110.17342387607052, -7.552686682892621], [110.17354562223782, -7.552706697013832], [110.17353213776866, -7.552770631108168], [110.17352100934097, -7.552766658366011], [110.1735077803189, -7.552825901389119], [110.17343090149798, -7.552811671307188]]]}}, {"type": "Feature", "properties": {"OBJECTID_1": 20, "kode_bangunan": 23, "rt": 4, "rw": 9, "dusun": "Tegalsari", "fungsi_b": "Rumah Tinggal", "jenis_b": "Permanen", "material_b": "Tembok Bata", "material_atap": "Genteng", "ket_lantai": "Semen Plester", "sanitasi": "Milik Sendiri", "sumber_air": "Sumur", "kelas_layak": "Layak", "nama_kk": "Ifani", "jenis_peke": "Buruh Bangunan", "kepemilikan": "Garap Orang", "pendidikan_kk": "Smp", "anak_usia_sekolah": "Ya", "paud": 1, "sd": 0, "smp": 1, "sma": 0, "putus_sekolah": "Tidak", "jml_putus_sekolah": 0, "arah_hadap": "Selatan", "arah_hadap_deg": 180, "centroid_lon": 110.1733537, "centroid_lat": -7.5527251, "jumlah_lan": 1}, "geometry": {"type": "Polygon", "coordinates": [[[110.17341821194063, -7.552687194060892], [110.17340571817294, -7.552750636176521], [110.17338370031844, -7.5527471366717185], [110.1733787082713, -7.552769353083432], [110.1733022648923, -7.552756366563881], [110.17330527553571, -7.552734641155573], [110.17327806512365, -7.552728662579833], [110.17329273935741, -7.5526649215947295], [110.17341821194063, -7.552687194060892]]]}}, {"type": "Feature", "properties": {"OBJECTID_1": 21, "kode_bangunan": 24, "rt": 4, "rw": 9, "dusun": "Tegalsari", "fungsi_b": "Rumah Kosong", "jenis_b": "Permanen", "material_b": "Tembok Bata", "material_atap": "Seng Galvalum", "ket_lantai": "Keramik Ubin", "sanitasi": "Tidak Ada", "sumber_air": "Sumur", "kelas_layak": "Layak", "nama_kk": "Bambang Sutrisno", "jenis_peke": "Karyawan Swasta", "kepemilikan": "Garap Orang", "pendidikan_kk": "Sma", "anak_usia_sekolah": "Tidak", "paud": 0, "sd": 0, "smp": 0, "sma": 0, "putus_sekolah": "Tidak", "jml_putus_sekolah": 0, "arah_hadap": "Utara", "arah_hadap_deg": 0, "centroid_lon": 110.1732964, "centroid_lat": -7.552616, "jumlah_lan": 1}, "geometry": {"type": "Polygon", "coordinates": [[[110.17340389483283, -7.5525849594922265], [110.17338044288552, -7.552678853804841], [110.17331447416915, -7.5526642563286135], [110.17331477506394, -7.552666178924263], [110.17327083892506, -7.552657348516044], [110.1732331291574, -7.5526497699346065], [110.1732336382661, -7.552645628366566], [110.17323976224708, -7.552595837320444], [110.17324327776193, -7.552594612973082], [110.17324708547892, -7.5525913007277214], [110.17327621547608, -7.552597835576589], [110.17327941184712, -7.552582353260873], [110.17330046768838, -7.552587450979563], [110.17330543107643, -7.552558853387564], [110.17340389483283, -7.5525849594922265]]]}}, {"type": "Feature", "properties": {"OBJECTID_1": 22, "kode_bangunan": 25, "rt": 4, "rw": 9, "dusun": "Tegalsari", "fungsi_b": "Gudang", "jenis_b": "Semi Permanen", "material_b": "Tembok Bata", "material_atap": "Asbes", "ket_lantai": "Tanah", "sanitasi": "Milik Sendiri", "sumber_air": "Sumur", "kelas_layak": "Kurang Layak", "nama_kk": "Slamet Riyadi", "jenis_peke": "Karyawan Swasta", "kepemilikan": "Garap Orang", "pendidikan_kk": "Sma", "anak_usia_sekolah": "Tidak", "paud": 0, "sd": 0, "smp": 0, "sma": 0, "putus_sekolah": "Tidak", "jml_putus_sekolah": 0, "arah_hadap": "Utara", "arah_hadap_deg": 0, "centroid_lon": 110.1732395, "centroid_lat": -7.5526859, "jumlah_lan": 1}, "geometry": {"type": "Polygon", "coordinates": [[[110.17327083892506, -7.552657348516044], [110.1732660144491, -7.552733508603253], [110.1732204038378, -7.552732017612197], [110.17322097952601, -7.552725274877449], [110.17321647368749, -7.552725828937158], [110.17322315928266, -7.552646182879053], [110.1732336382661, -7.552645628366566], [110.1732331291574, -7.5526497699346065], [110.17327083892506, -7.552657348516044]]]}}, {"type": "Feature", "properties": {"OBJECTID_1": 23, "kode_bangunan": 26, "rt": 4, "rw": 9, "dusun": "Tegalsari", "fungsi_b": "Rumah Tinggal", "jenis_b": "Permanen", "material_b": "Tembok Bata", "material_atap": "Genteng", "ket_lantai": "Keramik Ubin", "sanitasi": "Milik Sendiri", "sumber_air": "Sumur", "kelas_layak": "Layak", "nama_kk": "Yuli Astuti", "jenis_peke": "Karyawan Swasta", "kepemilikan": "Garap Orang", "pendidikan_kk": "Sma", "anak_usia_sekolah": "Tidak", "paud": 0, "sd": 0, "smp": 0, "sma": 0, "putus_sekolah": "Tidak", "jml_putus_sekolah": 0, "arah_hadap": "Utara", "arah_hadap_deg": 0, "centroid_lon": 110.1734456, "centroid_lat": -7.5526115, "jumlah_lan": 1}, "geometry": {"type": "Polygon", "coordinates": [[[110.17347432669057, -7.552592371141725], [110.17347219418185, -7.55260083125807], [110.1734691876647, -7.552612758412691], [110.17345108553188, -7.552684576284409], [110.17341217475543, -7.552677489292932], [110.17338624103246, -7.552669348712429], [110.17341262330392, -7.552575957409995], [110.17341921691091, -7.552559006309648], [110.17346751716944, -7.552572218135055], [110.17346223695687, -7.552589155440835], [110.17347432669057, -7.552592371141725]]]}}, {"type": "Feature", "properties": {"OBJECTID_1": 24, "kode_bangunan": 27, "rt": 4, "rw": 9, "dusun": "Tegalsari", "fungsi_b": "Rumah Tinggal", "jenis_b": "Permanen", "material_b": "Tembok Bata", "material_atap": "Genteng", "ket_lantai": "Keramik Ubin", "sanitasi": "Milik Sendiri", "sumber_air": "Sumur", "kelas_layak": "Layak", "nama_kk": "Endang Sulastri", "jenis_peke": "Karyawan Swasta", "kepemilikan": "Garap Orang", "pendidikan_kk": "Sma", "anak_usia_sekolah": "Tidak", "paud": 0, "sd": 0, "smp": 0, "sma": 0, "putus_sekolah": "Tidak", "jml_putus_sekolah": 0, "arah_hadap": "Utara", "arah_hadap_deg": 0, "centroid_lon": 110.173498, "centroid_lat": -7.552659, "jumlah_lan": 1}, "geometry": {"type": "Polygon", "coordinates": [[[110.17345108553188, -7.552684576284409], [110.1734691876647, -7.552612758412691], [110.1735014825901, -7.5526208350477475], [110.17350255298187, -7.552626591393624], [110.17356165143198, -7.552642034197408], [110.17354763513273, -7.552704899092266], [110.17349899764851, -7.5526959955926545], [110.17345108553188, -7.552684576284409]]]}}, {"type": "Feature", "properties": {"OBJECTID_1": 25, "kode_bangunan": 28, "rt": 4, "rw": 9, "dusun": "Tegalsari", "fungsi_b": "Rumah Tinggal", "jenis_b": "Permanen", "material_b": "Tembok Bata", "material_atap": "Genteng", "ket_lantai": "Keramik Ubin", "sanitasi": "Milik Sendiri", "sumber_air": "Sumur", "kelas_layak": "Layak", "nama_kk": "Wawan", "jenis_peke": "Pns Tni Polri", "kepemilikan": "Garap Orang", "pendidikan_kk": "Sma", "anak_usia_sekolah": "Ya", "paud": 0, "sd": 2, "smp": 0, "sma": 1, "putus_sekolah": "Tidak", "jml_putus_sekolah": 0, "arah_hadap": "Selatan", "arah_hadap_deg": 180, "centroid_lon": 110.1736073, "centroid_lat": -7.5526162, "jumlah_lan": 1}, "geometry": {"type": "Polygon", "coordinates": [[[110.17367371874568, -7.552587331433008], [110.17365161167812, -7.552663713902013], [110.17358266268243, -7.552645321043876], [110.17356212551259, -7.552636290723048], [110.17356316479297, -7.552632661190244], [110.17356816958569, -7.552615179767563], [110.17358343488743, -7.552561857720616], [110.17367371874568, -7.552587331433008]]]}}, {"type": "Feature", "properties": {"OBJECTID_1": 26, "kode_bangunan": 29, "rt": 4, "rw": 9, "dusun": "Tegalsari", "fungsi_b": "Rumah Tinggal", "jenis_b": "Permanen", "material_b": "Tembok Bata", "material_atap": "Genteng", "ket_lantai": "Keramik Ubin", "sanitasi": "Milik Sendiri", "sumber_air": "Sumur", "kelas_layak": "Layak", "nama_kk": "Mbah Dar", "jenis_peke": "Buruh Bangunan", "kepemilikan": "Garap Orang", "pendidikan_kk": "Sd", "anak_usia_sekolah": "Tidak", "paud": 0, "sd": 0, "smp": 0, "sma": 0, "putus_sekolah": "Tidak", "jml_putus_sekolah": 0, "arah_hadap": "Barat", "arah_hadap_deg": 270, "centroid_lon": 110.1735223, "centroid_lat": -7.5525705, "jumlah_lan": 1}, "geometry": {"type": "Polygon", "coordinates": [[[110.17349397365905, -7.552524663448058], [110.17357406922135, -7.552540806249878], [110.1735829031912, -7.552542586704916], [110.17358866487399, -7.552545114781636], [110.17358343488743, -7.552561857720616], [110.17356816958569, -7.552615179767563], [110.17356316479297, -7.552632661190244], [110.17351373666835, -7.5526210382259125], [110.17351537733862, -7.5526109708169775], [110.17347219418185, -7.55260083125807], [110.17347432669057, -7.552592371141725], [110.17347868559752, -7.552574217371902], [110.17348022962989, -7.552567783992784], [110.17348467992822, -7.552549234232216], [110.17348963912528, -7.552523789656391], [110.17349397365905, -7.552524663448058]]]}}, {"type": "Feature", "properties": {"OBJECTID_1": 27, "kode_bangunan": 30, "rt": 4, "rw": 9, "dusun": "Tegalsari", "fungsi_b": "Rumah Tinggal", "jenis_b": "Permanen", "material_b": "Tembok Bata", "material_atap": "Genteng", "ket_lantai": "Keramik Ubin", "sanitasi": "Milik Sendiri", "sumber_air": "Sumur", "kelas_layak": "Layak", "nama_kk": "Yanto", "jenis_peke": "Karyawan Swasta", "kepemilikan": "Garap Orang", "pendidikan_kk": "Sma", "anak_usia_sekolah": "Ya", "paud": 0, "sd": 0, "smp": 0, "sma": 1, "putus_sekolah": "Tidak", "jml_putus_sekolah": 0, "arah_hadap": "Barat", "arah_hadap_deg": 270, "centroid_lon": 110.1736335, "centroid_lat": -7.552543, "jumlah_lan": 1}, "geometry": {"type": "Polygon", "coordinates": [[[110.17367371874568, -7.552587331433008], [110.17358343488743, -7.552561857720616], [110.17358866487399, -7.552545114781636], [110.1735829031912, -7.552542586704916], [110.17357406922135, -7.552540806249878], [110.17359069203324, -7.552488100914395], [110.1736069666889, -7.552491742399966], [110.17367612976159, -7.552510035259267], [110.17371862635939, -7.552526119570183], [110.17369903985214, -7.552592077217445], [110.17367371874568, -7.552587331433008]]]}}, {"type": "Feature", "properties": {"OBJECTID_1": 28, "kode_bangunan": 31, "rt": 4, "rw": 9, "dusun": "Tegalsari", "fungsi_b": "Rumah Tinggal", "jenis_b": "Permanen", "material_b": "Tembok Bata", "material_atap": "Genteng", "ket_lantai": "Semen Plester", "sanitasi": "Milik Sendiri", "sumber_air": "Sumur", "kelas_layak": "Layak", "nama_kk": "Fuadi", "jenis_peke": "Karyawan Swasta", "kepemilikan": "Garap Orang", "pendidikan_kk": "Sma", "anak_usia_sekolah": "Ya", "paud": 0, "sd": 1, "smp": 0, "sma": 0, "putus_sekolah": "Tidak", "jml_putus_sekolah": 0, "arah_hadap": "Utara", "arah_hadap_deg": 0, "centroid_lon": 110.1734791, "centroid_lat": -7.5525195, "jumlah_lan": 1}, "geometry": {"type": "Polygon", "coordinates": [[[110.17349397365905, -7.552524663448058], [110.17348963912528, -7.552523789656391], [110.17348467992822, -7.552549234232216], [110.17348022962989, -7.552567783992784], [110.17342595554865, -7.55255302143472], [110.1734556333701, -7.552448226311149], [110.17350839139426, -7.552464234182312], [110.17349397365905, -7.552524663448058]]]}}, {"type": "Feature", "properties": {"OBJECTID_1": 29, "kode_bangunan": 32, "rt": 4, "rw": 9, "dusun": "Tegalsari", "fungsi_b": "Rumah Tinggal", "jenis_b": "Permanen", "material_b": "Tembok Bata", "material_atap": "Genteng", "ket_lantai": "Keramik Ubin", "sanitasi": "Milik Sendiri", "sumber_air": "Sumur", "kelas_layak": "Layak", "nama_kk": "Slamet Fuadi", "jenis_peke": "Pedagang", "kepemilikan": "Garap Orang", "pendidikan_kk": "Sma", "anak_usia_sekolah": "Ya", "paud": 0, "sd": 1, "smp": 0, "sma": 0, "putus_sekolah": "Tidak", "jml_putus_sekolah": 0, "arah_hadap": "Barat Laut", "arah_hadap_deg": 315, "centroid_lon": 110.1733373, "centroid_lat": -7.5525329, "jumlah_lan": 1}, "geometry": {"type": "Polygon", "coordinates": [[[110.17333190270008, -7.552510020706431], [110.17341708023599, -7.5525300696661795], [110.17341957261472, -7.5525306559650245], [110.17340389483283, -7.5525849594922265], [110.17330543107643, -7.552558853387564], [110.17323624042275, -7.55254744895996], [110.17325215476727, -7.552491250996841], [110.17333190270008, -7.552510020706431]]]}}, {"type": "Feature", "properties": {"OBJECTID_1": 30, "kode_bangunan": 33, "rt": 4, "rw": 9, "dusun": "Tegalsari", "fungsi_b": "Rumah Tinggal", "jenis_b": "Permanen", "material_b": "Tembok Bata", "material_atap": "Genteng", "ket_lantai": "Keramik Ubin", "sanitasi": "Milik Sendiri", "sumber_air": "Sumur", "kelas_layak": "Layak", "nama_kk": "Nur Hadi", "jenis_peke": "Pensiunan", "kepemilikan": "Garap Orang", "pendidikan_kk": "Diploma Sarjana", "anak_usia_sekolah": "Tidak", "paud": 0, "sd": 0, "smp": 0, "sma": 0, "putus_sekolah": "Tidak", "jml_putus_sekolah": 0, "arah_hadap": "Barat", "arah_hadap_deg": 270, "centroid_lon": 110.1733513, "centroid_lat": -7.5524751, "jumlah_lan": 1}, "geometry": {"type": "Polygon", "coordinates": [[[110.17341708023599, -7.5525300696661795], [110.17333190270008, -7.552510020706431], [110.17333686500554, -7.5524920064663075], [110.17329887127775, -7.552482662708347], [110.17330314686197, -7.552455416016393], [110.17329639574731, -7.552451750937598], [110.17330313701743, -7.552419581289069], [110.17337780197448, -7.55243448465421], [110.1734307163962, -7.552444980911176], [110.17341708023599, -7.5525300696661795]]]}}, {"type": "Feature", "properties": {"OBJECTID_1": 31, "kode_bangunan": 34, "rt": 4, "rw": 9, "dusun": "Tegalsari", "fungsi_b": "Rumah Tinggal", "jenis_b": "Permanen", "material_b": "Tembok Bata", "material_atap": "Genteng", "ket_lantai": "Keramik Ubin", "sanitasi": "Milik Sendiri", "sumber_air": "Sumur", "kelas_layak": "Layak", "nama_kk": "Shaiful Rohman", "jenis_peke": "Karyawan Swasta", "kepemilikan": "Garap Orang", "pendidikan_kk": "Sma", "anak_usia_sekolah": "Ya", "paud": 0, "sd": 1, "smp": 0, "sma": 0, "putus_sekolah": "Tidak", "jml_putus_sekolah": 0, "arah_hadap": "Selatan", "arah_hadap_deg": 180, "centroid_lon": 110.1735517, "centroid_lat": -7.5523975, "jumlah_lan": 1}, "geometry": {"type": "Polygon", "coordinates": [[[110.17359727190856, -7.55236578113482], [110.17357744818777, -7.552425871850531], [110.17357040968474, -7.552425577240119], [110.17355512275468, -7.552468817879161], [110.1734968769536, -7.552448758400198], [110.17352321155298, -7.552370417592606], [110.17352012775933, -7.5523633875432905], [110.17352737638537, -7.552343252995106], [110.17359727190856, -7.55236578113482]]]}}, {"type": "Feature", "properties": {"OBJECTID_1": 32, "kode_bangunan": 35, "rt": 4, "rw": 9, "dusun": "Tegalsari", "fungsi_b": "Gudang", "jenis_b": "Permanen", "material_b": "Tembok Bata", "material_atap": "Genteng", "ket_lantai": "Semen Plester", "sanitasi": "Tidak Ada", "sumber_air": "Sumur", "kelas_layak": "Layak", "nama_kk": "'-", "jenis_peke": "Tidak Bekerja", "kepemilikan": "Garap Orang", "pendidikan_kk": "Tidak Sekolah", "anak_usia_sekolah": "Tidak", "paud": 0, "sd": 0, "smp": 0, "sma": 0, "putus_sekolah": "Tidak", "jml_putus_sekolah": 0, "arah_hadap": "Selatan", "arah_hadap_deg": 180, "centroid_lon": 110.1734616, "centroid_lat": -7.5523808, "jumlah_lan": 1}, "geometry": {"type": "Polygon", "coordinates": [[[110.17344998065343, -7.552362119691973], [110.17345147012591, -7.552356732696393], [110.17345654566827, -7.552356396787677], [110.17346018875043, -7.552339553163502], [110.17350889536908, -7.55234735061138], [110.17349295427545, -7.552438636145179], [110.17346396297746, -7.5524335243256315], [110.17343750558119, -7.552428135100257], [110.17344415419437, -7.552383188546885], [110.17344998065343, -7.552362119691973]]]}}, {"type": "Feature", "properties": {"OBJECTID_1": 33, "kode_bangunan": 36, "rt": 4, "rw": 9, "dusun": "Tegalsari", "fungsi_b": "Rumah Tinggal", "jenis_b": "Permanen", "material_b": "Tembok Bata", "material_atap": "Beton", "ket_lantai": "Keramik Ubin", "sanitasi": "Milik Sendiri", "sumber_air": "Sumur", "kelas_layak": "Layak", "nama_kk": "Ahmad Khairodin", "jenis_peke": "Karyawan Swasta", "kepemilikan": "Garap Orang", "pendidikan_kk": "Sma", "anak_usia_sekolah": "Ya", "paud": 0, "sd": 1, "smp": 0, "sma": 0, "putus_sekolah": "Tidak", "jml_putus_sekolah": 0, "arah_hadap": "Barat", "arah_hadap_deg": 270, "centroid_lon": 110.173387, "centroid_lat": -7.5523542, "jumlah_lan": 1}, "geometry": {"type": "Polygon", "coordinates": [[[110.17346018875043, -7.552339553163502], [110.17345654566827, -7.552356396787677], [110.17345147012591, -7.552356732696393], [110.17344998065343, -7.552362119691973], [110.17343425842888, -7.5523587288837986], [110.17341665236462, -7.552437087105764], [110.17337302920357, -7.552427170113721], [110.17333474771883, -7.552420916432993], [110.17329195826527, -7.552416340173631], [110.17329881777951, -7.552362968764773], [110.17327207850283, -7.552357578996582], [110.17327917147324, -7.552329214269081], [110.17328311497144, -7.552328378754295], [110.17329357987315, -7.5522751380827655], [110.17343801918315, -7.5523061945852845], [110.17345096313483, -7.552310152673913], [110.17344643754797, -7.552321101921712], [110.1734619179068, -7.552323940537083], [110.17346018875043, -7.552339553163502]]]}}, {"type": "Feature", "properties": {"OBJECTID_1": 34, "kode_bangunan": 37, "rt": 4, "rw": 9, "dusun": "Tegalsari", "fungsi_b": "Lainnya - Kandang", "jenis_b": "Semi Permanen", "material_b": "Bambu Gedek", "material_atap": "Genteng", "ket_lantai": "Tanah", "sanitasi": "Tidak Ada", "sumber_air": "Sumur", "kelas_layak": "Kurang Layak", "nama_kk": "Kandang", "jenis_peke": "Tidak Bekerja", "kepemilikan": "Garap Orang", "pendidikan_kk": "Tidak Sekolah", "anak_usia_sekolah": "Tidak", "paud": 0, "sd": 0, "smp": 0, "sma": 0, "putus_sekolah": "Tidak", "jml_putus_sekolah": 0, "arah_hadap": "Barat", "arah_hadap_deg": 270, "centroid_lon": 110.1735157, "centroid_lat": -7.5522436, "jumlah_lan": 1}, "geometry": {"type": "Polygon", "coordinates": [[[110.17353646070251, -7.552214221265042], [110.17352709097241, -7.5522549450690635], [110.17354397398985, -7.552260876953459], [110.1735309666718, -7.552289793085945], [110.17351379893613, -7.552285827008253], [110.17347693239928, -7.552276204105656], [110.17349197214146, -7.552214699681317], [110.17349787438827, -7.552220049107081], [110.1735018559654, -7.5522053732638135], [110.17353646070251, -7.552214221265042]]]}}, {"type": "Feature", "properties": {"OBJECTID_1": 35, "kode_bangunan": 38, "rt": 4, "rw": 9, "dusun": "Tegalsari", "fungsi_b": "Rumah Tinggal", "jenis_b": "Permanen", "material_b": "Tembok Bata", "material_atap": "Genteng", "ket_lantai": "Keramik Ubin", "sanitasi": "Milik Sendiri", "sumber_air": "Sumur", "kelas_layak": "Layak", "nama_kk": "Mbah Matro", "jenis_peke": "Pedagang", "kepemilikan": "Garap Orang", "pendidikan_kk": "Sd", "anak_usia_sekolah": "Ya", "paud": 1, "sd": 0, "smp": 0, "sma": 0, "putus_sekolah": "Tidak", "jml_putus_sekolah": 0, "arah_hadap": "Barat", "arah_hadap_deg": 270, "centroid_lon": 110.173428, "centroid_lat": -7.5522297, "jumlah_lan": 1}, "geometry": {"type": "Polygon", "coordinates": [[[110.17347594082463, -7.552205116199964], [110.17347194821185, -7.552231800842332], [110.17346462995907, -7.552230382333402], [110.17344900652168, -7.552302843462845], [110.1733330465073, -7.552278741160099], [110.17334755116521, -7.552202625617432], [110.17341453545549, -7.552217925073118], [110.17341913897477, -7.55219315185557], [110.17347594082463, -7.552205116199964]]]}}, {"type": "Feature", "properties": {"OBJECTID_1": 36, "kode_bangunan": 39, "rt": 4, "rw": 9, "dusun": "Tegalsari", "fungsi_b": "Rumah Tinggal", "jenis_b": "Permanen", "material_b": "Tembok Bata", "material_atap": "Genteng", "ket_lantai": "Keramik Ubin", "sanitasi": "Milik Sendiri", "sumber_air": "Sumur", "kelas_layak": "Layak", "nama_kk": "Musafah", "jenis_peke": "Buruh Bangunan", "kepemilikan": "Garap Orang", "pendidikan_kk": "Smp", "anak_usia_sekolah": "Ya", "paud": 0, "sd": 1, "smp": 0, "sma": 0, "putus_sekolah": "Tidak", "jml_putus_sekolah": 0, "arah_hadap": "Selatan", "arah_hadap_deg": 180, "centroid_lon": 110.1735122, "centroid_lat": -7.5521098, "jumlah_lan": 1}, "geometry": {"type": "Polygon", "coordinates": [[[110.17346978925809, -7.552182626350033], [110.17349987086433, -7.552058494135866], [110.17350634435819, -7.552059911045672], [110.17351870900971, -7.552031485735909], [110.17357900077276, -7.552053304678569], [110.17354183744705, -7.552199902618161], [110.17346978925809, -7.552182626350033]]]}}, {"type": "Feature", "properties": {"OBJECTID_1": 37, "kode_bangunan": 40, "rt": 4, "rw": 9, "dusun": "Tegalsari", "fungsi_b": "Rumah Tinggal", "jenis_b": "Permanen", "material_b": "Tembok Bata", "material_atap": "Genteng", "ket_lantai": "Keramik Ubin", "sanitasi": "Milik Sendiri", "sumber_air": "Sumur", "kelas_layak": "Layak", "nama_kk": "Darsin", "jenis_peke": "Pedagang", "kepemilikan": "Garap Orang", "pendidikan_kk": "Sd", "anak_usia_sekolah": "Ya", "paud": 1, "sd": 1, "smp": 0, "sma": 0, "putus_sekolah": "Tidak", "jml_putus_sekolah": 0, "arah_hadap": "Barat", "arah_hadap_deg": 270, "centroid_lon": 110.1733997, "centroid_lat": -7.5521085, "jumlah_lan": 1}, "geometry": {"type": "Polygon", "coordinates": [[[110.17349987086433, -7.552058494135866], [110.17346978925809, -7.552182626350033], [110.17334397926136, -7.552156257776165], [110.17334511444807, -7.552151764644141], [110.17331837251204, -7.552147780441507], [110.1733317151207, -7.552090768092751], [110.17335938178938, -7.552096547633806], [110.17337946585543, -7.552100743546947], [110.17341586941784, -7.552108347678513], [110.17343336339331, -7.55204222146952], [110.17349987086433, -7.552058494135866]]]}}, {"type": "Feature", "properties": {"OBJECTID_1": 38, "kode_bangunan": 41, "rt": 4, "rw": 9, "dusun": "Tegalsari", "fungsi_b": "Rumah Tinggal", "jenis_b": "Permanen", "material_b": "Tembok Bata", "material_atap": "Genteng", "ket_lantai": "Keramik Ubin", "sanitasi": "Milik Sendiri", "sumber_air": "Sumur", "kelas_layak": "Layak", "nama_kk": "Agus", "jenis_peke": "Karyawan Swasta", "kepemilikan": "Garap Orang", "pendidikan_kk": "Smp", "anak_usia_sekolah": "Ya", "paud": 0, "sd": 2, "smp": 1, "sma": 0, "putus_sekolah": "Tidak", "jml_putus_sekolah": 0, "arah_hadap": "Utara", "arah_hadap_deg": 0, "centroid_lon": 110.1733384, "centroid_lat": -7.552061, "jumlah_lan": 1}, "geometry": {"type": "Polygon", "coordinates": [[[110.17337946585543, -7.552100743546947], [110.17335938178938, -7.552096547633806], [110.17332039944466, -7.552083269318605], [110.17327375676969, -7.552067338126271], [110.17328340055526, -7.552030268054631], [110.17326595628624, -7.552023491216686], [110.17327696161095, -7.551993026447209], [110.17331160954024, -7.552002504970409], [110.17342389522139, -7.552033624533452], [110.17340490023729, -7.552102145686059], [110.1733810350362, -7.552097769862884], [110.17337946585543, -7.552100743546947]]]}}, {"type": "Feature", "properties": {"OBJECTID_1": 39, "kode_bangunan": 42, "rt": 4, "rw": 9, "dusun": "Tegalsari", "fungsi_b": "Gudang", "jenis_b": "Semi Permanen", "material_b": "Tembok Bata", "material_atap": "Genteng", "ket_lantai": "Tanah", "sanitasi": "Tidak Ada", "sumber_air": "Sumur", "kelas_layak": "Kurang Layak", "nama_kk": "Gudang", "jenis_peke": "Tidak Bekerja", "kepemilikan": "Garap Orang", "pendidikan_kk": "Tidak Sekolah", "anak_usia_sekolah": "Tidak", "paud": 0, "sd": 0, "smp": 0, "sma": 0, "putus_sekolah": "Tidak", "jml_putus_sekolah": 0, "arah_hadap": "Barat", "arah_hadap_deg": 270, "centroid_lon": 110.1734639, "centroid_lat": -7.5519893, "jumlah_lan": 1}, "geometry": {"type": "Polygon", "coordinates": [[[110.1734302680904, -7.552026939800031], [110.17345789852766, -7.5519301436613375], [110.17346176830155, -7.55191658735649], [110.17354064812237, -7.551936628887738], [110.17349847231476, -7.552053714915238], [110.17342811740068, -7.5520344755005775], [110.1734302680904, -7.552026939800031]]]}}, {"type": "Feature", "properties": {"OBJECTID_1": 40, "kode_bangunan": 43, "rt": 4, "rw": 9, "dusun": "Tegalsari", "fungsi_b": "Rumah Tinggal", "jenis_b": "Permanen", "material_b": "Tembok Bata", "material_atap": "Genteng", "ket_lantai": "Semen Plester", "sanitasi": "Milik Sendiri", "sumber_air": "Sumur", "kelas_layak": "Layak", "nama_kk": "Suwito", "jenis_peke": "Petani Kebun", "kepemilikan": "Milik Sendiri", "pendidikan_kk": "Sma", "anak_usia_sekolah": "Ya", "paud": 0, "sd": 1, "smp": 0, "sma": 0, "putus_sekolah": "Tidak", "jml_putus_sekolah": 0, "arah_hadap": "Barat", "arah_hadap_deg": 270, "centroid_lon": 110.1733971, "centroid_lat": -7.5519642, "jumlah_lan": 1}, "geometry": {"type": "Polygon", "coordinates": [[[110.17345789852766, -7.5519301436613375], [110.1734302680904, -7.552026939800031], [110.17336481487243, -7.552008225205865], [110.17331894807802, -7.551993247003246], [110.17335253387476, -7.55189675338667], [110.17345789852766, -7.5519301436613375]]]}}, {"type": "Feature", "properties": {"OBJECTID_1": 41, "kode_bangunan": 44, "rt": 4, "rw": 9, "dusun": "Tegalsari", "fungsi_b": "Gudang", "jenis_b": "Semi Permanen", "material_b": "Tembok Bata", "material_atap": "Genteng", "ket_lantai": "Tanah", "sanitasi": "Tidak Ada", "sumber_air": "Sumur", "kelas_layak": "Kurang Layak", "nama_kk": "gudang", "jenis_peke": "Tidak Bekerja", "kepemilikan": "Garap Orang", "pendidikan_kk": "Tidak Sekolah", "anak_usia_sekolah": "Tidak", "paud": 0, "sd": 0, "smp": 0, "sma": 0, "putus_sekolah": "Tidak", "jml_putus_sekolah": 0, "arah_hadap": "Barat", "arah_hadap_deg": 270, "centroid_lon": 110.1734401, "centroid_lat": -7.5518612, "jumlah_lan": 1}, "geometry": {"type": "Polygon", "coordinates": [[[110.17347262621546, -7.551874967312698], [110.17345761905264, -7.551919332752072], [110.17340892596414, -7.551909687470442], [110.17341010813215, -7.55188046857622], [110.1734138364751, -7.551844510674646], [110.17342091484791, -7.551824294401781], [110.17342482525758, -7.551807001754934], [110.17347949599714, -7.551815695068898], [110.17347262621546, -7.551874967312698]]]}}, {"type": "Feature", "properties": {"OBJECTID_1": 42, "kode_bangunan": 45, "rt": 5, "rw": 9, "dusun": "Tegalsari", "fungsi_b": "Rumah Tinggal", "jenis_b": "Permanen", "material_b": "Tembok Bata", "material_atap": "Genteng", "ket_lantai": "Keramik Ubin", "sanitasi": "Milik Sendiri", "sumber_air": "Sumur", "kelas_layak": "Layak", "nama_kk": "Eko Setyono", "jenis_peke": "Buruh Bangunan", "kepemilikan": "Garap Orang", "pendidikan_kk": "Sma", "anak_usia_sekolah": "Ya", "paud": 0, "sd": 0, "smp": 0, "sma": 1, "putus_sekolah": "Tidak", "jml_putus_sekolah": 0, "arah_hadap": "Timur", "arah_hadap_deg": 90, "centroid_lon": 110.1730067, "centroid_lat": -7.5533252, "jumlah_lan": 1}, "geometry": {"type": "Polygon", "coordinates": [[[110.17306080204834, -7.553299841060198], [110.17305621820765, -7.553341416884038], [110.17304495803542, -7.553339989998495], [110.17303251335449, -7.553369468856862], [110.17294948030896, -7.5533541389368235], [110.17294663582722, -7.553369024955423], [110.17290413459035, -7.553361077282669], [110.17292386974076, -7.5532627973739945], [110.17304675599934, -7.553282956715706], [110.17304729322667, -7.55329644447626], [110.17306080204834, -7.553299841060198]]]}}, {"type": "Feature", "properties": {"OBJECTID_1": 43, "kode_bangunan": 46, "rt": 5, "rw": 9, "dusun": "Tegalsari", "fungsi_b": "Rumah Tinggal", "jenis_b": "Permanen", "material_b": "Tembok Bata", "material_atap": "Genteng", "ket_lantai": "Keramik Ubin", "sanitasi": "Milik Sendiri", "sumber_air": "Sumur", "kelas_layak": "Layak", "nama_kk": "Dedi Kurniawan", "jenis_peke": "Karyawan Swasta", "kepemilikan": "Garap Orang", "pendidikan_kk": "Sd", "anak_usia_sekolah": "Ya", "paud": 0, "sd": 1, "smp": 0, "sma": 0, "putus_sekolah": "Tidak", "jml_putus_sekolah": 0, "arah_hadap": "Timur", "arah_hadap_deg": 90, "centroid_lon": 110.1730328, "centroid_lat": -7.5532243, "jumlah_lan": 1}, "geometry": {"type": "Polygon", "coordinates": [[[110.17310350680775, -7.553200739036192], [110.17309296676778, -7.553265342571751], [110.17299388476667, -7.553249701887906], [110.17299615905925, -7.553238185796495], [110.17296635489704, -7.553233913568951], [110.17297346031519, -7.553181386520863], [110.17310350680775, -7.553200739036192]]]}}, {"type": "Feature", "properties": {"OBJECTID_1": 44, "kode_bangunan": 47, "rt": 5, "rw": 9, "dusun": "Tegalsari", "fungsi_b": "Rumah Tinggal", "jenis_b": "Permanen", "material_b": "Tembok Bata", "material_atap": "Genteng", "ket_lantai": "Keramik Ubin", "sanitasi": "Milik Sendiri", "sumber_air": "Sumur", "kelas_layak": "Layak", "nama_kk": "Catur Binas Sulistiono", "jenis_peke": "Petani Kebun", "kepemilikan": "Garap Orang", "pendidikan_kk": "Sma", "anak_usia_sekolah": "Ya", "paud": 1, "sd": 1, "smp": 1, "sma": 1, "putus_sekolah": "Tidak", "jml_putus_sekolah": 0, "arah_hadap": "Timur", "arah_hadap_deg": 90, "centroid_lon": 110.1728147, "centroid_lat": -7.5533053, "jumlah_lan": 1}, "geometry": {"type": "Polygon", "coordinates": [[[110.17289640871984, -7.553270861296972], [110.17288418645757, -7.553338280911076], [110.17288024562093, -7.55333771176443], [110.17287311573273, -7.553385463093736], [110.17280443894265, -7.553372127583263], [110.17280842787397, -7.553347409292404], [110.17278337950265, -7.553341743205921], [110.17278286061693, -7.5533181397453975], [110.17278827357995, -7.553285276570992], [110.17275590427609, -7.553279595713535], [110.17274961395147, -7.553329597173857], [110.17271245851715, -7.553323625953727], [110.17271932667839, -7.553265759302325], [110.17272545009766, -7.553212490534727], [110.17289647893588, -7.553241087665325], [110.17289213034614, -7.55326952722335], [110.17289640871984, -7.553270861296972]]]}}, {"type": "Feature", "properties": {"OBJECTID_1": 45, "kode_bangunan": 48, "rt": 5, "rw": 9, "dusun": "Tegalsari", "fungsi_b": "Rumah Tinggal", "jenis_b": "Permanen", "material_b": "Tembok Bata", "material_atap": "Genteng", "ket_lantai": "Keramik Ubin", "sanitasi": "Milik Sendiri", "sumber_air": "Sumur", "kelas_layak": "Layak", "nama_kk": "Kadim", "jenis_peke": "Tidak Bekerja", "kepemilikan": "Garap Orang", "pendidikan_kk": "Smp", "anak_usia_sekolah": "Tidak", "paud": 0, "sd": 0, "smp": 0, "sma": 0, "putus_sekolah": "Tidak", "jml_putus_sekolah": 0, "arah_hadap": "Utara", "arah_hadap_deg": 0, "centroid_lon": 110.1725981, "centroid_lat": -7.5532955, "jumlah_lan": 1}, "geometry": {"type": "Polygon", "coordinates": [[[110.17252548078191, -7.553333106199245], [110.17255424765017, -7.553217992009167], [110.1725604478652, -7.553218224448832], [110.17256376904365, -7.553203380038733], [110.17262958905255, -7.553222318869483], [110.17262104563088, -7.553273159036528], [110.17264327446061, -7.553281068334859], [110.17263505905642, -7.553307183278958], [110.17265054141609, -7.553309460246149], [110.17264034231253, -7.553342033961804], [110.17261950811755, -7.553341432811895], [110.17261385852406, -7.553350974351825], [110.17259838027701, -7.553347011435194], [110.17259076729248, -7.553352336174829], [110.17252548078191, -7.553333106199245]]]}}, {"type": "Feature", "properties": {"OBJECTID_1": 46, "kode_bangunan": 49, "rt": 5, "rw": 9, "dusun": "Tegalsari", "fungsi_b": "Rumah Tinggal", "jenis_b": "Permanen", "material_b": "Tembok Bata", "material_atap": "Genteng", "ket_lantai": "Keramik Ubin", "sanitasi": "Milik Sendiri", "sumber_air": "Sumur", "kelas_layak": "Layak", "nama_kk": "Suprayogi", "jenis_peke": "Buruh Tani", "kepemilikan": "Garap Orang", "pendidikan_kk": "Sma", "anak_usia_sekolah": "Ya", "paud": 0, "sd": 0, "smp": 1, "sma": 0, "putus_sekolah": "Tidak", "jml_putus_sekolah": 0, "arah_hadap": "Utara", "arah_hadap_deg": 0, "centroid_lon": 110.1724965, "centroid_lat": -7.5532415, "jumlah_lan": 1}, "geometry": {"type": "Polygon", "coordinates": [[[110.17256376904365, -7.553203380038733], [110.1725604478652, -7.553218224448832], [110.17255424765017, -7.553217992009167], [110.17252548078191, -7.553333106199245], [110.1724624356018, -7.553319218717935], [110.17243542422624, -7.553309614393196], [110.17243625774431, -7.553305996232759], [110.17245160647651, -7.553239402023396], [110.17246156432991, -7.553185474828564], [110.17247057547988, -7.553184648923504], [110.17247300533106, -7.553177606702414], [110.17256376904365, -7.553203380038733]]]}}, {"type": "Feature", "properties": {"OBJECTID_1": 47, "kode_bangunan": 50, "rt": 5, "rw": 9, "dusun": "Tegalsari", "fungsi_b": "Rumah Tinggal", "jenis_b": "Permanen", "material_b": "Tembok Bata", "material_atap": "Genteng", "ket_lantai": "Keramik Ubin", "sanitasi": "Milik Sendiri", "sumber_air": "Sumur", "kelas_layak": "Layak", "nama_kk": "Riyanto & Rohmat Nur Yuli", "jenis_peke": "Buruh Bangunan", "kepemilikan": "Garap Orang", "pendidikan_kk": "Sma", "anak_usia_sekolah": "Ya", "paud": 1, "sd": 0, "smp": 0, "sma": 0, "putus_sekolah": "Tidak", "jml_putus_sekolah": 0, "arah_hadap": "Utara", "arah_hadap_deg": 0, "centroid_lon": 110.1724025, "centroid_lat": -7.5532286, "jumlah_lan": 1}, "geometry": {"type": "Polygon", "coordinates": [[[110.17247300533106, -7.553177606702414], [110.17247057547988, -7.553184648923504], [110.17246156432991, -7.553185474828564], [110.17245160647651, -7.553239402023396], [110.17243625774431, -7.553305996232759], [110.17241967661387, -7.553302882338674], [110.17241700673601, -7.553309358802803], [110.17240933147289, -7.553308828704706], [110.17234798596691, -7.553294374604074], [110.17234986282956, -7.553291189859186], [110.17233691795857, -7.55328723082982], [110.17233918103766, -7.55328161647191], [110.17232765539423, -7.553272041485338], [110.17234359677914, -7.55318075512287], [110.1723672439176, -7.553183048475406], [110.17236867239887, -7.553172092470017], [110.17235600995112, -7.5531678544915835], [110.17236310941493, -7.55313611788863], [110.17247117293607, -7.553166948424471], [110.17246858829616, -7.553175788463917], [110.17247300533106, -7.553177606702414]]]}}, {"type": "Feature", "properties": {"OBJECTID_1": 48, "kode_bangunan": 51, "rt": 5, "rw": 9, "dusun": "Tegalsari", "fungsi_b": "Gudang", "jenis_b": "Semi Permanen", "material_b": "Bambu Gedek", "material_atap": "Genteng", "ket_lantai": "Tanah", "sanitasi": "Tidak Ada", "sumber_air": "Sumur", "kelas_layak": "Kurang Layak", "nama_kk": "Iwan Setiawan", "jenis_peke": "Karyawan Swasta", "kepemilikan": "Garap Orang", "pendidikan_kk": "Sma", "anak_usia_sekolah": "Tidak", "paud": 0, "sd": 0, "smp": 0, "sma": 0, "putus_sekolah": "Tidak", "jml_putus_sekolah": 0, "arah_hadap": "Timur", "arah_hadap_deg": 90, "centroid_lon": 110.1727381, "centroid_lat": -7.5531665, "jumlah_lan": 1}, "geometry": {"type": "Polygon", "coordinates": [[[110.17275731893982, -7.553151520015461], [110.17274966539574, -7.553196281034704], [110.17270895405102, -7.553188471503011], [110.17271699358768, -7.553144735090467], [110.17275731893982, -7.553151520015461]]]}}, {"type": "Feature", "properties": {"OBJECTID_1": 49, "kode_bangunan": 52, "rt": 5, "rw": 9, "dusun": "Tegalsari", "fungsi_b": "Rumah Tinggal", "jenis_b": "Permanen", "material_b": "Tembok Bata", "material_atap": "Genteng", "ket_lantai": "Keramik Ubin", "sanitasi": "Milik Sendiri", "sumber_air": "Sumur", "kelas_layak": "Layak", "nama_kk": "Tribowo Setiyanto", "jenis_peke": "Karyawan Swasta", "kepemilikan": "Garap Orang", "pendidikan_kk": "Sma", "anak_usia_sekolah": "Tidak", "paud": 0, "sd": 0, "smp": 0, "sma": 0, "putus_sekolah": "Tidak", "jml_putus_sekolah": 0, "arah_hadap": "Timur", "arah_hadap_deg": 90, "centroid_lon": 110.1728479, "centroid_lat": -7.5531135, "jumlah_lan": 1}, "geometry": {"type": "MultiPolygon", "coordinates": [[[[110.1728944611118, -7.553117737716274], [110.17287917515513, -7.553160415734128], [110.17285750171509, -7.553156441095359], [110.1728523998727, -7.5531744143606065], [110.17281158833731, -7.553165907292546], [110.17281556069804, -7.553149900043422], [110.17278488626474, -7.553141412170922], [110.1728067392492, -7.553050980858472], [110.17281797989884, -7.552998327782085], [110.17291239370579, -7.553015497280501], [110.1728944611118, -7.553117737716274]]], [[[110.17281365088296, -7.552999317228357], [110.17280727477863, -7.553035809173982], [110.17279934873241, -7.553034176043756], [110.17278696593287, -7.553102125377843], [110.17273760818993, -7.553093040434359], [110.17275824270472, -7.5529898888848885], [110.17281365088296, -7.552999317228357]]]]}}, {"type": "Feature", "properties": {"OBJECTID_1": 50, "kode_bangunan": 54, "rt": 5, "rw": 9, "dusun": "Tegalsari", "fungsi_b": "Rumah Tinggal", "jenis_b": "Permanen", "material_b": "Tembok Bata", "material_atap": "Genteng", "ket_lantai": "Semen Plester", "sanitasi": "Milik Sendiri", "sumber_air": "Sumur", "kelas_layak": "Layak", "nama_kk": "Juri", "jenis_peke": "Pedagang", "kepemilikan": "Garap Orang", "pendidikan_kk": "Sd", "anak_usia_sekolah": "Tidak", "paud": 0, "sd": 0, "smp": 0, "sma": 0, "putus_sekolah": "Tidak", "jml_putus_sekolah": 0, "arah_hadap": "Selatan", "arah_hadap_deg": 180, "centroid_lon": 110.1726069, "centroid_lat": -7.5531266, "jumlah_lan": 1}, "geometry": {"type": "Polygon", "coordinates": [[[110.17264850057379, -7.553079601990122], [110.17262270827693, -7.553188181510749], [110.17262034358292, -7.5531981380997415], [110.17254463687324, -7.553180012662335], [110.17254720001345, -7.553164844820459], [110.17257290516245, -7.553051103257997], [110.17265043033754, -7.553071477059019], [110.17264850057379, -7.553079601990122]]]}}, {"type": "Feature", "properties": {"OBJECTID_1": 51, "kode_bangunan": 55, "rt": 5, "rw": 9, "dusun": "Tegalsari", "fungsi_b": "Rumah Tinggal", "jenis_b": "Permanen", "material_b": "Tembok Bata", "material_atap": "Genteng", "ket_lantai": "Semen Plester", "sanitasi": "Milik Sendiri", "sumber_air": "Sumur", "kelas_layak": "Layak", "nama_kk": "Juri", "jenis_peke": "Pedagang", "kepemilikan": "Garap Orang", "pendidikan_kk": "Sd", "anak_usia_sekolah": "Tidak", "paud": 0, "sd": 0, "smp": 0, "sma": 0, "putus_sekolah": "Tidak", "jml_putus_sekolah": 0, "arah_hadap": "Selatan", "arah_hadap_deg": 180, "centroid_lon": 110.1726525, "centroid_lat": -7.5531491, "jumlah_lan": 1}, "geometry": {"type": "Polygon", "coordinates": [[[110.17262270827693, -7.553188181510749], [110.17264850057379, -7.553079601990122], [110.17269259170187, -7.553092258719619], [110.17267609560923, -7.5531974007283535], [110.17262270827693, -7.553188181510749]]]}}, {"type": "Feature", "properties": {"OBJECTID_1": 52, "kode_bangunan": 56, "rt": 5, "rw": 9, "dusun": "Tegalsari", "fungsi_b": "Rumah Tinggal", "jenis_b": "Permanen", "material_b": "Tembok Bata", "material_atap": "Genteng", "ket_lantai": "Keramik Ubin", "sanitasi": "Milik Sendiri", "sumber_air": "Sumur", "kelas_layak": "Layak", "nama_kk": "Andy Wijayanto", "jenis_peke": "Pedagang", "kepemilikan": "Garap Orang", "pendidikan_kk": "Sma", "anak_usia_sekolah": "Ya", "paud": 0, "sd": 1, "smp": 0, "sma": 0, "putus_sekolah": "Tidak", "jml_putus_sekolah": 0, "arah_hadap": "Selatan", "arah_hadap_deg": 180, "centroid_lon": 110.1725258, "centroid_lat": -7.5531174, "jumlah_lan": 1}, "geometry": {"type": "Polygon", "coordinates": [[[110.17255427786941, -7.5530796631922685], [110.17255890365847, -7.55308085592326], [110.172534209705, -7.553184769481682], [110.1724832748149, -7.553169500286371], [110.17248603866071, -7.55315889141815], [110.17250967968815, -7.5530681614176665], [110.17255427786941, -7.5530796631922685]]]}}, {"type": "Feature", "properties": {"OBJECTID_1": 53, "kode_bangunan": 57, "rt": 5, "rw": 9, "dusun": "Tegalsari", "fungsi_b": "Rumah Tinggal", "jenis_b": "Permanen", "material_b": "Tembok Bata", "material_atap": "Genteng", "ket_lantai": "Keramik Ubin", "sanitasi": "Milik Sendiri", "sumber_air": "Sumur", "kelas_layak": "Layak", "nama_kk": "Andy Wijayanto", "jenis_peke": "Pedagang", "kepemilikan": "Garap Orang", "pendidikan_kk": "Sma", "anak_usia_sekolah": "Ya", "paud": 0, "sd": 1, "smp": 0, "sma": 0, "putus_sekolah": "Tidak", "jml_putus_sekolah": 0, "arah_hadap": "Selatan", "arah_hadap_deg": 180, "centroid_lon": 110.1724701, "centroid_lat": -7.5530983, "jumlah_lan": 1}, "geometry": {"type": "Polygon", "coordinates": [[[110.17248073258774, -7.553060292750176], [110.17250967968815, -7.5530681614176665], [110.17248603866071, -7.55315889141815], [110.17243713658463, -7.553149463600595], [110.17243964636134, -7.55313709593701], [110.17245656787814, -7.553053724743039], [110.17248073258774, -7.553060292750176]]]}}, {"type": "Feature", "properties": {"OBJECTID_1": 54, "kode_bangunan": 58, "rt": 5, "rw": 9, "dusun": "Tegalsari", "fungsi_b": "Rumah Tinggal", "jenis_b": "Permanen", "material_b": "Tembok Bata", "material_atap": "Genteng", "ket_lantai": "Keramik Ubin", "sanitasi": "Milik Sendiri", "sumber_air": "Sumur", "kelas_layak": "Layak", "nama_kk": "Edhy Purwoko", "jenis_peke": "Karyawan Swasta", "kepemilikan": "Garap Orang", "pendidikan_kk": "Smp", "anak_usia_sekolah": "Ya", "paud": 0, "sd": 1, "smp": 0, "sma": 0, "putus_sekolah": "Tidak", "jml_putus_sekolah": 0, "arah_hadap": "Selatan", "arah_hadap_deg": 180, "centroid_lon": 110.1724294, "centroid_lat": -7.5530757, "jumlah_lan": 1}, "geometry": {"type": "Polygon", "coordinates": [[[110.17245656787814, -7.553053724743039], [110.17243964636134, -7.55313709593701], [110.1723746760604, -7.553124620314161], [110.17239406351375, -7.553036684349728], [110.17245506661195, -7.553048628756588], [110.17245656787814, -7.553053724743039]]]}}, {"type": "Feature", "properties": {"OBJECTID_1": 55, "kode_bangunan": 60, "rt": 5, "rw": 9, "dusun": "Tegalsari", "fungsi_b": "Rumah Tinggal", "jenis_b": "Permanen", "material_b": "Tembok Bata", "material_atap": "Genteng", "ket_lantai": "Keramik Ubin", "sanitasi": "Milik Sendiri", "sumber_air": "Sumur", "kelas_layak": "Layak", "nama_kk": "Arifin", "jenis_peke": "Buruh Tani", "kepemilikan": "Milik Sendiri", "pendidikan_kk": "Smp", "anak_usia_sekolah": "Tidak", "paud": 0, "sd": 0, "smp": 0, "sma": 0, "putus_sekolah": "Tidak", "jml_putus_sekolah": 0, "arah_hadap": "Timur", "arah_hadap_deg": 90, "centroid_lon": 110.1730259, "centroid_lat": -7.5530256, "jumlah_lan": 1}, "geometry": {"type": "MultiPolygon", "coordinates": [[[[110.1731104235621, -7.553010488736888], [110.17310908140621, -7.553053283611051], [110.17302404601593, -7.5530423339487065], [110.1729982861583, -7.55303760990456], [110.1729827972037, -7.553033084393741], [110.1729851494609, -7.553028233583724], [110.17295308099091, -7.553024037568493], [110.17295965221388, -7.55299074785803], [110.1731104235621, -7.553010488736888]]], [[[110.17310667881796, -7.5528948561776685], [110.17309848647362, -7.552938897123968], [110.1730849750143, -7.552936893440889], [110.17308134316305, -7.552951632349084], [110.17308854396019, -7.5529552422051465], [110.17308252942671, -7.552990835785947], [110.17299912675266, -7.5529744930665315], [110.17299641944417, -7.552976826028726], [110.17295228466767, -7.552969010039543], [110.17297090461805, -7.552870885392412], [110.17310667881796, -7.5528948561776685]]]]}}, {"type": "Feature", "properties": {"OBJECTID_1": 56, "kode_bangunan": 61, "rt": 5, "rw": 9, "dusun": "Tegalsari", "fungsi_b": "Rumah Kosong", "jenis_b": "Permanen", "material_b": "Tembok Bata", "material_atap": "Genteng", "ket_lantai": "Semen Plester", "sanitasi": "Tidak Ada", "sumber_air": "Sumur", "kelas_layak": "Layak", "nama_kk": "Rudi Hartono", "jenis_peke": "Karyawan Swasta", "kepemilikan": "Garap Orang", "pendidikan_kk": "Sma", "anak_usia_sekolah": "Tidak", "paud": 0, "sd": 0, "smp": 0, "sma": 0, "putus_sekolah": "Tidak", "jml_putus_sekolah": 0, "arah_hadap": "Timur", "arah_hadap_deg": 90, "centroid_lon": 110.1730321, "centroid_lat": -7.5528132, "jumlah_lan": 1}, "geometry": {"type": "Polygon", "coordinates": [[[110.17299828616041, -7.552753490139697], [110.17303323078245, -7.552760929643396], [110.17313176196758, -7.552781615374159], [110.17311339307525, -7.552870233488743], [110.17309249566446, -7.552867136775874], [110.17308778380884, -7.552890237392598], [110.17300254796857, -7.552873656039842], [110.17300824440254, -7.55284995852095], [110.17297492763939, -7.552842530237092], [110.17298466427083, -7.552809569419163], [110.17299557086181, -7.552759549556217], [110.17299647137885, -7.552759780999814], [110.17299828616041, -7.552753490139697]]]}}, {"type": "Feature", "properties": {"OBJECTID_1": 57, "kode_bangunan": 62, "rt": 5, "rw": 9, "dusun": "Tegalsari", "fungsi_b": "Rumah Tinggal", "jenis_b": "Permanen", "material_b": "Tembok Bata", "material_atap": "Genteng", "ket_lantai": "Keramik Ubin", "sanitasi": "Milik Sendiri", "sumber_air": "Sumur", "kelas_layak": "Layak", "nama_kk": "Suripno", "jenis_peke": "Buruh Bangunan", "kepemilikan": "Garap Orang", "pendidikan_kk": "Sma", "anak_usia_sekolah": "Ya", "paud": 1, "sd": 0, "smp": 0, "sma": 0, "putus_sekolah": "Tidak", "jml_putus_sekolah": 0, "arah_hadap": "Timur", "arah_hadap_deg": 90, "centroid_lon": 110.1728513, "centroid_lat": -7.5529379, "jumlah_lan": 1}, "geometry": {"type": "Polygon", "coordinates": [[[110.17291509360928, -7.552928400698365], [110.17290822799164, -7.552985425288395], [110.17277226613402, -7.552967185791649], [110.17278493790643, -7.5529074243828385], [110.17281235542286, -7.552910785808745], [110.17291509360928, -7.552928400698365]]]}}, {"type": "Feature", "properties": {"OBJECTID_1": 58, "kode_bangunan": 63, "rt": 5, "rw": 9, "dusun": "Tegalsari", "fungsi_b": "Rumah Tinggal", "jenis_b": "Permanen", "material_b": "Tembok Bata", "material_atap": "Genteng", "ket_lantai": "Keramik Ubin", "sanitasi": "Milik Sendiri", "sumber_air": "Sumur", "kelas_layak": "Layak", "nama_kk": "Jawawi", "jenis_peke": "Pedagang", "kepemilikan": "Garap Orang", "pendidikan_kk": "Sd", "anak_usia_sekolah": "Tidak", "paud": 0, "sd": 0, "smp": 0, "sma": 0, "putus_sekolah": "Tidak", "jml_putus_sekolah": 0, "arah_hadap": "Timur", "arah_hadap_deg": 90, "centroid_lon": 110.173053, "centroid_lat": -7.5527237, "jumlah_lan": 1}, "geometry": {"type": "Polygon", "coordinates": [[[110.17300863108805, -7.5526928216405675], [110.17313469269682, -7.552720876757162], [110.17314242732213, -7.552722598157824], [110.17313247207724, -7.552775682406308], [110.17301791996498, -7.552751863968149], [110.17298386652169, -7.552743370619169], [110.17299516231459, -7.552689824009725], [110.17300863108805, -7.5526928216405675]]]}}, {"type": "Feature", "properties": {"OBJECTID_1": 59, "kode_bangunan": 64, "rt": 5, "rw": 9, "dusun": "Tegalsari", "fungsi_b": "Rumah Tinggal", "jenis_b": "Permanen", "material_b": "Tembok Bata", "material_atap": "Genteng", "ket_lantai": "Keramik Ubin", "sanitasi": "Milik Sendiri", "sumber_air": "Sumur", "kelas_layak": "Layak", "nama_kk": "Riyanto", "jenis_peke": "Karyawan Swasta", "kepemilikan": "Garap Orang", "pendidikan_kk": "Smp", "anak_usia_sekolah": "Tidak", "paud": 0, "sd": 0, "smp": 0, "sma": 0, "putus_sekolah": "Tidak", "jml_putus_sekolah": 0, "arah_hadap": "Timur", "arah_hadap_deg": 90, "centroid_lon": 110.1730892, "centroid_lat": -7.5526858, "jumlah_lan": 1}, "geometry": {"type": "MultiPolygon", "coordinates": [[[[110.1731433061826, -7.552681296611161], [110.17313469269682, -7.552720876757162], [110.17300863108805, -7.5526928216405675], [110.17301614265904, -7.552652632503986], [110.1731433061826, -7.552681296611161]]], [[[110.17317843367692, -7.55259253112739], [110.17317290261182, -7.552678963895688], [110.17314367559209, -7.552676262054283], [110.17308314854897, -7.5526651788114], [110.17309461836567, -7.552603521124789], [110.17309829105314, -7.552581602508212], [110.17310430431176, -7.552545720393357], [110.17316723539267, -7.5525585565476065], [110.17316420677305, -7.552587828925674], [110.17317843367692, -7.55259253112739]]]]}}, {"type": "Feature", "properties": {"OBJECTID_1": 60, "kode_bangunan": 66, "rt": 5, "rw": 9, "dusun": "Tegalsari", "fungsi_b": "Rumah Tinggal", "jenis_b": "Permanen", "material_b": "Tembok Bata", "material_atap": "Genteng", "ket_lantai": "Keramik Ubin", "sanitasi": "Milik Sendiri", "sumber_air": "Sumur", "kelas_layak": "Layak", "nama_kk": "Sobari", "jenis_peke": "Buruh Bangunan", "kepemilikan": "Garap Orang", "pendidikan_kk": "Sma", "anak_usia_sekolah": "Ya", "paud": 0, "sd": 1, "smp": 1, "sma": 0, "putus_sekolah": "Tidak", "jml_putus_sekolah": 0, "arah_hadap": "Utara", "arah_hadap_deg": 0, "centroid_lon": 110.1730548, "centroid_lat": -7.5525804, "jumlah_lan": 1}, "geometry": {"type": "Polygon", "coordinates": [[[110.17310430431176, -7.552545720393357], [110.17309829105314, -7.552581602508212], [110.1730797268155, -7.5526642732777765], [110.17300911621449, -7.552648854743581], [110.17301076053704, -7.552637349216985], [110.1729911341877, -7.552628859666797], [110.17301942063536, -7.55253702409442], [110.17303887686676, -7.552540118080702], [110.17304611736795, -7.552521409897438], [110.17310123929788, -7.552533582762519], [110.17310430431176, -7.552545720393357]]]}}, {"type": "Feature", "properties": {"OBJECTID_1": 61, "kode_bangunan": 67, "rt": 5, "rw": 9, "dusun": "Tegalsari", "fungsi_b": "Rumah Tinggal", "jenis_b": "Permanen", "material_b": "Tembok Bata", "material_atap": "Genteng", "ket_lantai": "Keramik Ubin", "sanitasi": "Milik Sendiri", "sumber_air": "Sumur", "kelas_layak": "Layak", "nama_kk": "Mad Syahidan", "jenis_peke": "Karyawan Swasta", "kepemilikan": "Garap Orang", "pendidikan_kk": "Sma", "anak_usia_sekolah": "Ya", "paud": 1, "sd": 1, "smp": 0, "sma": 0, "putus_sekolah": "Tidak", "jml_putus_sekolah": 0, "arah_hadap": "Timur", "arah_hadap_deg": 90, "centroid_lon": 110.1728758, "centroid_lat": -7.5527426, "jumlah_lan": 1}, "geometry": {"type": "Polygon", "coordinates": [[[110.17293744056856, -7.552725932927117], [110.1729272014698, -7.552789571040818], [110.17278293603212, -7.552769980814383], [110.17279392512866, -7.552701372184618], [110.17293744056856, -7.552725932927117]]]}}, {"type": "Feature", "properties": {"OBJECTID_1": 62, "kode_bangunan": 68, "rt": 5, "rw": 9, "dusun": "Tegalsari", "fungsi_b": "Rumah Tinggal", "jenis_b": "Permanen", "material_b": "Tembok Bata", "material_atap": "Genteng", "ket_lantai": "Keramik Ubin", "sanitasi": "Milik Sendiri", "sumber_air": "Sumur", "kelas_layak": "Layak", "nama_kk": "Amin", "jenis_peke": "Pedagang", "kepemilikan": "Garap Orang", "pendidikan_kk": "Sd", "anak_usia_sekolah": "Tidak", "paud": 0, "sd": 0, "smp": 0, "sma": 0, "putus_sekolah": "Tidak", "jml_putus_sekolah": 0, "arah_hadap": "Timur", "arah_hadap_deg": 90, "centroid_lon": 110.1729112, "centroid_lat": -7.5526234, "jumlah_lan": 1}, "geometry": {"type": "Polygon", "coordinates": [[[110.17300183223057, -7.552643711630849], [110.17298795365312, -7.552690353051215], [110.1729472494079, -7.55267930732004], [110.17294127624297, -7.552693141833483], [110.17284066929433, -7.552680161943417], [110.17284862201748, -7.552643931663494], [110.1728054140862, -7.552633007806471], [110.17281531024167, -7.552589565243768], [110.17281143700949, -7.5525887203579956], [110.17283011504844, -7.5524900802716495], [110.17293828176004, -7.552515205396903], [110.17292359706084, -7.552602541589218], [110.17298929974196, -7.552623087402087], [110.17298524082189, -7.552635048738739], [110.17300183223057, -7.552643711630849]]]}}, {"type": "Feature", "properties": {"OBJECTID_1": 63, "kode_bangunan": 70, "rt": 5, "rw": 9, "dusun": "Tegalsari", "fungsi_b": "Rumah Tinggal", "jenis_b": "Permanen", "material_b": "Tembok Bata", "material_atap": "Genteng", "ket_lantai": "Keramik Ubin", "sanitasi": "Milik Sendiri", "sumber_air": "Sumur", "kelas_layak": "Layak", "nama_kk": "Rumini", "jenis_peke": "Buruh Tani", "kepemilikan": "Garap Orang", "pendidikan_kk": "Sd", "anak_usia_sekolah": "Ya", "paud": 0, "sd": 2, "smp": 0, "sma": 1, "putus_sekolah": "Tidak", "jml_putus_sekolah": 0, "arah_hadap": "Timur", "arah_hadap_deg": 90, "centroid_lon": 110.1724538, "centroid_lat": -7.5530198, "jumlah_lan": 1}, "geometry": {"type": "Polygon", "coordinates": [[[110.17255427786941, -7.5530796631922685], [110.17250967968815, -7.5530681614176665], [110.17248073258774, -7.553060292750176], [110.17248512035327, -7.553052721497963], [110.17240411665023, -7.553027952527848], [110.17240861851192, -7.553019010296901], [110.17236411146571, -7.55300677785915], [110.17231867284612, -7.552979199103217], [110.17230223883838, -7.552968797163458], [110.17232793411674, -7.552902659429416], [110.17254485712658, -7.552974192608988], [110.17253131050103, -7.5530221199066165], [110.17256684516309, -7.5530352940828065], [110.17255427786941, -7.5530796631922685]]]}}, {"type": "Feature", "properties": {"OBJECTID_1": 64, "kode_bangunan": 72, "rt": 5, "rw": 9, "dusun": "Tegalsari", "fungsi_b": "Rumah Tinggal", "jenis_b": "Permanen", "material_b": "Tembok Bata", "material_atap": "Genteng", "ket_lantai": "Keramik Ubin", "sanitasi": "Milik Sendiri", "sumber_air": "Sumur", "kelas_layak": "Layak", "nama_kk": "Nur Rochman", "jenis_peke": "Buruh Bangunan", "kepemilikan": "Garap Orang", "pendidikan_kk": "Smp", "anak_usia_sekolah": "Ya", "paud": 0, "sd": 0, "smp": 0, "sma": 1, "putus_sekolah": "Tidak", "jml_putus_sekolah": 0, "arah_hadap": "Selatan", "arah_hadap_deg": 180, "centroid_lon": 110.1726885, "centroid_lat": -7.5528295, "jumlah_lan": 1}, "geometry": {"type": "Polygon", "coordinates": [[[110.17273431248786, -7.552762335392462], [110.17273279322609, -7.552794340351638], [110.17274444513465, -7.552800909970168], [110.17271908217847, -7.552912526663946], [110.17270305346443, -7.552907767669587], [110.17266370570856, -7.55289787226853], [110.17265835486131, -7.552920951769178], [110.17259236832126, -7.552904764972769], [110.1726280930053, -7.552768483677846], [110.17267076364257, -7.552775017985263], [110.17268030250249, -7.5527464498745465], [110.17273431248786, -7.552762335392462]]]}}, {"type": "Feature", "properties": {"OBJECTID_1": 66, "kode_bangunan": 74, "rt": 5, "rw": 9, "dusun": "Tegalsari", "fungsi_b": "Rumah Tinggal", "jenis_b": "Permanen", "material_b": "Tembok Bata", "material_atap": "Genteng", "ket_lantai": "Keramik Ubin", "sanitasi": "Milik Sendiri", "sumber_air": "Sumur", "kelas_layak": "Layak", "nama_kk": "Ngatimah", "jenis_peke": "Buruh Bangunan", "kepemilikan": "Garap Orang", "pendidikan_kk": "Smp", "anak_usia_sekolah": "Tidak", "paud": 0, "sd": 0, "smp": 0, "sma": 0, "putus_sekolah": "Tidak", "jml_putus_sekolah": 0, "arah_hadap": "Timur", "arah_hadap_deg": 90, "centroid_lon": 110.1724333, "centroid_lat": -7.552882, "jumlah_lan": 1}, "geometry": {"type": "Polygon", "coordinates": [[[110.17245411795977, -7.552860272957663], [110.17252382661759, -7.552882405658606], [110.17250200698744, -7.552947658929979], [110.17235862066397, -7.552905718649224], [110.1723595055452, -7.552903211290923], [110.17238133140803, -7.552841360704299], [110.17243275933734, -7.552854723287349], [110.17245411795977, -7.552860272957663]]]}}, {"type": "Feature", "properties": {"OBJECTID_1": 67, "kode_bangunan": 76, "rt": 5, "rw": 9, "dusun": "Tegalsari", "fungsi_b": "Rumah Tinggal", "jenis_b": "Permanen", "material_b": "Tembok Bata", "material_atap": "Genteng", "ket_lantai": "Keramik Ubin", "sanitasi": "Milik Sendiri", "sumber_air": "Sumur", "kelas_layak": "Layak", "nama_kk": "Muhammad Jiwari", "jenis_peke": "Buruh Bangunan", "kepemilikan": "Garap Orang", "pendidikan_kk": "Sd", "anak_usia_sekolah": "Tidak", "paud": 0, "sd": 0, "smp": 0, "sma": 0, "putus_sekolah": "Tidak", "jml_putus_sekolah": 0, "arah_hadap": "Timur", "arah_hadap_deg": 90, "centroid_lon": 110.1725219, "centroid_lat": -7.5527681, "jumlah_lan": 1}, "geometry": {"type": "Polygon", "coordinates": [[[110.17259704475981, -7.552818818122627], [110.17248611981228, -7.552792279402199], [110.17248960796984, -7.552774945267705], [110.17248998481159, -7.552768390290845], [110.17244172554084, -7.552752701962246], [110.17246075273245, -7.5526864068657185], [110.17261322486351, -7.552732076314183], [110.17259704475981, -7.552818818122627]]]}}, {"type": "Feature", "properties": {"OBJECTID_1": 68, "kode_bangunan": 77, "rt": 5, "rw": 9, "dusun": "Tegalsari", "fungsi_b": "Rumah Tinggal", "jenis_b": "Permanen", "material_b": "Tembok Bata", "material_atap": "Genteng", "ket_lantai": "Keramik Ubin", "sanitasi": "Milik Sendiri", "sumber_air": "Sumur", "kelas_layak": "Layak", "nama_kk": "Istohri", "jenis_peke": "Pedagang", "kepemilikan": "Garap Orang", "pendidikan_kk": "Smp", "anak_usia_sekolah": "Tidak", "paud": 0, "sd": 0, "smp": 0, "sma": 0, "putus_sekolah": "Tidak", "jml_putus_sekolah": 0, "arah_hadap": "Utara", "arah_hadap_deg": 0, "centroid_lon": 110.1730743, "centroid_lat": -7.5524507, "jumlah_lan": 1}, "geometry": {"type": "Polygon", "coordinates": [[[110.17307826121923, -7.552410127099319], [110.17317270004801, -7.552433626148032], [110.17314993297262, -7.552521970024901], [110.17304974304027, -7.552497046375208], [110.17298999603167, -7.552480929342929], [110.17300614921143, -7.552420216665502], [110.17306918702917, -7.5524312485904845], [110.17307826121923, -7.552410127099319]]]}}, {"type": "Feature", "properties": {"OBJECTID_1": 70, "kode_bangunan": 79, "rt": 5, "rw": 9, "dusun": "Tegalsari", "fungsi_b": "Rumah Tinggal", "jenis_b": "Permanen", "material_b": "Tembok Bata", "material_atap": "Genteng", "ket_lantai": "Keramik Ubin", "sanitasi": "Milik Sendiri", "sumber_air": "Sumur", "kelas_layak": "Layak", "nama_kk": "Istiqomah", "jenis_peke": "Tidak Bekerja", "kepemilikan": "Garap Orang", "pendidikan_kk": "Sd", "anak_usia_sekolah": "Tidak", "paud": 0, "sd": 0, "smp": 0, "sma": 0, "putus_sekolah": "Tidak", "jml_putus_sekolah": 0, "arah_hadap": "Timur", "arah_hadap_deg": 90, "centroid_lon": 110.1730872, "centroid_lat": -7.5522137, "jumlah_lan": 1}, "geometry": {"type": "Polygon", "coordinates": [[[110.17319794853422, -7.552189975492982], [110.17318269560886, -7.552352170153346], [110.17304020777291, -7.5523358965111065], [110.17305063747334, -7.552260184809587], [110.17298645513769, -7.552249983746427], [110.17300319066698, -7.552158995510832], [110.17301209814737, -7.552103986349869], [110.17310208797191, -7.55211670368852], [110.17309865773277, -7.552178922904316], [110.17319794853422, -7.552189975492982]]]}}, {"type": "Feature", "properties": {"OBJECTID_1": 71, "kode_bangunan": 80, "rt": 5, "rw": 9, "dusun": "Tegalsari", "fungsi_b": "Rumah Tinggal", "jenis_b": "Permanen", "material_b": "Tembok Bata", "material_atap": "Genteng", "ket_lantai": "Keramik Ubin", "sanitasi": "Milik Sendiri", "sumber_air": "Sumur", "kelas_layak": "Layak", "nama_kk": "Achmad Rokhimun", "jenis_peke": "Karyawan Swasta", "kepemilikan": "Garap Orang", "pendidikan_kk": "Sd", "anak_usia_sekolah": "Tidak", "paud": 0, "sd": 0, "smp": 0, "sma": 0, "putus_sekolah": "Tidak", "jml_putus_sekolah": 0, "arah_hadap": "Timur", "arah_hadap_deg": 90, "centroid_lon": 110.1729196, "centroid_lat": -7.5522569, "jumlah_lan": 1}, "geometry": {"type": "Polygon", "coordinates": [[[110.17297577571277, -7.552222960192303], [110.17297035278355, -7.552252979660574], [110.17296265568925, -7.5522524992793185], [110.17295490371288, -7.552280884459608], [110.17291245229116, -7.552277777685041], [110.17290775522633, -7.552294529763079], [110.17286064657688, -7.552287223696405], [110.17286535384392, -7.552265583813171], [110.17286116825667, -7.5522583590193095], [110.17286889281337, -7.552210552734027], [110.17297577571277, -7.552222960192303]]]}}, {"type": "Feature", "properties": {"OBJECTID_1": 72, "kode_bangunan": 81, "rt": 5, "rw": 9, "dusun": "Tegalsari", "fungsi_b": "Rumah Tinggal", "jenis_b": "Permanen", "material_b": "Tembok Bata", "material_atap": "Genteng", "ket_lantai": "Keramik Ubin", "sanitasi": "Milik Sendiri", "sumber_air": "Sumur", "kelas_layak": "Layak", "nama_kk": "Muh Tarom", "jenis_peke": "Pedagang", "kepemilikan": "Garap Orang", "pendidikan_kk": "Smp", "anak_usia_sekolah": "Ya", "paud": 0, "sd": 0, "smp": 0, "sma": 1, "putus_sekolah": "Tidak", "jml_putus_sekolah": 0, "arah_hadap": "Timur", "arah_hadap_deg": 90, "centroid_lon": 110.1729479, "centroid_lat": -7.5521853, "jumlah_lan": 1}, "geometry": {"type": "Polygon", "coordinates": [[[110.17299383547336, -7.552171548302707], [110.17298581161107, -7.552220418601489], [110.17288039499948, -7.552206716893655], [110.17288573990288, -7.552156242399961], [110.17299383547336, -7.552171548302707]]]}}, {"type": "Feature", "properties": {"OBJECTID_1": 73, "kode_bangunan": 82, "rt": 5, "rw": 9, "dusun": "Tegalsari", "fungsi_b": "Rumah Tinggal", "jenis_b": "Permanen", "material_b": "Tembok Bata", "material_atap": "Genteng", "ket_lantai": "Keramik Ubin", "sanitasi": "Milik Sendiri", "sumber_air": "Sumur", "kelas_layak": "Layak", "nama_kk": "Muh Jamal", "jenis_peke": "Pedagang", "kepemilikan": "Garap Orang", "pendidikan_kk": "Smp", "anak_usia_sekolah": "Ya", "paud": 1, "sd": 0, "smp": 0, "sma": 0, "putus_sekolah": "Tidak", "jml_putus_sekolah": 0, "arah_hadap": "Timur", "arah_hadap_deg": 90, "centroid_lon": 110.1729406, "centroid_lat": -7.5521096, "jumlah_lan": 1}, "geometry": {"type": "Polygon", "coordinates": [[[110.17300450791087, -7.552084487610726], [110.17299688397797, -7.552168052820905], [110.17288509153354, -7.552151155265351], [110.17289339380116, -7.552103644934176], [110.17289876898242, -7.552103505871768], [110.17290070715038, -7.552071887012326], [110.17300450791087, -7.552084487610726]]]}}, {"type": "Feature", "properties": {"OBJECTID_1": 74, "kode_bangunan": 84, "rt": 5, "rw": 9, "dusun": "Tegalsari", "fungsi_b": "Rumah Tinggal", "jenis_b": "Permanen", "material_b": "Tembok Bata", "material_atap": "Genteng", "ket_lantai": "Keramik Ubin", "sanitasi": "Milik Sendiri", "sumber_air": "Sumur", "kelas_layak": "Layak", "nama_kk": "Daimah", "jenis_peke": "Buruh Tani", "kepemilikan": "Milik Sendiri", "pendidikan_kk": "Smp", "anak_usia_sekolah": "Tidak", "paud": 0, "sd": 0, "smp": 0, "sma": 0, "putus_sekolah": "Tidak", "jml_putus_sekolah": 0, "arah_hadap": "Selatan", "arah_hadap_deg": 180, "centroid_lon": 110.1726788, "centroid_lat": -7.5523571, "jumlah_lan": 1}, "geometry": {"type": "Polygon", "coordinates": [[[110.17272923791026, -7.552325617976077], [110.17271115506902, -7.552388668691178], [110.17267035778762, -7.552375090209806], [110.1726616784049, -7.552400214774534], [110.17261271544668, -7.55238661991759], [110.17263752839645, -7.552297775252614], [110.17272923791026, -7.552325617976077]]]}}, {"type": "Feature", "properties": {"OBJECTID_1": 75, "kode_bangunan": 85, "rt": 4, "rw": 9, "dusun": "Tegalsari", "fungsi_b": "Rumah Tinggal", "jenis_b": "Permanen", "material_b": "Tembok Bata", "material_atap": "Genteng", "ket_lantai": "Keramik Ubin", "sanitasi": "Milik Sendiri", "sumber_air": "Sumur", "kelas_layak": "Layak", "nama_kk": "Mubarokan", "jenis_peke": "Buruh Tani", "kepemilikan": "Milik Sendiri", "pendidikan_kk": "Sd", "anak_usia_sekolah": "Tidak", "paud": 0, "sd": 0, "smp": 0, "sma": 0, "putus_sekolah": "Tidak", "jml_putus_sekolah": 0, "arah_hadap": "Selatan", "arah_hadap_deg": 180, "centroid_lon": 110.1725894, "centroid_lat": -7.5522616, "jumlah_lan": 1}, "geometry": {"type": "Polygon", "coordinates": [[[110.172688888305, -7.552199138280702], [110.17267289536903, -7.552267081682024], [110.17263698649691, -7.552258633638581], [110.1725874979241, -7.552398910201659], [110.17250380147492, -7.552372213230863], [110.17254271743285, -7.552271723843481], [110.17250683637259, -7.552255328152345], [110.17251502293266, -7.55223721873032], [110.17255063416036, -7.552156741997004], [110.172688888305, -7.552199138280702]]]}}, {"type": "Feature", "properties": {"OBJECTID_1": 76, "kode_bangunan": 86, "rt": 4, "rw": 9, "dusun": "Tegalsari", "fungsi_b": "Rumah Tinggal", "jenis_b": "Permanen", "material_b": "Tembok Bata", "material_atap": "Genteng", "ket_lantai": "Keramik Ubin", "sanitasi": "Milik Sendiri", "sumber_air": "Sumur", "kelas_layak": "Layak", "nama_kk": "Nur", "jenis_peke": "Karyawan Swasta", "kepemilikan": "Garap Orang", "pendidikan_kk": "Sma", "anak_usia_sekolah": "Ya", "paud": 0, "sd": 0, "smp": 0, "sma": 1, "putus_sekolah": "Tidak", "jml_putus_sekolah": 0, "arah_hadap": "Barat", "arah_hadap_deg": 270, "centroid_lon": 110.1733722, "centroid_lat": -7.55154, "jumlah_lan": 1}, "geometry": {"type": "Polygon", "coordinates": [[[110.17346246180996, -7.551481931231108], [110.1734014452151, -7.551618857620912], [110.17340059775015, -7.551620759049592], [110.17331901442739, -7.551586777919336], [110.17332451723635, -7.551568601893388], [110.17330143724563, -7.551557897078614], [110.17332331014869, -7.551513152090476], [110.17334428362001, -7.551524365759782], [110.1733819759743, -7.551446133275772], [110.17346246180996, -7.551481931231108]]]}}, {"type": "Feature", "properties": {"OBJECTID_1": 77, "kode_bangunan": 87, "rt": 4, "rw": 9, "dusun": "Tegalsari", "fungsi_b": "Rumah Tinggal", "jenis_b": "Permanen", "material_b": "Tembok Bata", "material_atap": "Genteng", "ket_lantai": "Keramik Ubin", "sanitasi": "Milik Sendiri", "sumber_air": "Sumur", "kelas_layak": "Layak", "nama_kk": "Noorfitrianti", "jenis_peke": "Karyawan Swasta", "kepemilikan": "Garap Orang", "pendidikan_kk": "Sma", "anak_usia_sekolah": "Ya", "paud": 0, "sd": 0, "smp": 0, "sma": 2, "putus_sekolah": "Tidak", "jml_putus_sekolah": 0, "arah_hadap": "Utara", "arah_hadap_deg": 0, "centroid_lon": 110.1734767, "centroid_lat": -7.5515502, "jumlah_lan": 1}, "geometry": {"type": "Polygon", "coordinates": [[[110.1734014452151, -7.551618857620912], [110.17346246180996, -7.551481931231108], [110.1734817544657, -7.551487612609493], [110.17350261481396, -7.551447209926097], [110.17357578863916, -7.551475453353488], [110.1735532755108, -7.551538029933194], [110.17350195689608, -7.5516594474256395], [110.17340941105131, -7.551624820573098], [110.1734014452151, -7.551618857620912]]]}}, {"type": "Feature", "properties": {"OBJECTID_1": 78, "kode_bangunan": 88, "rt": 3, "rw": 9, "dusun": "Tegalsari", "fungsi_b": "Rumah Tinggal", "jenis_b": "Permanen", "material_b": "Tembok Bata", "material_atap": "Genteng", "ket_lantai": "Keramik Ubin", "sanitasi": "Milik Sendiri", "sumber_air": "Sumur", "kelas_layak": "Layak", "nama_kk": "Nurchalim", "jenis_peke": "Pedagang", "kepemilikan": "Garap Orang", "pendidikan_kk": "Smp", "anak_usia_sekolah": "Ya", "paud": 0, "sd": 0, "smp": 1, "sma": 1, "putus_sekolah": "Tidak", "jml_putus_sekolah": 0, "arah_hadap": "Barat", "arah_hadap_deg": 270, "centroid_lon": 110.1734698, "centroid_lat": -7.55138, "jumlah_lan": 1}, "geometry": {"type": "Polygon", "coordinates": [[[110.17354323441947, -7.551366782354793], [110.17351283238668, -7.551444926442207], [110.17345054437524, -7.551423347932767], [110.17336680044305, -7.55137590492475], [110.17340189773581, -7.551302463999835], [110.17354323441947, -7.551366782354793]]]}}, {"type": "Feature", "properties": {"OBJECTID_1": 79, "kode_bangunan": 89, "rt": 3, "rw": 9, "dusun": "Tegalsari", "fungsi_b": "Rumah Tinggal", "jenis_b": "Permanen", "material_b": "Tembok Bata", "material_atap": "Genteng", "ket_lantai": "Keramik Ubin", "sanitasi": "Milik Sendiri", "sumber_air": "Sumur", "kelas_layak": "Layak", "nama_kk": "Slamet Tomat", "jenis_peke": "Buruh Tani", "kepemilikan": "Garap Orang", "pendidikan_kk": "Sd", "anak_usia_sekolah": "Tidak", "paud": 0, "sd": 0, "smp": 0, "sma": 0, "putus_sekolah": "Tidak", "jml_putus_sekolah": 0, "arah_hadap": "Selatan", "arah_hadap_deg": 180, "centroid_lon": 110.1735641, "centroid_lat": -7.5511294, "jumlah_lan": 1}, "geometry": {"type": "Polygon", "coordinates": [[[110.17360303876792, -7.551129816009513], [110.17357956953185, -7.551204263934054], [110.1734804812788, -7.551175443269092], [110.17351495420152, -7.551062310625629], [110.17358563031681, -7.551084157338466], [110.17358182971005, -7.551119999334407], [110.17360303876792, -7.551129816009513]]]}}, {"type": "Feature", "properties": {"OBJECTID_1": 80, "kode_bangunan": 90, "rt": 3, "rw": 9, "dusun": "Tegalsari", "fungsi_b": "Rumah Tinggal", "jenis_b": "Permanen", "material_b": "Tembok Bata", "material_atap": "Genteng", "ket_lantai": "Semen Plester", "sanitasi": "Milik Sendiri", "sumber_air": "Sumur", "kelas_layak": "Layak", "nama_kk": "Mbah Tarwiyah", "jenis_peke": "Buruh Tani", "kepemilikan": "Garap Orang", "pendidikan_kk": "Sma", "anak_usia_sekolah": "Tidak", "paud": 0, "sd": 0, "smp": 0, "sma": 0, "putus_sekolah": "Tidak", "jml_putus_sekolah": 0, "arah_hadap": "Utara", "arah_hadap_deg": 0, "centroid_lon": 110.1739736, "centroid_lat": -7.5509497, "jumlah_lan": 1}, "geometry": {"type": "Polygon", "coordinates": [[[110.17403260910311, -7.55095161575331], [110.17400546985635, -7.551027555500486], [110.17396548368724, -7.5510140709393285], [110.17395947194663, -7.551035364672958], [110.17387561981249, -7.551007196998552], [110.1738847883122, -7.550975033730536], [110.17393350043778, -7.55084905807331], [110.17397911453561, -7.550867710638785], [110.17397606231197, -7.550877948139677], [110.1740268808137, -7.550897132426912], [110.17401209889091, -7.550942265324412], [110.17403260910311, -7.55095161575331]]]}}, {"type": "Feature", "properties": {"OBJECTID_1": 81, "kode_bangunan": 91, "rt": 3, "rw": 9, "dusun": "Tegalsari", "fungsi_b": "Rumah Tinggal", "jenis_b": "Permanen", "material_b": "Tembok Bata", "material_atap": "Genteng", "ket_lantai": "Keramik Ubin", "sanitasi": "Milik Sendiri", "sumber_air": "Sumur", "kelas_layak": "Layak", "nama_kk": "Joko Sambang Dermawan", "jenis_peke": "Pedagang", "kepemilikan": "Garap Orang", "pendidikan_kk": "Sma", "anak_usia_sekolah": "Ya", "paud": 0, "sd": 1, "smp": 0, "sma": 0, "putus_sekolah": "Tidak", "jml_putus_sekolah": 0, "arah_hadap": "Timur", "arah_hadap_deg": 90, "centroid_lon": 110.1737656, "centroid_lat": -7.5509568, "jumlah_lan": 1}, "geometry": {"type": "Polygon", "coordinates": [[[110.17379867544906, -7.550928359662328], [110.17378598916152, -7.55097535884306], [110.17376686382873, -7.550973693701283], [110.17376521062363, -7.550984165393412], [110.17379901536464, -7.550995170852789], [110.17379125507318, -7.551027978964267], [110.17366372215143, -7.550990724516326], [110.17369222769082, -7.550887421340754], [110.17378121081731, -7.550911799016439], [110.1737790926121, -7.550921804925057], [110.17379867544906, -7.550928359662328]]]}}, {"type": "Feature", "properties": {"OBJECTID_1": 82, "kode_bangunan": 92, "rt": 3, "rw": 9, "dusun": "Tegalsari", "fungsi_b": "Rumah Tinggal", "jenis_b": "Permanen", "material_b": "Tembok Bata", "material_atap": "Genteng", "ket_lantai": "Keramik Ubin", "sanitasi": "Milik Sendiri", "sumber_air": "Sumur", "kelas_layak": "Layak", "nama_kk": "Dedi setyawan", "jenis_peke": "Karyawan Swasta", "kepemilikan": "Garap Orang", "pendidikan_kk": "Sma", "anak_usia_sekolah": "Ya", "paud": 0, "sd": 2, "smp": 0, "sma": 0, "putus_sekolah": "Tidak", "jml_putus_sekolah": 0, "arah_hadap": "Utara", "arah_hadap_deg": 0, "centroid_lon": 110.1735993, "centroid_lat": -7.5508145, "jumlah_lan": 1}, "geometry": {"type": "Polygon", "coordinates": [[[110.17348425592652, -7.550752973628677], [110.17358132071436, -7.55077384366771], [110.17358670419628, -7.550764077293209], [110.17365456337969, -7.550777241956231], [110.17365903187391, -7.550758161292509], [110.1737166142982, -7.550778057571033], [110.17368089286256, -7.550916265575944], [110.17364311339634, -7.550910141321548], [110.17364242471766, -7.55090432057502], [110.1734591305908, -7.550871383525555], [110.17348425592652, -7.550752973628677]]]}}, {"type": "Feature", "properties": {"OBJECTID_1": 84, "kode_bangunan": 95, "rt": 3, "rw": 9, "dusun": "Tegalsari", "fungsi_b": "Rumah Tinggal", "jenis_b": "Permanen", "material_b": "Tembok Bata", "material_atap": "Genteng", "ket_lantai": "Keramik Ubin", "sanitasi": "Milik Sendiri", "sumber_air": "Sumur", "kelas_layak": "Layak", "nama_kk": "Brian", "jenis_peke": "Pedagang", "kepemilikan": "Garap Orang", "pendidikan_kk": "Sma", "anak_usia_sekolah": "Ya", "paud": 0, "sd": 2, "smp": 0, "sma": 0, "putus_sekolah": "Tidak", "jml_putus_sekolah": 0, "arah_hadap": "Selatan", "arah_hadap_deg": 180, "centroid_lon": 110.1728922, "centroid_lat": -7.5517195, "jumlah_lan": 1}, "geometry": {"type": "Polygon", "coordinates": [[[110.17296856917511, -7.55167268178687], [110.17296154408781, -7.551725409788256], [110.17294660091315, -7.5517246533897495], [110.17294094998836, -7.551767330664835], [110.17292853406188, -7.551766456040475], [110.172822194823, -7.551758967285055], [110.17280846570841, -7.551758000627053], [110.17281532303481, -7.551705800530559], [110.17282380108833, -7.551705507250294], [110.17283001001286, -7.551657292885832], [110.17296856917511, -7.55167268178687]]]}}, {"type": "Feature", "properties": {"OBJECTID_1": 85, "kode_bangunan": 96, "rt": 3, "rw": 9, "dusun": "Tegalsari", "fungsi_b": "Rumah Tinggal", "jenis_b": "Permanen", "material_b": "Tembok Bata", "material_atap": "Genteng", "ket_lantai": "Keramik Ubin", "sanitasi": "Milik Sendiri", "sumber_air": "Sumur", "kelas_layak": "Layak", "nama_kk": "Nuryanto", "jenis_peke": "Buruh Bangunan", "kepemilikan": "Garap Orang", "pendidikan_kk": "Smp", "anak_usia_sekolah": "Ya", "paud": 1, "sd": 0, "smp": 0, "sma": 1, "putus_sekolah": "Tidak", "jml_putus_sekolah": 0, "arah_hadap": "Timur", "arah_hadap_deg": 90, "centroid_lon": 110.1728712, "centroid_lat": -7.5518079, "jumlah_lan": 1}, "geometry": {"type": "Polygon", "coordinates": [[[110.17292853406188, -7.551766456040475], [110.17292138187965, -7.551875539413034], [110.17283741316332, -7.551869560082502], [110.17284289053643, -7.551810908410135], [110.17281736934562, -7.551807503550926], [110.172822194823, -7.551758967285055], [110.17292853406188, -7.551766456040475]]]}}, {"type": "Feature", "properties": {"OBJECTID_1": 86, "kode_bangunan": 97, "rt": 3, "rw": 9, "dusun": "Tegalsari", "fungsi_b": "Rumah Tinggal", "jenis_b": "Permanen", "material_b": "Tembok Bata", "material_atap": "Genteng", "ket_lantai": "Keramik Ubin", "sanitasi": "Milik Sendiri", "sumber_air": "Sumur", "kelas_layak": "Layak", "nama_kk": "Susanto", "jenis_peke": "Pedagang", "kepemilikan": "Garap Orang", "pendidikan_kk": "Sma", "anak_usia_sekolah": "Ya", "paud": 0, "sd": 1, "smp": 0, "sma": 0, "putus_sekolah": "Tidak", "jml_putus_sekolah": 0, "arah_hadap": "Timur", "arah_hadap_deg": 90, "centroid_lon": 110.1729055, "centroid_lat": -7.5515882, "jumlah_lan": 1}, "geometry": {"type": "Polygon", "coordinates": [[[110.17297705009969, -7.551561696085369], [110.1729711060556, -7.551609807844411], [110.17296518592998, -7.551657733324914], [110.17280076096593, -7.551638566264757], [110.17280926226387, -7.5515845765958], [110.17283328797912, -7.551585552799599], [110.17283792797895, -7.551539697973103], [110.17297797986791, -7.5515541680255005], [110.17297705009969, -7.551561696085369]]]}}, {"type": "Feature", "properties": {"OBJECTID_1": 87, "kode_bangunan": 98, "rt": 3, "rw": 9, "dusun": "Tegalsari", "fungsi_b": "Rumah Tinggal", "jenis_b": "Permanen", "material_b": "Tembok Bata", "material_atap": "Genteng", "ket_lantai": "Semen Plester", "sanitasi": "Milik Sendiri", "sumber_air": "Sumur", "kelas_layak": "Layak", "nama_kk": "Romlan", "jenis_peke": "Pedagang", "kepemilikan": "Garap Orang", "pendidikan_kk": "Smp", "anak_usia_sekolah": "Ya", "paud": 2, "sd": 0, "smp": 0, "sma": 0, "putus_sekolah": "Tidak", "jml_putus_sekolah": 0, "arah_hadap": "Timur", "arah_hadap_deg": 90, "centroid_lon": 110.1729357, "centroid_lat": -7.551509, "jumlah_lan": 1}, "geometry": {"type": "Polygon", "coordinates": [[[110.17297273399203, -7.551491538031403], [110.17296842892017, -7.551547166432563], [110.17287723880467, -7.551535586454924], [110.17288721960924, -7.551479062509647], [110.17297273399203, -7.551491538031403]]]}}, {"type": "Feature", "properties": {"OBJECTID_1": 88, "kode_bangunan": 99, "rt": 3, "rw": 9, "dusun": "Tegalsari", "fungsi_b": "Rumah Tinggal", "jenis_b": "Permanen", "material_b": "Tembok Bata", "material_atap": "Genteng", "ket_lantai": "Keramik Ubin", "sanitasi": "Milik Sendiri", "sumber_air": "Sumur", "kelas_layak": "Layak", "nama_kk": "Susanto", "jenis_peke": "Buruh Bangunan", "kepemilikan": "Garap Orang", "pendidikan_kk": "Smp", "anak_usia_sekolah": "Tidak", "paud": 0, "sd": 0, "smp": 0, "sma": 0, "putus_sekolah": "Tidak", "jml_putus_sekolah": 0, "arah_hadap": "Timur", "arah_hadap_deg": 90, "centroid_lon": 110.1730685, "centroid_lat": -7.5516376, "jumlah_lan": 1}, "geometry": {"type": "Polygon", "coordinates": [[[110.17304691400771, -7.551684214821517], [110.17304729055328, -7.551678286648939], [110.1730359255064, -7.551677695311293], [110.17304510957007, -7.551642631422823], [110.17302371586618, -7.551637442608937], [110.17302381438861, -7.551618038019551], [110.1729711060556, -7.551609807844411], [110.17297705009969, -7.551561696085369], [110.17303863013204, -7.551569962951403], [110.17306056555893, -7.551576261685687], [110.17306808668783, -7.551552960161991], [110.17323008299579, -7.551591425093525], [110.17320587013236, -7.551688916900148], [110.17314967516351, -7.551675774231256], [110.17314518539519, -7.551706028827219], [110.17304934951883, -7.551684197724176], [110.17304691400771, -7.551684214821517]]]}}, {"type": "Feature", "properties": {"OBJECTID_1": 89, "kode_bangunan": 100, "rt": 3, "rw": 9, "dusun": "Tegalsari", "fungsi_b": "Rumah Tinggal", "jenis_b": "Permanen", "material_b": "Tembok Bata", "material_atap": "Genteng", "ket_lantai": "Keramik Ubin", "sanitasi": "Milik Sendiri", "sumber_air": "Sumur", "kelas_layak": "Layak", "nama_kk": "Verena Budi Setyawati", "jenis_peke": "Tidak Bekerja", "kepemilikan": "Garap Orang", "pendidikan_kk": "Sma", "anak_usia_sekolah": "Ya", "paud": 0, "sd": 1, "smp": 0, "sma": 0, "putus_sekolah": "Tidak", "jml_putus_sekolah": 0, "arah_hadap": "Barat", "arah_hadap_deg": 270, "centroid_lon": 110.1730863, "centroid_lat": -7.5515276, "jumlah_lan": 1}, "geometry": {"type": "Polygon", "coordinates": [[[110.1731660927006, -7.551498829653585], [110.1731491970282, -7.5515668147918005], [110.17306540374271, -7.551544388726001], [110.17306088245172, -7.551566429651944], [110.17299059181276, -7.551551100378002], [110.17300606962066, -7.551467056184208], [110.1731660927006, -7.551498829653585]]]}}, {"type": "Feature", "properties": {"OBJECTID_1": 90, "kode_bangunan": 101, "rt": 3, "rw": 9, "dusun": "Tegalsari", "fungsi_b": "Rumah Tinggal", "jenis_b": "Permanen", "material_b": "Tembok Bata", "material_atap": "Genteng", "ket_lantai": "Keramik Ubin", "sanitasi": "Milik Sendiri", "sumber_air": "Sumur", "kelas_layak": "Layak", "nama_kk": "Sigit Pramono", "jenis_peke": "Tidak Bekerja", "kepemilikan": "Garap Orang", "pendidikan_kk": "Sma", "anak_usia_sekolah": "Ya", "paud": 0, "sd": 0, "smp": 1, "sma": 0, "putus_sekolah": "Tidak", "jml_putus_sekolah": 0, "arah_hadap": "Timur", "arah_hadap_deg": 90, "centroid_lon": 110.1731741, "centroid_lat": -7.5514292, "jumlah_lan": 1}, "geometry": {"type": "Polygon", "coordinates": [[[110.17327267520344, -7.551397362049911], [110.17325006161555, -7.551512781026917], [110.17317660445381, -7.551499140791697], [110.17306453634951, -7.551475711506383], [110.17308724455258, -7.551383974798996], [110.17314693728244, -7.551398054804827], [110.17314338992894, -7.551423189098304], [110.17315854716608, -7.551426244185261], [110.17316818560958, -7.551378626024603], [110.17327267520344, -7.551397362049911]]]}}, {"type": "Feature", "properties": {"OBJECTID_1": 91, "kode_bangunan": 102, "rt": 3, "rw": 9, "dusun": "Tegalsari", "fungsi_b": "Rumah Tinggal", "jenis_b": "Permanen", "material_b": "Tembok Bata", "material_atap": "Genteng", "ket_lantai": "Semen Plester", "sanitasi": "Milik Sendiri", "sumber_air": "Sumur", "kelas_layak": "Layak", "nama_kk": "Sukarmanto", "jenis_peke": "Pedagang", "kepemilikan": "Garap Orang", "pendidikan_kk": "Smp", "anak_usia_sekolah": "Tidak", "paud": 0, "sd": 0, "smp": 0, "sma": 0, "putus_sekolah": "Tidak", "jml_putus_sekolah": 0, "arah_hadap": "Timur", "arah_hadap_deg": 90, "centroid_lon": 110.1728917, "centroid_lat": -7.55141, "jumlah_lan": 1}, "geometry": {"type": "Polygon", "coordinates": [[[110.17295873025797, -7.55137232509853], [110.17295323301961, -7.551441917363061], [110.17285527453552, -7.551431955352614], [110.17285500574278, -7.551450810597848], [110.17282469127362, -7.5514447004026515], [110.17283613686403, -7.551356209381144], [110.17295873025797, -7.55137232509853]]]}}, {"type": "Feature", "properties": {"OBJECTID_1": 92, "kode_bangunan": 103, "rt": 3, "rw": 9, "dusun": "Tegalsari", "fungsi_b": "Rumah Tinggal", "jenis_b": "Permanen", "material_b": "Tembok Bata", "material_atap": "Genteng", "ket_lantai": "Keramik Ubin", "sanitasi": "Milik Sendiri", "sumber_air": "Sumur", "kelas_layak": "Layak", "nama_kk": "Supriyadi", "jenis_peke": "Karyawan Swasta", "kepemilikan": "Garap Orang", "pendidikan_kk": "Sma", "anak_usia_sekolah": "Ya", "paud": 0, "sd": 1, "smp": 0, "sma": 0, "putus_sekolah": "Tidak", "jml_putus_sekolah": 0, "arah_hadap": "Timur", "arah_hadap_deg": 90, "centroid_lon": 110.173253, "centroid_lat": -7.5513167, "jumlah_lan": 1}, "geometry": {"type": "Polygon", "coordinates": [[[110.17328846467663, -7.55131335551271], [110.17327456667608, -7.551384095959826], [110.1732043730641, -7.5513720917853995], [110.17321944067449, -7.551299257868106], [110.17322527373253, -7.5512990355502225], [110.17323431392391, -7.551274322285295], [110.1732740549502, -7.551285160836828], [110.17326840973499, -7.551309592901653], [110.17328846467663, -7.55131335551271]]]}}, {"type": "Feature", "properties": {"OBJECTID_1": 93, "kode_bangunan": 104, "rt": 3, "rw": 9, "dusun": "Tegalsari", "fungsi_b": "Rumah Tinggal", "jenis_b": "Permanen", "material_b": "Tembok Bata", "material_atap": "Genteng", "ket_lantai": "Keramik Ubin", "sanitasi": "Milik Sendiri", "sumber_air": "Sumur", "kelas_layak": "Layak", "nama_kk": "Mad Safari", "jenis_peke": "Pedagang", "kepemilikan": "Garap Orang", "pendidikan_kk": "Sd", "anak_usia_sekolah": "Tidak", "paud": 0, "sd": 0, "smp": 0, "sma": 0, "putus_sekolah": "Tidak", "jml_putus_sekolah": 0, "arah_hadap": "Selatan", "arah_hadap_deg": 180, "centroid_lon": 110.1731311, "centroid_lat": -7.5512985, "jumlah_lan": 1}, "geometry": {"type": "Polygon", "coordinates": [[[110.173183125265, -7.551259615299683], [110.17316541554327, -7.55137201805662], [110.17309708731175, -7.551360481395603], [110.17309735874795, -7.551340229632397], [110.17311054819375, -7.551274143226238], [110.17310378644498, -7.551272268097962], [110.1731081853091, -7.551249303461949], [110.173183125265, -7.551259615299683]]]}}, {"type": "Feature", "properties": {"OBJECTID_1": 94, "kode_bangunan": 105, "rt": 3, "rw": 9, "dusun": "Tegalsari", "fungsi_b": "Rumah Tinggal", "jenis_b": "Permanen", "material_b": "Tembok Bata", "material_atap": "Genteng", "ket_lantai": "Semen Plester", "sanitasi": "Milik Sendiri", "sumber_air": "Sumur", "kelas_layak": "Layak", "nama_kk": "Rohami", "jenis_peke": "Pedagang", "kepemilikan": "Garap Orang", "pendidikan_kk": "Smp", "anak_usia_sekolah": "Tidak", "paud": 0, "sd": 0, "smp": 0, "sma": 0, "putus_sekolah": "Tidak", "jml_putus_sekolah": 0, "arah_hadap": "Selatan", "arah_hadap_deg": 180, "centroid_lon": 110.1730461, "centroid_lat": -7.5512633, "jumlah_lan": 1}, "geometry": {"type": "Polygon", "coordinates": [[[110.17309542016402, -7.551255724646604], [110.1730712063917, -7.551353216444296], [110.17298283296176, -7.551332796885856], [110.17300331245157, -7.551235762930472], [110.17300891254392, -7.551235075270203], [110.17301203637912, -7.551209112574729], [110.17309990284652, -7.551229195602148], [110.17309542016402, -7.551255724646604]]]}}, {"type": "Feature", "properties": {"OBJECTID_1": 95, "kode_bangunan": 106, "rt": 3, "rw": 9, "dusun": "Tegalsari", "fungsi_b": "Rumah Tinggal", "jenis_b": "Permanen", "material_b": "Tembok Bata", "material_atap": "Genteng", "ket_lantai": "Keramik Ubin", "sanitasi": "Milik Sendiri", "sumber_air": "Sumur", "kelas_layak": "Layak", "nama_kk": "Kus", "jenis_peke": "Karyawan Swasta", "kepemilikan": "Garap Orang", "pendidikan_kk": "Smp", "anak_usia_sekolah": "Tidak", "paud": 0, "sd": 0, "smp": 0, "sma": 0, "putus_sekolah": "Tidak", "jml_putus_sekolah": 0, "arah_hadap": "Timur", "arah_hadap_deg": 90, "centroid_lon": 110.1729127, "centroid_lat": -7.5512992, "jumlah_lan": 1}, "geometry": {"type": "Polygon", "coordinates": [[[110.17296532774817, -7.551268936199739], [110.17295495170534, -7.551358394335976], [110.17283470070184, -7.551340707443754], [110.17284334611921, -7.5512590589592845], [110.17296532774817, -7.551268936199739]]]}}, {"type": "Feature", "properties": {"OBJECTID_1": 96, "kode_bangunan": 107, "rt": 3, "rw": 9, "dusun": "Tegalsari", "fungsi_b": "Rumah Tinggal", "jenis_b": "Permanen", "material_b": "Tembok Bata", "material_atap": "Genteng", "ket_lantai": "Keramik Ubin", "sanitasi": "Milik Sendiri", "sumber_air": "Sumur", "kelas_layak": "Layak", "nama_kk": "Rudi Hartono", "jenis_peke": "Karyawan Swasta", "kepemilikan": "Garap Orang", "pendidikan_kk": "Sma", "anak_usia_sekolah": "Tidak", "paud": 0, "sd": 0, "smp": 0, "sma": 0, "putus_sekolah": "Tidak", "jml_putus_sekolah": 0, "arah_hadap": "Utara", "arah_hadap_deg": 0, "centroid_lon": 110.1732019, "centroid_lat": -7.5512205, "jumlah_lan": 1}, "geometry": {"type": "Polygon", "coordinates": [[[110.17325597730158, -7.5512229723681275], [110.17324562222032, -7.551270907554293], [110.17322930023514, -7.551266918649224], [110.1731875628177, -7.551256829750011], [110.1731057049088, -7.551244803487203], [110.17312146163259, -7.551157533521934], [110.17316370966147, -7.551165067323897], [110.17316156531628, -7.551188341942974], [110.17324760747616, -7.551208291242832], [110.17324641617985, -7.551221325301297], [110.17325597730158, -7.5512229723681275]]]}}, {"type": "Feature", "properties": {"OBJECTID_1": 97, "kode_bangunan": 109, "rt": 3, "rw": 9, "dusun": "Tegalsari", "fungsi_b": "Rumah Tinggal", "jenis_b": "Permanen", "material_b": "Tembok Bata", "material_atap": "Genteng", "ket_lantai": "Keramik Ubin", "sanitasi": "Milik Sendiri", "sumber_air": "Sumur", "kelas_layak": "Layak", "nama_kk": "Arif Budiman", "jenis_peke": "Karyawan Swasta", "kepemilikan": "Garap Orang", "pendidikan_kk": "Sma", "anak_usia_sekolah": "Ya", "paud": 0, "sd": 1, "smp": 0, "sma": 0, "putus_sekolah": "Tidak", "jml_putus_sekolah": 0, "arah_hadap": "Timur", "arah_hadap_deg": 90, "centroid_lon": 110.1732766, "centroid_lat": -7.5512058, "jumlah_lan": 1}, "geometry": {"type": "MultiPolygon", "coordinates": [[[[110.1732897099592, -7.551197979309068], [110.17328294084427, -7.551224783515437], [110.1732569752835, -7.551218179592504], [110.17326367161884, -7.55119008636075], [110.1732897099592, -7.551197979309068]]], [[[110.173300496128, -7.551119699533083], [110.17328636961935, -7.551188112314976], [110.1731800378372, -7.5511657964861705], [110.17319526642021, -7.551099351236405], [110.173300496128, -7.551119699533083]]]]}}, {"type": "Feature", "properties": {"OBJECTID_1": 98, "kode_bangunan": 110, "rt": 3, "rw": 9, "dusun": "Tegalsari", "fungsi_b": "Rumah Tinggal", "jenis_b": "Permanen", "material_b": "Tembok Bata", "material_atap": "Genteng", "ket_lantai": "Keramik Ubin", "sanitasi": "Milik Sendiri", "sumber_air": "Sumur", "kelas_layak": "Layak", "nama_kk": "Agus Hadiyanto", "jenis_peke": "Karyawan Swasta", "kepemilikan": "Garap Orang", "pendidikan_kk": "Sma", "anak_usia_sekolah": "Tidak", "paud": 0, "sd": 0, "smp": 0, "sma": 0, "putus_sekolah": "Tidak", "jml_putus_sekolah": 0, "arah_hadap": "Utara", "arah_hadap_deg": 0, "centroid_lon": 110.1732622, "centroid_lat": -7.5510435, "jumlah_lan": 1}, "geometry": {"type": "Polygon", "coordinates": [[[110.17326553128662, -7.55099370311193], [110.1733361632991, -7.5510101246903005], [110.17330797176295, -7.551114126687213], [110.17323988933451, -7.551095840361101], [110.17323943318266, -7.551090718315405], [110.17321145529073, -7.551082285336021], [110.17323400207859, -7.551002482056634], [110.17326011767142, -7.55100835091884], [110.17326553128662, -7.55099370311193]]]}}, {"type": "Feature", "properties": {"OBJECTID_1": 99, "kode_bangunan": 111, "rt": 3, "rw": 9, "dusun": "Tegalsari", "fungsi_b": "Rumah Tinggal", "jenis_b": "Permanen", "material_b": "Tembok Bata", "material_atap": "Genteng", "ket_lantai": "Keramik Ubin", "sanitasi": "Milik Sendiri", "sumber_air": "Sumur", "kelas_layak": "Layak", "nama_kk": "Nur Fuad", "jenis_peke": "Pensiunan", "kepemilikan": "Garap Orang", "pendidikan_kk": "Smp", "anak_usia_sekolah": "Tidak", "paud": 0, "sd": 0, "smp": 0, "sma": 0, "putus_sekolah": "Tidak", "jml_putus_sekolah": 0, "arah_hadap": "Utara", "arah_hadap_deg": 0, "centroid_lon": 110.1731493, "centroid_lat": -7.5510643, "jumlah_lan": 1}, "geometry": {"type": "Polygon", "coordinates": [[[110.17312403895642, -7.551098638471426], [110.17308803898176, -7.551088569468139], [110.17308957315913, -7.5510825512290385], [110.17311839566861, -7.550969447729332], [110.17311935452949, -7.55096568599058], [110.17318155516415, -7.550980734006708], [110.17318175627555, -7.550997960265066], [110.17321812076986, -7.551011763655545], [110.17319861960642, -7.551085287445386], [110.17319090912602, -7.551101399784623], [110.17317700948449, -7.551163462615899], [110.17313340936329, -7.5511515078571065], [110.17314586143469, -7.551104741617073], [110.17312403895642, -7.551098638471426]]]}}, {"type": "Feature", "properties": {"OBJECTID_1": 100, "kode_bangunan": 112, "rt": 3, "rw": 9, "dusun": "Tegalsari", "fungsi_b": "Rumah Tinggal", "jenis_b": "Permanen", "material_b": "Tembok Bata", "material_atap": "Genteng", "ket_lantai": "Keramik Ubin", "sanitasi": "Milik Sendiri", "sumber_air": "Sumur", "kelas_layak": "Layak", "nama_kk": "Nur Taufik Kurahman", "jenis_peke": "Karyawan Swasta", "kepemilikan": "Garap Orang", "pendidikan_kk": "Sma", "anak_usia_sekolah": "Ya", "paud": 0, "sd": 1, "smp": 0, "sma": 0, "putus_sekolah": "Tidak", "jml_putus_sekolah": 0, "arah_hadap": "Barat", "arah_hadap_deg": 270, "centroid_lon": 110.1730541, "centroid_lat": -7.5511218, "jumlah_lan": 1}, "geometry": {"type": "Polygon", "coordinates": [[[110.17308957315913, -7.5510825512290385], [110.17308803898176, -7.551088569468139], [110.17312403895642, -7.551098638471426], [110.17310725613451, -7.551164960479651], [110.17307998507592, -7.551153269072988], [110.17307453430017, -7.551197953779496], [110.17300785000992, -7.5511803683240615], [110.17301633976363, -7.551132430519546], [110.1730021121139, -7.551131007066632], [110.17300893049915, -7.5511030859230575], [110.17300217008261, -7.55110051163077], [110.17301278875368, -7.5510674584086575], [110.17308957315913, -7.5510825512290385]]]}}, {"type": "Feature", "properties": {"OBJECTID_1": 101, "kode_bangunan": 113, "rt": 3, "rw": 9, "dusun": "Tegalsari", "fungsi_b": "Rumah Tinggal", "jenis_b": "Permanen", "material_b": "Tembok Bata", "material_atap": "Genteng", "ket_lantai": "Keramik Ubin", "sanitasi": "Milik Sendiri", "sumber_air": "Sumur", "kelas_layak": "Layak", "nama_kk": "Nur Budiyanto", "jenis_peke": "Pedagang", "kepemilikan": "Garap Orang", "pendidikan_kk": "Sma", "anak_usia_sekolah": "Ya", "paud": 0, "sd": 1, "smp": 0, "sma": 0, "putus_sekolah": "Tidak", "jml_putus_sekolah": 0, "arah_hadap": "Utara", "arah_hadap_deg": 0, "centroid_lon": 110.1730685, "centroid_lat": -7.5510038, "jumlah_lan": 1}, "geometry": {"type": "Polygon", "coordinates": [[[110.17311839566861, -7.550969447729332], [110.17308957315913, -7.5510825512290385], [110.17301278875368, -7.5510674584086575], [110.17303225449086, -7.55098254621886], [110.17303945970704, -7.550951388661995], [110.17311839566861, -7.550969447729332]]]}}, {"type": "Feature", "properties": {"OBJECTID_1": 102, "kode_bangunan": 114, "rt": 3, "rw": 9, "dusun": "Tegalsari", "fungsi_b": "Rumah Tinggal", "jenis_b": "Permanen", "material_b": "Tembok Bata", "material_atap": "Genteng", "ket_lantai": "Keramik Ubin", "sanitasi": "Milik Sendiri", "sumber_air": "Sumur", "kelas_layak": "Layak", "nama_kk": "Ramlan", "jenis_peke": "Pedagang", "kepemilikan": "Garap Orang", "pendidikan_kk": "Sd", "anak_usia_sekolah": "Ya", "paud": 1, "sd": 1, "smp": 0, "sma": 0, "putus_sekolah": "Tidak", "jml_putus_sekolah": 0, "arah_hadap": "Utara", "arah_hadap_deg": 0, "centroid_lon": 110.1729757, "centroid_lat": -7.5510269, "jumlah_lan": 1}, "geometry": {"type": "Polygon", "coordinates": [[[110.17302690858313, -7.55097206037899], [110.17299305584191, -7.551109341125641], [110.17293312534993, -7.551097820339844], [110.17294465140489, -7.551047560146123], [110.17294328247446, -7.551031495747477], [110.17296169733793, -7.550957748318567], [110.17302690858313, -7.55097206037899]]]}}, {"type": "Feature", "properties": {"OBJECTID_1": 103, "kode_bangunan": 115, "rt": 3, "rw": 9, "dusun": "Tegalsari", "fungsi_b": "Rumah Tinggal", "jenis_b": "Permanen", "material_b": "Tembok Bata", "material_atap": "Genteng", "ket_lantai": "Keramik Ubin", "sanitasi": "Milik Sendiri", "sumber_air": "Sumur", "kelas_layak": "Layak", "nama_kk": "Ismanto", "jenis_peke": "Karyawan Swasta", "kepemilikan": "Garap Orang", "pendidikan_kk": "Sd", "anak_usia_sekolah": "Tidak", "paud": 0, "sd": 0, "smp": 0, "sma": 0, "putus_sekolah": "Tidak", "jml_putus_sekolah": 0, "arah_hadap": "Timur", "arah_hadap_deg": 90, "centroid_lon": 110.1729009, "centroid_lat": -7.5510104, "jumlah_lan": 1}, "geometry": {"type": "Polygon", "coordinates": [[[110.17294956085921, -7.550919071363433], [110.17292390913842, -7.551037278515994], [110.17291971382235, -7.55103517579163], [110.17290634098427, -7.5510751892196195], [110.1728818560294, -7.551070255040788], [110.17288491624478, -7.551055828000951], [110.17287419480415, -7.551050918973539], [110.1728763409117, -7.551026247839063], [110.17285979086667, -7.55101969789869], [110.1728836340127, -7.550905959995596], [110.17294956085921, -7.550919071363433]]]}}, {"type": "Feature", "properties": {"OBJECTID_1": 104, "kode_bangunan": 116, "rt": 3, "rw": 9, "dusun": "Tegalsari", "fungsi_b": "Rumah Tinggal", "jenis_b": "Permanen", "material_b": "Tembok Bata", "material_atap": "Genteng", "ket_lantai": "Keramik Ubin", "sanitasi": "Milik Sendiri", "sumber_air": "Sumur", "kelas_layak": "Layak", "nama_kk": "Wahid Supriyono", "jenis_peke": "Pedagang", "kepemilikan": "Garap Orang", "pendidikan_kk": "Sma", "anak_usia_sekolah": "Ya", "paud": 0, "sd": 1, "smp": 0, "sma": 1, "putus_sekolah": "Tidak", "jml_putus_sekolah": 0, "arah_hadap": "Timur", "arah_hadap_deg": 90, "centroid_lon": 110.1727488, "centroid_lat": -7.5510314, "jumlah_lan": 1}, "geometry": {"type": "Polygon", "coordinates": [[[110.17281772652898, -7.551028545506333], [110.17281225422411, -7.551115050740465], [110.17276564138403, -7.551107328649074], [110.17275483660876, -7.55116960354248], [110.17261746045672, -7.551148974449137], [110.17264005825909, -7.551008563723972], [110.17272158997395, -7.5510185923522855], [110.17272406053536, -7.551061153852693], [110.1727292351269, -7.551064967001239], [110.172737357261, -7.5510211357654775], [110.17272705528174, -7.551020145748651], [110.17273677530261, -7.550938222529586], [110.17274890726756, -7.550937314787978], [110.17275303226054, -7.550913477716803], [110.17281891431881, -7.550924876833189], [110.17280612170596, -7.55102774387054], [110.17281772652898, -7.551028545506333]]]}}, {"type": "Feature", "properties": {"OBJECTID_1": 105, "kode_bangunan": 122, "rt": 3, "rw": 9, "dusun": "Tegalsari", "fungsi_b": "TPQ Assyifa", "jenis_b": "Permanen", "material_b": "Tembok Bata", "material_atap": "Genteng", "ket_lantai": "Keramik Ubin", "sanitasi": "Milik Sendiri", "sumber_air": "Sumur", "kelas_layak": "Layak", "nama_kk": "Mardiyah", "jenis_peke": "Karyawan Swasta", "kepemilikan": "Garap Orang", "pendidikan_kk": "Sma", "anak_usia_sekolah": "Tidak", "paud": 0, "sd": 0, "smp": 0, "sma": 0, "putus_sekolah": "Tidak", "jml_putus_sekolah": 0, "arah_hadap": "Utara", "arah_hadap_deg": 0, "centroid_lon": 110.1725101, "centroid_lat": -7.5511686, "jumlah_lan": 1}, "geometry": {"type": "MultiPolygon", "coordinates": [[[[110.1725463986978, -7.551141201510245], [110.17252948336544, -7.551219007453669], [110.17245696598523, -7.551209777333926], [110.17247141962794, -7.551131940501892], [110.1725463986978, -7.551141201510245]]], [[[110.17248991445447, -7.550886578496826], [110.17257885171655, -7.550899278545753], [110.17258007042193, -7.550892335330186], [110.17265332444684, -7.550905009280871], [110.17262380865841, -7.55109234685256], [110.17261076790349, -7.551163619823324], [110.17255117919358, -7.551153018587208], [110.17255838082704, -7.551080873492855], [110.17254731928537, -7.551078933230692], [110.1725456678209, -7.551088474205474], [110.17245941601153, -7.551071564342724], [110.17248301354924, -7.5509297544799345], [110.17248772484098, -7.550900278168554], [110.17248991445447, -7.550886578496826]]]]}}, {"type": "Feature", "properties": {"OBJECTID_1": 106, "kode_bangunan": 123, "rt": 1, "rw": 9, "dusun": "Tegalsari", "fungsi_b": "Rumah Tinggal", "jenis_b": "Permanen", "material_b": "Tembok Bata", "material_atap": "Genteng", "ket_lantai": "Keramik Ubin", "sanitasi": "Milik Sendiri", "sumber_air": "Sumur", "kelas_layak": "Layak", "nama_kk": "Alif Rizky Yunanto", "jenis_peke": "Pns Tni Polri", "kepemilikan": "Garap Orang", "pendidikan_kk": "Diploma Sarjana", "anak_usia_sekolah": "Ya", "paud": 0, "sd": 0, "smp": 0, "sma": 1, "putus_sekolah": "Tidak", "jml_putus_sekolah": 0, "arah_hadap": "Timur", "arah_hadap_deg": 90, "centroid_lon": 110.1723737, "centroid_lat": -7.5510067, "jumlah_lan": 1}, "geometry": {"type": "Polygon", "coordinates": [[[110.17248772484098, -7.550900278168554], [110.17248301354924, -7.5509297544799345], [110.17245941601153, -7.551071564342724], [110.17245654638332, -7.5510834727545015], [110.17236669360706, -7.5510707872235425], [110.17235521001226, -7.55106391220364], [110.17233866207475, -7.551134871898149], [110.17230951327427, -7.5511292296871035], [110.17231116073691, -7.5511213185841335], [110.17224633965638, -7.551105365520103], [110.17226222685306, -7.551016299547588], [110.1722964215844, -7.5510209591028685], [110.17230017756307, -7.551008629073776], [110.17232302788432, -7.551014724256765], [110.17232725328873, -7.551000532786653], [110.17236018717246, -7.551006651592455], [110.17236101097537, -7.5509971786960435], [110.172370321467, -7.550924259747042], [110.17240017089335, -7.550929903279844], [110.17240196326352, -7.550912044949087], [110.17244327366903, -7.550918820893279], [110.17244735227082, -7.5508936496267784], [110.17248772484098, -7.550900278168554]]]}}, {"type": "Feature", "properties": {"OBJECTID_1": 107, "kode_bangunan": 124, "rt": 1, "rw": 9, "dusun": "Tegalsari", "fungsi_b": "Rumah Tinggal", "jenis_b": "Permanen", "material_b": "Tembok Bata", "material_atap": "Genteng", "ket_lantai": "Keramik Ubin", "sanitasi": "Milik Sendiri", "sumber_air": "Sumur", "kelas_layak": "Layak", "nama_kk": "Tri Indarto", "jenis_peke": "Pedagang", "kepemilikan": "Garap Orang", "pendidikan_kk": "Sma", "anak_usia_sekolah": "Ya", "paud": 0, "sd": 2, "smp": 0, "sma": 0, "putus_sekolah": "Tidak", "jml_putus_sekolah": 0, "arah_hadap": "Timur", "arah_hadap_deg": 90, "centroid_lon": 110.1723458, "centroid_lat": -7.5509038, "jumlah_lan": 1}, "geometry": {"type": "Polygon", "coordinates": [[[110.17240005253551, -7.550853941878364], [110.17238060875812, -7.550920104141629], [110.17236680810008, -7.550917214406734], [110.17235410802849, -7.550986150828355], [110.17227199758277, -7.550971607667639], [110.17228769894834, -7.550900649989745], [110.17230478583716, -7.5508265373859755], [110.17240005253551, -7.550853941878364]]]}}, {"type": "Feature", "properties": {"OBJECTID_1": 108, "kode_bangunan": 127, "rt": 1, "rw": 9, "dusun": "Tegalsari", "fungsi_b": "Rumah Tinggal", "jenis_b": "Permanen", "material_b": "Tembok Bata", "material_atap": "Genteng", "ket_lantai": "Keramik Ubin", "sanitasi": "Milik Sendiri", "sumber_air": "Sumur", "kelas_layak": "Layak", "nama_kk": "Budiharjo", "jenis_peke": "Pns Tni Polri", "kepemilikan": "Garap Orang", "pendidikan_kk": "Sma", "anak_usia_sekolah": "Ya", "paud": 0, "sd": 0, "smp": 0, "sma": 1, "putus_sekolah": "Tidak", "jml_putus_sekolah": 0, "arah_hadap": "Utara", "arah_hadap_deg": 0, "centroid_lon": 110.1720533, "centroid_lat": -7.5512938, "jumlah_lan": 1}, "geometry": {"type": "Polygon", "coordinates": [[[110.17208058670037, -7.5512450101969035], [110.17212449281476, -7.55126762044475], [110.17206968893198, -7.551381814259422], [110.17201025447059, -7.551354931647529], [110.17202780452882, -7.551326099248308], [110.17199213846119, -7.551312995344473], [110.17202422530926, -7.551245548282339], [110.17207014426539, -7.551264956863368], [110.17208058670037, -7.5512450101969035]]]}}, {"type": "Feature", "properties": {"OBJECTID_1": 109, "kode_bangunan": 128, "rt": 1, "rw": 9, "dusun": "Tegalsari", "fungsi_b": "Rumah Tinggal", "jenis_b": "Permanen", "material_b": "Tembok Bata", "material_atap": "Genteng", "ket_lantai": "Keramik Ubin", "sanitasi": "Milik Sendiri", "sumber_air": "Sumur", "kelas_layak": "Layak", "nama_kk": "Himawan", "jenis_peke": "Buruh Bangunan", "kepemilikan": "Garap Orang", "pendidikan_kk": "Smp", "anak_usia_sekolah": "Ya", "paud": 1, "sd": 0, "smp": 0, "sma": 0, "putus_sekolah": "Tidak", "jml_putus_sekolah": 0, "arah_hadap": "Utara", "arah_hadap_deg": 0, "centroid_lon": 110.172139, "centroid_lat": -7.5511581, "jumlah_lan": 1}, "geometry": {"type": "Polygon", "coordinates": [[[110.17219284763314, -7.5511432090287105], [110.1721523480256, -7.551217623677171], [110.17206383484317, -7.551182098814375], [110.17209331177821, -7.55110437730204], [110.17219284763314, -7.5511432090287105]]]}}, {"type": "Feature", "properties": {"OBJECTID_1": 110, "kode_bangunan": 129, "rt": 1, "rw": 9, "dusun": "Tegalsari", "fungsi_b": "Rumah Tinggal", "jenis_b": "Permanen", "material_b": "Tembok Bata", "material_atap": "Genteng", "ket_lantai": "Keramik Ubin", "sanitasi": "Milik Sendiri", "sumber_air": "Sumur", "kelas_layak": "Layak", "nama_kk": "Tri Suharyadi", "jenis_peke": "Karyawan Swasta", "kepemilikan": "Garap Orang", "pendidikan_kk": "Sma", "anak_usia_sekolah": "Tidak", "paud": 0, "sd": 0, "smp": 0, "sma": 0, "putus_sekolah": "Tidak", "jml_putus_sekolah": 0, "arah_hadap": "Utara", "arah_hadap_deg": 0, "centroid_lon": 110.1719544, "centroid_lat": -7.5512321, "jumlah_lan": 1}, "geometry": {"type": "Polygon", "coordinates": [[[110.17200863454863, -7.551225498915311], [110.17196226509158, -7.551319922236337], [110.17194245686417, -7.551309409879086], [110.17194034258209, -7.55131685519092], [110.17185085278868, -7.551270128225214], [110.17191596010946, -7.5511357007955], [110.17192392397394, -7.551121254116736], [110.17203697691629, -7.5511643300047275], [110.17200863454863, -7.551225498915311]]]}}, {"type": "Feature", "properties": {"OBJECTID_1": 111, "kode_bangunan": 130, "rt": 1, "rw": 9, "dusun": "Tegalsari", "fungsi_b": "Rumah Tinggal", "jenis_b": "Permanen", "material_b": "Tembok Bata", "material_atap": "Genteng", "ket_lantai": "Keramik Ubin", "sanitasi": "Milik Sendiri", "sumber_air": "Sumur", "kelas_layak": "Layak", "nama_kk": "Wina", "jenis_peke": "Pedagang", "kepemilikan": "Garap Orang", "pendidikan_kk": "Sma", "anak_usia_sekolah": "Ya", "paud": 1, "sd": 1, "smp": 0, "sma": 1, "putus_sekolah": "Tidak", "jml_putus_sekolah": 0, "arah_hadap": "Timur", "arah_hadap_deg": 90, "centroid_lon": 110.1718461, "centroid_lat": -7.5511544, "jumlah_lan": 1}, "geometry": {"type": "Polygon", "coordinates": [[[110.17187680533438, -7.551106419930784], [110.17189687599453, -7.551112385953058], [110.17187553004598, -7.551174033923228], [110.17186597380967, -7.55116982534125], [110.17185916554236, -7.551192392845353], [110.17184517396272, -7.551189805733233], [110.17183438207515, -7.551221909786351], [110.17174765844746, -7.551192413917679], [110.17178220256324, -7.551078299326063], [110.17187680533438, -7.551106419930784]]]}}, {"type": "Feature", "properties": {"OBJECTID_1": 112, "kode_bangunan": 131, "rt": 1, "rw": 9, "dusun": "Tegalsari", "fungsi_b": "Rumah Tinggal", "jenis_b": "Permanen", "material_b": "Tembok Bata", "material_atap": "Genteng", "ket_lantai": "Keramik Ubin", "sanitasi": "Milik Sendiri", "sumber_air": "Sumur", "kelas_layak": "Layak", "nama_kk": "Hanif", "jenis_peke": "Buruh Bangunan", "kepemilikan": "Garap Orang", "pendidikan_kk": "Smp", "anak_usia_sekolah": "Ya", "paud": 0, "sd": 1, "smp": 0, "sma": 0, "putus_sekolah": "Tidak", "jml_putus_sekolah": 0, "arah_hadap": "Utara", "arah_hadap_deg": 0, "centroid_lon": 110.1719902, "centroid_lat": -7.5510675, "jumlah_lan": 1}, "geometry": {"type": "Polygon", "coordinates": [[[110.17194939914371, -7.551116428143714], [110.1719861008058, -7.550974960635175], [110.1720505998316, -7.550992951828514], [110.17201569895593, -7.551136922747343], [110.17194939914371, -7.551116428143714]]]}}, {"type": "Feature", "properties": {"OBJECTID_1": 113, "kode_bangunan": 132, "rt": 1, "rw": 9, "dusun": "Tegalsari", "fungsi_b": "Rumah Tinggal", "jenis_b": "Permanen", "material_b": "Tembok Bata", "material_atap": "Genteng", "ket_lantai": "Keramik Ubin", "sanitasi": "Milik Sendiri", "sumber_air": "Sumur", "kelas_layak": "Layak", "nama_kk": "Nur Muhammad", "jenis_peke": "Buruh Bangunan", "kepemilikan": "Garap Orang", "pendidikan_kk": "Smp", "anak_usia_sekolah": "Tidak", "paud": 0, "sd": 0, "smp": 0, "sma": 0, "putus_sekolah": "Tidak", "jml_putus_sekolah": 0, "arah_hadap": "Utara", "arah_hadap_deg": 0, "centroid_lon": 110.1719414, "centroid_lat": -7.5510221, "jumlah_lan": 1}, "geometry": {"type": "Polygon", "coordinates": [[[110.1719861008058, -7.550974960635175], [110.17194939914371, -7.551116428143714], [110.17188313818568, -7.551098857796731], [110.17189425155007, -7.551051189108736], [110.17191460396143, -7.550963889933767], [110.17197598636675, -7.550974492842869], [110.1719861008058, -7.550974960635175]]]}}, {"type": "Feature", "properties": {"OBJECTID_1": 114, "kode_bangunan": 133, "rt": 1, "rw": 9, "dusun": "Tegalsari", "fungsi_b": "Rumah Kosong", "jenis_b": "Permanen", "material_b": "Tembok Bata", "material_atap": "Genteng", "ket_lantai": "Keramik Ubin", "sanitasi": "Milik Sendiri", "sumber_air": "Sumur", "kelas_layak": "Layak", "nama_kk": "Irdoni", "jenis_peke": "Karyawan Swasta", "kepemilikan": "Garap Orang", "pendidikan_kk": "Smp", "anak_usia_sekolah": "Ya", "paud": 0, "sd": 1, "smp": 0, "sma": 0, "putus_sekolah": "Tidak", "jml_putus_sekolah": 0, "arah_hadap": "Utara", "arah_hadap_deg": 0, "centroid_lon": 110.1718551, "centroid_lat": -7.551069, "jumlah_lan": 1}, "geometry": {"type": "Polygon", "coordinates": [[[110.17189425155007, -7.551051189108736], [110.17188313818568, -7.551098857796731], [110.17187680533438, -7.551106419930784], [110.17178220256324, -7.551078299326063], [110.17179971127744, -7.551028333620812], [110.17189425155007, -7.551051189108736]]]}}, {"type": "Feature", "properties": {"OBJECTID_1": 115, "kode_bangunan": 134, "rt": 1, "rw": 9, "dusun": "Tegalsari", "fungsi_b": "Rumah Tinggal", "jenis_b": "Permanen", "material_b": "Tembok Bata", "material_atap": "Genteng", "ket_lantai": "Keramik Ubin", "sanitasi": "Milik Sendiri", "sumber_air": "Sumur", "kelas_layak": "Layak", "nama_kk": "Suprihono", "jenis_peke": "Buruh Bangunan", "kepemilikan": "Garap Orang", "pendidikan_kk": "Smp", "anak_usia_sekolah": "Ya", "paud": 0, "sd": 1, "smp": 0, "sma": 0, "putus_sekolah": "Tidak", "jml_putus_sekolah": 0, "arah_hadap": "Timur", "arah_hadap_deg": 90, "centroid_lon": 110.1718591, "centroid_lat": -7.5509826, "jumlah_lan": 1}, "geometry": {"type": "Polygon", "coordinates": [[[110.171902778271, -7.5509529377512274], [110.17189196689817, -7.55099528503642], [110.1718798442378, -7.550991304042715], [110.17186645400577, -7.551039931688725], [110.17177388676244, -7.551017175810588], [110.17179630871523, -7.5509288042322185], [110.171902778271, -7.5509529377512274]]]}}, {"type": "Feature", "properties": {"OBJECTID_1": 116, "kode_bangunan": 135, "rt": 1, "rw": 9, "dusun": "Tegalsari", "fungsi_b": "Rumah Tinggal", "jenis_b": "Permanen", "material_b": "Tembok Bata", "material_atap": "Genteng", "ket_lantai": "Keramik Ubin", "sanitasi": "Milik Sendiri", "sumber_air": "Sumur", "kelas_layak": "Layak", "nama_kk": "Rahmat Hariyadi", "jenis_peke": "Karyawan Swasta", "kepemilikan": "Garap Orang", "pendidikan_kk": "Sma", "anak_usia_sekolah": "Ya", "paud": 0, "sd": 1, "smp": 1, "sma": 0, "putus_sekolah": "Tidak", "jml_putus_sekolah": 0, "arah_hadap": "Utara", "arah_hadap_deg": 0, "centroid_lon": 110.1721307, "centroid_lat": -7.5508707, "jumlah_lan": 1}, "geometry": {"type": "Polygon", "coordinates": [[[110.17208422612188, -7.550806202787343], [110.1721428366627, -7.550822100687415], [110.17214729680467, -7.550807443855522], [110.17219368827166, -7.550823826915669], [110.1721854495602, -7.5508626868782835], [110.17223091144226, -7.5508769724873925], [110.17220364482452, -7.55098539996383], [110.17205091726798, -7.550949028941235], [110.17205913650237, -7.550920411307991], [110.17205494252126, -7.5509176103177476], [110.17208422612188, -7.550806202787343]]]}}, {"type": "Feature", "properties": {"OBJECTID_1": 117, "kode_bangunan": 137, "rt": 1, "rw": 9, "dusun": "Tegalsari", "fungsi_b": "Rumah Tinggal", "jenis_b": "Permanen", "material_b": "Tembok Bata", "material_atap": "Genteng", "ket_lantai": "Keramik Ubin", "sanitasi": "Milik Sendiri", "sumber_air": "Sumur", "kelas_layak": "Layak", "nama_kk": "Sodiq", "jenis_peke": "Buruh Bangunan", "kepemilikan": "Garap Orang", "pendidikan_kk": "Sd", "anak_usia_sekolah": "Ya", "paud": 1, "sd": 0, "smp": 0, "sma": 0, "putus_sekolah": "Tidak", "jml_putus_sekolah": 0, "arah_hadap": "Utara", "arah_hadap_deg": 0, "centroid_lon": 110.1718444, "centroid_lat": -7.550901, "jumlah_lan": 1}, "geometry": {"type": "MultiPolygon", "coordinates": [[[[110.17193441693883, -7.550876178194631], [110.1719256736183, -7.550935370868268], [110.17189372248166, -7.550930573533789], [110.17188949662032, -7.550944998354003], [110.17186896826887, -7.550942826673896], [110.17184919777824, -7.550938212517223], [110.17179313443911, -7.550925520369897], [110.17179296481406, -7.550921303350272], [110.17173279522834, -7.5509125768039205], [110.17175093085945, -7.55082182373957], [110.1718069792005, -7.550830007016379], [110.1718048255587, -7.550857177210732], [110.17193441693883, -7.550876178194631]]], [[[110.17198284564613, -7.55080224349688], [110.17197225572988, -7.550851108907508], [110.17195406973784, -7.550845953260237], [110.1719489040975, -7.5508636351513685], [110.17190762201022, -7.550859133989365], [110.1719113992654, -7.550835630025942], [110.1719180139938, -7.550791878264201], [110.17191980799167, -7.550786984795143], [110.17198284564613, -7.55080224349688]]], [[[110.1719122203983, -7.5507718474639995], [110.17189828099838, -7.550864237465748], [110.17180755963666, -7.550851728362997], [110.1718190361035, -7.550757584428123], [110.1719122203983, -7.5507718474639995]]]]}}, {"type": "Feature", "properties": {"OBJECTID_1": 118, "kode_bangunan": 139, "rt": 1, "rw": 9, "dusun": "Tegalsari", "fungsi_b": "Rumah Kosong", "jenis_b": "Permanen", "material_b": "Tembok Bata", "material_atap": "Genteng", "ket_lantai": "Keramik Ubin", "sanitasi": "Milik Sendiri", "sumber_air": "Sumur", "kelas_layak": "Layak", "nama_kk": "Iwan Setiawan", "jenis_peke": "Karyawan Swasta", "kepemilikan": "Garap Orang", "pendidikan_kk": "Sma", "anak_usia_sekolah": "Tidak", "paud": 0, "sd": 0, "smp": 0, "sma": 0, "putus_sekolah": "Tidak", "jml_putus_sekolah": 0, "arah_hadap": "Utara", "arah_hadap_deg": 0, "centroid_lon": 110.1717359, "centroid_lat": -7.5507243, "jumlah_lan": 1}, "geometry": {"type": "Polygon", "coordinates": [[[110.17177704437802, -7.550679729271524], [110.17174255265464, -7.550811099687076], [110.17167494291444, -7.550789788530546], [110.17170784695415, -7.550661119515439], [110.17177704437802, -7.550679729271524]]]}}, {"type": "Feature", "properties": {"OBJECTID_1": 119, "kode_bangunan": 140, "rt": 3, "rw": 9, "dusun": "Tegalsari", "fungsi_b": "Kantor", "jenis_b": "Permanen", "material_b": "Tembok Bata", "material_atap": "Genteng", "ket_lantai": "Keramik Ubin", "sanitasi": "Milik Sendiri", "sumber_air": "Sumur", "kelas_layak": "Layak", "nama_kk": "Bambang Sutrisno", "jenis_peke": "Karyawan Swasta", "kepemilikan": "Garap Orang", "pendidikan_kk": "Sma", "anak_usia_sekolah": "Tidak", "paud": 0, "sd": 0, "smp": 0, "sma": 0, "putus_sekolah": "Tidak", "jml_putus_sekolah": 0, "arah_hadap": "Barat", "arah_hadap_deg": 270, "centroid_lon": 110.1738395, "centroid_lat": -7.5504583, "jumlah_lan": 1}, "geometry": {"type": "Polygon", "coordinates": [[[110.1739796869897, -7.550364236607723], [110.17393770511686, -7.550578416632382], [110.1738995654385, -7.550568682834137], [110.17388918918911, -7.55063402116587], [110.17370756601927, -7.550604693563777], [110.17372372994876, -7.550490489727148], [110.17370834984456, -7.550492165592275], [110.17371988072671, -7.550418304697331], [110.17373923201045, -7.5504245930789855], [110.17375662395887, -7.550316180252672], [110.17393871564363, -7.550345972707872], [110.173934140891, -7.550355625747888], [110.1739796869897, -7.550364236607723]]]}}, {"type": "Feature", "properties": {"OBJECTID_1": 120, "kode_bangunan": 141, "rt": 2, "rw": 9, "dusun": "Tegalsari", "fungsi_b": "Kantor", "jenis_b": "Permanen", "material_b": "Tembok Bata", "material_atap": "Genteng", "ket_lantai": "Keramik Ubin", "sanitasi": "Milik Sendiri", "sumber_air": "Sumur", "kelas_layak": "Layak", "nama_kk": "Supri", "jenis_peke": "Karyawan Swasta", "kepemilikan": "Garap Orang", "pendidikan_kk": "Sma", "anak_usia_sekolah": "Tidak", "paud": 0, "sd": 0, "smp": 0, "sma": 0, "putus_sekolah": "Tidak", "jml_putus_sekolah": 0, "arah_hadap": "Barat", "arah_hadap_deg": 270, "centroid_lon": 110.1738371, "centroid_lat": -7.5501831, "jumlah_lan": 1}, "geometry": {"type": "Polygon", "coordinates": [[[110.17395945835753, -7.5500399565313785], [110.17392038330871, -7.550270850572163], [110.17387374174344, -7.550263488536271], [110.17386781245762, -7.550314398821436], [110.17378546626954, -7.550298966400295], [110.17379578040885, -7.55024151685514], [110.1738282064076, -7.55024921652718], [110.17383187170907, -7.550238311773107], [110.1737896023044, -7.550232047897671], [110.17379664334793, -7.550171318838712], [110.17375401558282, -7.550161417356363], [110.17376543154236, -7.550100332968538], [110.1738062397975, -7.550108047586571], [110.17382276555645, -7.550016631971137], [110.17395945835753, -7.5500399565313785]]]}}, {"type": "Feature", "properties": {"OBJECTID_1": 121, "kode_bangunan": 142, "rt": 2, "rw": 9, "dusun": "Tegalsari", "fungsi_b": "Kantor", "jenis_b": "Permanen", "material_b": "Tembok Bata", "material_atap": "Genteng", "ket_lantai": "Keramik Ubin", "sanitasi": "Milik Sendiri", "sumber_air": "Sumur", "kelas_layak": "Layak", "nama_kk": "Mulyani", "jenis_peke": "Karyawan Swasta", "kepemilikan": "Garap Orang", "pendidikan_kk": "Sma", "anak_usia_sekolah": "Tidak", "paud": 0, "sd": 0, "smp": 0, "sma": 0, "putus_sekolah": "Tidak", "jml_putus_sekolah": 0, "arah_hadap": "Utara", "arah_hadap_deg": 0, "centroid_lon": 110.1736855, "centroid_lat": -7.5502253, "jumlah_lan": 1}, "geometry": {"type": "Polygon", "coordinates": [[[110.17375864228143, -7.550220350466272], [110.17373470778723, -7.550347973900769], [110.17359030280012, -7.550326842518223], [110.17360845989693, -7.550225522295322], [110.1736264542692, -7.550154993080117], [110.17369131708413, -7.550164208514645], [110.17368580485943, -7.550187840374086], [110.17370292266511, -7.550195147502885], [110.17369742680181, -7.550209686624856], [110.17375864228143, -7.550220350466272]]]}}, {"type": "Feature", "properties": {"OBJECTID_1": 122, "kode_bangunan": 143, "rt": 2, "rw": 9, "dusun": "Tegalsari", "fungsi_b": "Rumah Tinggal", "jenis_b": "Permanen", "material_b": "Tembok Bata", "material_atap": "Genteng", "ket_lantai": "Keramik Ubin", "sanitasi": "Milik Sendiri", "sumber_air": "Sumur", "kelas_layak": "Layak", "nama_kk": "Rini", "jenis_peke": "Karyawan Swasta", "kepemilikan": "Garap Orang", "pendidikan_kk": "Sma", "anak_usia_sekolah": "Tidak", "paud": 0, "sd": 0, "smp": 0, "sma": 0, "putus_sekolah": "Tidak", "jml_putus_sekolah": 0, "arah_hadap": "Utara", "arah_hadap_deg": 0, "centroid_lon": 110.1732587, "centroid_lat": -7.5508499, "jumlah_lan": 1}, "geometry": {"type": "Polygon", "coordinates": [[[110.1731952942258, -7.550767550762106], [110.17320093726, -7.550768588028952], [110.17335660004478, -7.550797191984301], [110.1733481615717, -7.5508262750454005], [110.17336236561738, -7.550832484965495], [110.17335315465454, -7.550884117134984], [110.17333749175319, -7.550878631658514], [110.1733301380889, -7.550912080901801], [110.17329588537612, -7.550906923851817], [110.17327618565822, -7.550915615741229], [110.1732528724543, -7.550907933268185], [110.17325070559869, -7.550897744689677], [110.17322155287414, -7.550893688995565], [110.17319460338035, -7.550881634603759], [110.17319940004153, -7.550851090246636], [110.17318292144074, -7.550847009692314], [110.17317571901798, -7.5508452259891214], [110.1731860268906, -7.550765848173012], [110.1731952942258, -7.550767550762106]]]}}, {"type": "Feature", "properties": {"OBJECTID_1": 123, "kode_bangunan": 144, "rt": 2, "rw": 9, "dusun": "Tegalsari", "fungsi_b": "Warung Makan", "jenis_b": "Permanen", "material_b": "Tembok Bata", "material_atap": "Genteng", "ket_lantai": "Keramik Ubin", "sanitasi": "Milik Sendiri", "sumber_air": "Sumur", "kelas_layak": "Layak", "nama_kk": "Slamet Riyadi", "jenis_peke": "Karyawan Swasta", "kepemilikan": "Garap Orang", "pendidikan_kk": "Sma", "anak_usia_sekolah": "Tidak", "paud": 0, "sd": 0, "smp": 0, "sma": 0, "putus_sekolah": "Tidak", "jml_putus_sekolah": 0, "arah_hadap": "Utara", "arah_hadap_deg": 0, "centroid_lon": 110.1732937, "centroid_lat": -7.5506821, "jumlah_lan": 1}, "geometry": {"type": "Polygon", "coordinates": [[[110.17329652504701, -7.550613209589458], [110.17342031988588, -7.55064090933563], [110.17339816563424, -7.5507903603746405], [110.17338359052684, -7.550788150282088], [110.17337336317337, -7.550799406217449], [110.17335660004478, -7.550797191984301], [110.17320093726, -7.550768588028952], [110.17321826701931, -7.550704907233537], [110.17317928817147, -7.550693193680796], [110.17319370557644, -7.5505866484495], [110.17326220978299, -7.550598053361593], [110.17326218351835, -7.55061187562082], [110.17327967192035, -7.550615909239932], [110.17328402760302, -7.550610412798016], [110.17329652504701, -7.550613209589458]]]}}, {"type": "Feature", "properties": {"OBJECTID_1": 124, "kode_bangunan": 145, "rt": 2, "rw": 9, "dusun": "Tegalsari", "fungsi_b": "Rumah Tinggal", "jenis_b": "Permanen", "material_b": "Tembok Bata", "material_atap": "Genteng", "ket_lantai": "Keramik Ubin", "sanitasi": "Milik Sendiri", "sumber_air": "Sumur", "kelas_layak": "Layak", "nama_kk": "Rudi Hartono", "jenis_peke": "Karyawan Swasta", "kepemilikan": "Garap Orang", "pendidikan_kk": "Sma", "anak_usia_sekolah": "Tidak", "paud": 0, "sd": 0, "smp": 0, "sma": 0, "putus_sekolah": "Tidak", "jml_putus_sekolah": 0, "arah_hadap": "Utara", "arah_hadap_deg": 0, "centroid_lon": 110.1731361, "centroid_lat": -7.5507869, "jumlah_lan": 1}, "geometry": {"type": "Polygon", "coordinates": [[[110.1731952942258, -7.550767550762106], [110.1731860268906, -7.550765848173012], [110.17317571901798, -7.5508452259891214], [110.17318292144074, -7.550847009692314], [110.17317343305542, -7.550897234859699], [110.17303278066777, -7.550874053584266], [110.17304603056552, -7.550807152353522], [110.17307993134021, -7.550805762108407], [110.1730910277719, -7.550720670360915], [110.17310451737556, -7.550718876975918], [110.17310873856631, -7.550695441671349], [110.17319746660182, -7.550717598470063], [110.1731952942258, -7.550767550762106]]]}}, {"type": "Feature", "properties": {"OBJECTID_1": 125, "kode_bangunan": 146, "rt": 2, "rw": 9, "dusun": "Tegalsari", "fungsi_b": "Rumah Tinggal", "jenis_b": "Permanen", "material_b": "Tembok Bata", "material_atap": "Genteng", "ket_lantai": "Keramik Ubin", "sanitasi": "Milik Sendiri", "sumber_air": "Sumur", "kelas_layak": "Layak", "nama_kk": "Titik Handayani", "jenis_peke": "Karyawan Swasta", "kepemilikan": "Garap Orang", "pendidikan_kk": "Sma", "anak_usia_sekolah": "Tidak", "paud": 0, "sd": 0, "smp": 0, "sma": 0, "putus_sekolah": "Tidak", "jml_putus_sekolah": 0, "arah_hadap": "Utara", "arah_hadap_deg": 0, "centroid_lon": 110.1733455, "centroid_lat": -7.5506015, "jumlah_lan": 1}, "geometry": {"type": "Polygon", "coordinates": [[[110.17342031988588, -7.55064090933563], [110.17329652504701, -7.550613209589458], [110.17329773809152, -7.55060733093626], [110.1732692859193, -7.5506028541792585], [110.1732826887639, -7.550539389356056], [110.17343139689613, -7.550566002013413], [110.17342031988588, -7.55064090933563]]]}}, {"type": "Feature", "properties": {"OBJECTID_1": 126, "kode_bangunan": 147, "rt": 2, "rw": 9, "dusun": "Tegalsari", "fungsi_b": "Rumah Tinggal", "jenis_b": "Permanen", "material_b": "Tembok Bata", "material_atap": "Genteng", "ket_lantai": "Keramik Ubin", "sanitasi": "Milik Sendiri", "sumber_air": "Sumur", "kelas_layak": "Layak", "nama_kk": "Endang Sulastri", "jenis_peke": "Karyawan Swasta", "kepemilikan": "Garap Orang", "pendidikan_kk": "Sma", "anak_usia_sekolah": "Tidak", "paud": 0, "sd": 0, "smp": 0, "sma": 0, "putus_sekolah": "Tidak", "jml_putus_sekolah": 0, "arah_hadap": "Utara", "arah_hadap_deg": 0, "centroid_lon": 110.1734069, "centroid_lat": -7.5504927, "jumlah_lan": 1}, "geometry": {"type": "Polygon", "coordinates": [[[110.17348005123807, -7.550473342936864], [110.17345694004135, -7.550551137218554], [110.17329917290752, -7.5505195580991025], [110.173318468145, -7.550446099031556], [110.17348005123807, -7.550473342936864]]]}}, {"type": "Feature", "properties": {"OBJECTID_1": 127, "kode_bangunan": 148, "rt": 2, "rw": 9, "dusun": "Tegalsari", "fungsi_b": "Rumah Tinggal", "jenis_b": "Permanen", "material_b": "Tembok Bata", "material_atap": "Genteng", "ket_lantai": "Keramik Ubin", "sanitasi": "Milik Sendiri", "sumber_air": "Sumur", "kelas_layak": "Layak", "nama_kk": "Siti Aminah", "jenis_peke": "Karyawan Swasta", "kepemilikan": "Garap Orang", "pendidikan_kk": "Sma", "anak_usia_sekolah": "Tidak", "paud": 0, "sd": 0, "smp": 0, "sma": 0, "putus_sekolah": "Tidak", "jml_putus_sekolah": 0, "arah_hadap": "Utara", "arah_hadap_deg": 0, "centroid_lon": 110.1734489, "centroid_lat": -7.5504292, "jumlah_lan": 1}, "geometry": {"type": "Polygon", "coordinates": [[[110.17349218678731, -7.55041662405387], [110.17347933057874, -7.550468612936334], [110.17338495778783, -7.550452066881401], [110.17339568011108, -7.5503921000436085], [110.17349218678731, -7.55041662405387]]]}}, {"type": "Feature", "properties": {"OBJECTID_1": 128, "kode_bangunan": 149, "rt": 2, "rw": 9, "dusun": "Tegalsari", "fungsi_b": "Rumah Tinggal", "jenis_b": "Permanen", "material_b": "Tembok Bata", "material_atap": "Genteng", "ket_lantai": "Keramik Ubin", "sanitasi": "Milik Sendiri", "sumber_air": "Sumur", "kelas_layak": "Layak", "nama_kk": "Dewi Kartika", "jenis_peke": "Karyawan Swasta", "kepemilikan": "Garap Orang", "pendidikan_kk": "Sma", "anak_usia_sekolah": "Tidak", "paud": 0, "sd": 0, "smp": 0, "sma": 0, "putus_sekolah": "Tidak", "jml_putus_sekolah": 0, "arah_hadap": "Utara", "arah_hadap_deg": 0, "centroid_lon": 110.1734747, "centroid_lat": -7.5503074, "jumlah_lan": 1}, "geometry": {"type": "Polygon", "coordinates": [[[110.17351800559277, -7.550256631852314], [110.17349112201282, -7.550401708923354], [110.17340404047478, -7.550384085859558], [110.17344222221315, -7.5502380668949165], [110.17351800559277, -7.550256631852314]]]}}, {"type": "Feature", "properties": {"OBJECTID_1": 129, "kode_bangunan": 150, "rt": 2, "rw": 9, "dusun": "Tegalsari", "fungsi_b": "Rumah Tinggal", "jenis_b": "Permanen", "material_b": "Tembok Bata", "material_atap": "Genteng", "ket_lantai": "Keramik Ubin", "sanitasi": "Milik Sendiri", "sumber_air": "Sumur", "kelas_layak": "Layak", "nama_kk": "Iwan Setiawan", "jenis_peke": "Karyawan Swasta", "kepemilikan": "Garap Orang", "pendidikan_kk": "Sma", "anak_usia_sekolah": "Tidak", "paud": 0, "sd": 0, "smp": 0, "sma": 0, "putus_sekolah": "Tidak", "jml_putus_sekolah": 0, "arah_hadap": "Utara", "arah_hadap_deg": 0, "centroid_lon": 110.1731603, "centroid_lat": -7.550409, "jumlah_lan": 1}, "geometry": {"type": "Polygon", "coordinates": [[[110.17319546254967, -7.5504295204700504], [110.17315098736479, -7.550433074138417], [110.17310362238514, -7.550422436422579], [110.17311733761991, -7.550362006737429], [110.17319920666274, -7.550377150754776], [110.17319546254967, -7.5504295204700504]]]}}, {"type": "Feature", "properties": {"OBJECTID_1": 130, "kode_bangunan": 151, "rt": 2, "rw": 9, "dusun": "Tegalsari", "fungsi_b": "Rumah Tinggal", "jenis_b": "Permanen", "material_b": "Tembok Bata", "material_atap": "Genteng", "ket_lantai": "Keramik Ubin", "sanitasi": "Milik Sendiri", "sumber_air": "Sumur", "kelas_layak": "Layak", "nama_kk": "Arip Triyono", "jenis_peke": "Karyawan Swasta", "kepemilikan": "Garap Orang", "pendidikan_kk": "Sd", "anak_usia_sekolah": "Ya", "paud": 0, "sd": 0, "smp": 0, "sma": 1, "putus_sekolah": "Tidak", "jml_putus_sekolah": 0, "arah_hadap": "Utara", "arah_hadap_deg": 0, "centroid_lon": 110.1732756, "centroid_lat": -7.5502827, "jumlah_lan": 1}, "geometry": {"type": "Polygon", "coordinates": [[[110.17330538958942, -7.55026351886438], [110.17328279863659, -7.5503666007508885], [110.17322147938555, -7.550349491299819], [110.17324673890093, -7.550234411977785], [110.17328583244542, -7.550243462035141], [110.17328160573152, -7.550257886873284], [110.17330538958942, -7.55026351886438]]]}}, {"type": "Feature", "properties": {"OBJECTID_1": 131, "kode_bangunan": 152, "rt": 2, "rw": 9, "dusun": "Tegalsari", "fungsi_b": "Rumah Tinggal", "jenis_b": "Permanen", "material_b": "Semi Permanen", "material_atap": "Genteng", "ket_lantai": "Tanah", "sanitasi": "Milik Sendiri", "sumber_air": "Sumur", "kelas_layak": "Kurang Layak", "nama_kk": "parti", "jenis_peke": "Tidak Bekerja", "kepemilikan": "Garap Orang", "pendidikan_kk": "Tidak Sekolah", "anak_usia_sekolah": "Ya", "paud": 0, "sd": 0, "smp": 0, "sma": 1, "putus_sekolah": "Tidak", "jml_putus_sekolah": 0, "arah_hadap": "Utara", "arah_hadap_deg": 0, "centroid_lon": 110.173191, "centroid_lat": -7.5502737, "jumlah_lan": 1}, "geometry": {"type": "Polygon", "coordinates": [[[110.17322139725945, -7.55026964519545], [110.17320285535651, -7.550329203780468], [110.17314363132668, -7.550314193066534], [110.17315536994097, -7.550275107245576], [110.17316846632387, -7.550220759034119], [110.17322402607451, -7.550237059838636], [110.17322139725945, -7.55026964519545]]]}}, {"type": "Feature", "properties": {"OBJECTID_1": 132, "kode_bangunan": 153, "rt": 2, "rw": 9, "dusun": "Tegalsari", "fungsi_b": "Rumah Tinggal", "jenis_b": "Permanen", "material_b": "Tembok Bata", "material_atap": "Genteng", "ket_lantai": "Keramik Ubin", "sanitasi": "Milik Sendiri", "sumber_air": "Sumur", "kelas_layak": "Layak", "nama_kk": "Ghofar", "jenis_peke": "Pns Tni Polri", "kepemilikan": "Garap Orang", "pendidikan_kk": "Diploma Sarjana", "anak_usia_sekolah": "Tidak", "paud": 0, "sd": 0, "smp": 0, "sma": 0, "putus_sekolah": "Tidak", "jml_putus_sekolah": 0, "arah_hadap": "Utara", "arah_hadap_deg": 0, "centroid_lon": 110.1734895, "centroid_lat": -7.5501688, "jumlah_lan": 1}, "geometry": {"type": "Polygon", "coordinates": [[[110.17353211815329, -7.5501191689808005], [110.17350672522596, -7.55024678963831], [110.17346591882456, -7.550237619681811], [110.17347659965996, -7.55017944273317], [110.17345036442288, -7.550175028975572], [110.17346268806624, -7.55010469707363], [110.17353211815329, -7.5501191689808005]]]}}, {"type": "Feature", "properties": {"OBJECTID_1": 133, "kode_bangunan": 154, "rt": 2, "rw": 9, "dusun": "Tegalsari", "fungsi_b": "Rumah Tinggal", "jenis_b": "Permanen", "material_b": "Tembok Bata", "material_atap": "Genteng", "ket_lantai": "Keramik Ubin", "sanitasi": "Milik Sendiri", "sumber_air": "Sumur", "kelas_layak": "Layak", "nama_kk": "Udjianto", "jenis_peke": "Tidak Bekerja", "kepemilikan": "Garap Orang", "pendidikan_kk": "Smp", "anak_usia_sekolah": "Tidak", "paud": 0, "sd": 0, "smp": 0, "sma": 0, "putus_sekolah": "Tidak", "jml_putus_sekolah": 0, "arah_hadap": "Selatan", "arah_hadap_deg": 180, "centroid_lon": 110.1733081, "centroid_lat": -7.5501587, "jumlah_lan": 1}, "geometry": {"type": "Polygon", "coordinates": [[[110.17329659694026, -7.550119321305995], [110.17335640167255, -7.5501344769084495], [110.17335494999082, -7.550140015025067], [110.17333877784542, -7.550201733485028], [110.17331145434588, -7.550194770636051], [110.17330340491824, -7.55021039572691], [110.17324292739188, -7.550195369088876], [110.17327150926812, -7.55011296326197], [110.17329659694026, -7.550119321305995]]]}}, {"type": "Feature", "properties": {"OBJECTID_1": 134, "kode_bangunan": 155, "rt": 2, "rw": 9, "dusun": "Tegalsari", "fungsi_b": "Rumah Tinggal", "jenis_b": "Permanen", "material_b": "Tembok Bata", "material_atap": "Genteng", "ket_lantai": "Semen Plester", "sanitasi": "Milik Sendiri", "sumber_air": "Sumur", "kelas_layak": "Layak", "nama_kk": "Muhsinun", "jenis_peke": "Tidak Bekerja", "kepemilikan": "Garap Orang", "pendidikan_kk": "Sma", "anak_usia_sekolah": "Ya", "paud": 0, "sd": 0, "smp": 1, "sma": 1, "putus_sekolah": "Tidak", "jml_putus_sekolah": 0, "arah_hadap": "Timur", "arah_hadap_deg": 90, "centroid_lon": 110.1735009, "centroid_lat": -7.5499864, "jumlah_lan": 1}, "geometry": {"type": "Polygon", "coordinates": [[[110.17356452290068, -7.549945731423857], [110.17353547090896, -7.550080983524983], [110.17340249343772, -7.550047632431221], [110.17343763409919, -7.549911685459059], [110.17356452290068, -7.549945731423857]]]}}, {"type": "Feature", "properties": {"OBJECTID_1": 135, "kode_bangunan": 156, "rt": 2, "rw": 9, "dusun": "Tegalsari", "fungsi_b": "Rumah Tinggal", "jenis_b": "Permanen", "material_b": "Tembok Bata", "material_atap": "Genteng", "ket_lantai": "Keramik Ubin", "sanitasi": "Milik Sendiri", "sumber_air": "Sumur", "kelas_layak": "Layak", "nama_kk": "Lasmono", "jenis_peke": "Pedagang", "kepemilikan": "Garap Orang", "pendidikan_kk": "Smp", "anak_usia_sekolah": "Ya", "paud": 0, "sd": 0, "smp": 0, "sma": 1, "putus_sekolah": "Tidak", "jml_putus_sekolah": 0, "arah_hadap": "Timur", "arah_hadap_deg": 90, "centroid_lon": 110.1733699, "centroid_lat": -7.5501363, "jumlah_lan": 1}, "geometry": {"type": "Polygon", "coordinates": [[[110.17335494999082, -7.550140015025067], [110.17335640167255, -7.5501344769084495], [110.17329659694026, -7.550119321305995], [110.1733195899421, -7.550037423168846], [110.17346623941697, -7.550068850083304], [110.17342766736014, -7.55022663563951], [110.17336827740188, -7.550214519892892], [110.17338444790154, -7.5501450780478], [110.17335494999082, -7.550140015025067]]]}}, {"type": "Feature", "properties": {"OBJECTID_1": 136, "kode_bangunan": 157, "rt": 2, "rw": 9, "dusun": "Tegalsari", "fungsi_b": "Rumah Tinggal", "jenis_b": "Permanen", "material_b": "Tembok Bata", "material_atap": "Genteng", "ket_lantai": "Keramik Ubin", "sanitasi": "Milik Sendiri", "sumber_air": "Sumur", "kelas_layak": "Layak", "nama_kk": "Mugiyarto", "jenis_peke": "Karyawan Swasta", "kepemilikan": "Garap Orang", "pendidikan_kk": "Sma", "anak_usia_sekolah": "Ya", "paud": 0, "sd": 1, "smp": 0, "sma": 1, "putus_sekolah": "Tidak", "jml_putus_sekolah": 0, "arah_hadap": "Utara", "arah_hadap_deg": 0, "centroid_lon": 110.1733226, "centroid_lat": -7.5499356, "jumlah_lan": 1}, "geometry": {"type": "Polygon", "coordinates": [[[110.17334996590206, -7.549876580341504], [110.17332561235939, -7.550032938377564], [110.17327715362289, -7.550022662217462], [110.17331019787896, -7.549869043121655], [110.17334996590206, -7.549876580341504]]]}}, {"type": "Feature", "properties": {"OBJECTID_1": 137, "kode_bangunan": 158, "rt": 2, "rw": 9, "dusun": "Tegalsari", "fungsi_b": "Rumah Tinggal", "jenis_b": "Permanen", "material_b": "Tembok Bata", "material_atap": "Genteng", "ket_lantai": "Semen Plester", "sanitasi": "Milik Sendiri", "sumber_air": "Sumur", "kelas_layak": "Layak", "nama_kk": "Muhson", "jenis_peke": "Buruh Bangunan", "kepemilikan": "Garap Orang", "pendidikan_kk": "Sma", "anak_usia_sekolah": "Tidak", "paud": 0, "sd": 0, "smp": 0, "sma": 0, "putus_sekolah": "Tidak", "jml_putus_sekolah": 0, "arah_hadap": "Utara", "arah_hadap_deg": 0, "centroid_lon": 110.1732537, "centroid_lat": -7.5499634, "jumlah_lan": 1}, "geometry": {"type": "Polygon", "coordinates": [[[110.17328644196483, -7.5499302922780265], [110.17327168007984, -7.550025925185481], [110.17320245137368, -7.55001233639581], [110.17322153602038, -7.549918042165828], [110.17328644196483, -7.5499302922780265]]]}}, {"type": "Feature", "properties": {"OBJECTID_1": 138, "kode_bangunan": 159, "rt": 2, "rw": 9, "dusun": "Tegalsari", "fungsi_b": "Rumah Tinggal", "jenis_b": "Permanen", "material_b": "Tembok Bata", "material_atap": "Genteng", "ket_lantai": "Keramik Ubin", "sanitasi": "Milik Sendiri", "sumber_air": "Sumur", "kelas_layak": "Layak", "nama_kk": "Ahmad mulyono", "jenis_peke": "Buruh Tani", "kepemilikan": "Garap Orang", "pendidikan_kk": "Tidak Sekolah", "anak_usia_sekolah": "Tidak", "paud": 0, "sd": 0, "smp": 0, "sma": 0, "putus_sekolah": "Tidak", "jml_putus_sekolah": 0, "arah_hadap": "Utara", "arah_hadap_deg": 0, "centroid_lon": 110.1731584, "centroid_lat": -7.5499747, "jumlah_lan": 1}, "geometry": {"type": "Polygon", "coordinates": [[[110.17321245948057, -7.549924696458593], [110.17319842376484, -7.550022149651194], [110.17313829543212, -7.550015124718892], [110.17312735711327, -7.550016559333096], [110.17310075683501, -7.55001250756277], [110.17311893697664, -7.549907216732879], [110.17321245948057, -7.549924696458593]]]}}, {"type": "Feature", "properties": {"OBJECTID_1": 139, "kode_bangunan": 160, "rt": 2, "rw": 9, "dusun": "Tegalsari", "fungsi_b": "Rumah Tinggal", "jenis_b": "Permanen", "material_b": "Tembok Bata", "material_atap": "Genteng", "ket_lantai": "Keramik Ubin", "sanitasi": "Milik Sendiri", "sumber_air": "Sumur", "kelas_layak": "Layak", "nama_kk": "Muhammad Yasin", "jenis_peke": "Karyawan Swasta", "kepemilikan": "Garap Orang", "pendidikan_kk": "Sma", "anak_usia_sekolah": "Tidak", "paud": 0, "sd": 0, "smp": 0, "sma": 0, "putus_sekolah": "Tidak", "jml_putus_sekolah": 0, "arah_hadap": "Utara", "arah_hadap_deg": 0, "centroid_lon": 110.1730154, "centroid_lat": -7.5499353, "jumlah_lan": 1}, "geometry": {"type": "Polygon", "coordinates": [[[110.1729646311608, -7.549972203050266], [110.17298431551511, -7.549908624402853], [110.17298715542266, -7.549908524857751], [110.17299415774818, -7.549908279428433], [110.17302013048591, -7.549820450828918], [110.17310801016902, -7.549840113266548], [110.17308450970067, -7.549931001895027], [110.17309322060102, -7.549950295625203], [110.17302606496409, -7.549996725890042], [110.17301151546374, -7.549981058034655], [110.17299873664503, -7.549992309133724], [110.17296304429924, -7.549977329369576], [110.1729646311608, -7.549972203050266]]]}}, {"type": "Feature", "properties": {"OBJECTID_1": 140, "kode_bangunan": 161, "rt": 2, "rw": 9, "dusun": "Tegalsari", "fungsi_b": "Toko", "jenis_b": "Permanen", "material_b": "Tembok Bata", "material_atap": "Seng Galvalum", "ket_lantai": "Keramik Ubin", "sanitasi": "Milik Sendiri", "sumber_air": "Sumur", "kelas_layak": "Layak", "nama_kk": "Joko Susilo", "jenis_peke": "Karyawan Swasta", "kepemilikan": "Garap Orang", "pendidikan_kk": "Sma", "anak_usia_sekolah": "Tidak", "paud": 0, "sd": 0, "smp": 0, "sma": 0, "putus_sekolah": "Tidak", "jml_putus_sekolah": 0, "arah_hadap": "Utara", "arah_hadap_deg": 0, "centroid_lon": 110.1729641, "centroid_lat": -7.5498981, "jumlah_lan": 1}, "geometry": {"type": "Polygon", "coordinates": [[[110.17298715542266, -7.549908524857751], [110.17298431551511, -7.549908624402853], [110.1729646311608, -7.549972203050266], [110.1728789976733, -7.549938141847492], [110.17291428520565, -7.549808929086728], [110.17300668626132, -7.549837011793452], [110.17298942883917, -7.549903178239375], [110.17298715542266, -7.549908524857751]]]}}, {"type": "Feature", "properties": {"OBJECTID_1": 141, "kode_bangunan": 162, "rt": 2, "rw": 9, "dusun": "Tegalsari", "fungsi_b": "Rumah Tinggal", "jenis_b": "Permanen", "material_b": "Tembok Bata", "material_atap": "Genteng", "ket_lantai": "Keramik Ubin", "sanitasi": "Milik Sendiri", "sumber_air": "Sumur", "kelas_layak": "Layak", "nama_kk": "Slamet Basuki", "jenis_peke": "Pedagang", "kepemilikan": "Garap Orang", "pendidikan_kk": "Smp", "anak_usia_sekolah": "Ya", "paud": 0, "sd": 1, "smp": 0, "sma": 1, "putus_sekolah": "Tidak", "jml_putus_sekolah": 0, "arah_hadap": "Utara", "arah_hadap_deg": 0, "centroid_lon": 110.1727848, "centroid_lat": -7.5499548, "jumlah_lan": 1}, "geometry": {"type": "Polygon", "coordinates": [[[110.17281573637726, -7.550004329738171], [110.17273810587564, -7.549981943347292], [110.17272939843272, -7.549979432298237], [110.17276366244727, -7.5498684691777065], [110.17284620616151, -7.549890540153299], [110.17281573637726, -7.550004329738171]]]}}, {"type": "Feature", "properties": {"OBJECTID_1": 142, "kode_bangunan": 163, "rt": 2, "rw": 9, "dusun": "Tegalsari", "fungsi_b": "Rumah Tinggal", "jenis_b": "Permanen", "material_b": "Tembok Bata", "material_atap": "Genteng", "ket_lantai": "Keramik Ubin", "sanitasi": "Milik Sendiri", "sumber_air": "Sumur", "kelas_layak": "Layak", "nama_kk": "Rudi Hartono", "jenis_peke": "Karyawan Swasta", "kepemilikan": "Garap Orang", "pendidikan_kk": "Sma", "anak_usia_sekolah": "Tidak", "paud": 0, "sd": 0, "smp": 0, "sma": 0, "putus_sekolah": "Tidak", "jml_putus_sekolah": 0, "arah_hadap": "Utara", "arah_hadap_deg": 0, "centroid_lon": 110.1727787, "centroid_lat": -7.5500402, "jumlah_lan": 1}, "geometry": {"type": "Polygon", "coordinates": [[[110.17281573637726, -7.550004329738171], [110.17284306283555, -7.550010200910822], [110.17281994049746, -7.550093815477295], [110.17277257487461, -7.550083541331107], [110.17276305365473, -7.550107165584027], [110.17270181622067, -7.550087578842169], [110.17273849235445, -7.54998890678828], [110.17273810587564, -7.549981943347292], [110.17281573637726, -7.550004329738171]]]}}, {"type": "Feature", "properties": {"OBJECTID_1": 143, "kode_bangunan": 164, "rt": 1, "rw": 9, "dusun": "Tegalsari", "fungsi_b": "Rumah Tinggal", "jenis_b": "Permanen", "material_b": "Tembok Bata", "material_atap": "Genteng", "ket_lantai": "Keramik Ubin", "sanitasi": "Milik Sendiri", "sumber_air": "Sumur", "kelas_layak": "Layak", "nama_kk": "Irfan Arfandi Susanto", "jenis_peke": "Karyawan Swasta", "kepemilikan": "Garap Orang", "pendidikan_kk": "Diploma Sarjana", "anak_usia_sekolah": "Ya", "paud": 0, "sd": 1, "smp": 1, "sma": 0, "putus_sekolah": "Tidak", "jml_putus_sekolah": 0, "arah_hadap": "Barat", "arah_hadap_deg": 270, "centroid_lon": 110.1727415, "centroid_lat": -7.5502602, "jumlah_lan": 1}, "geometry": {"type": "Polygon", "coordinates": [[[110.17280106790481, -7.550242908176578], [110.1727882157709, -7.550292715425838], [110.17274047607866, -7.550287532804458], [110.1727323991833, -7.550318070039555], [110.1726518735115, -7.550303368964425], [110.17267378451831, -7.550205685601122], [110.17274242537648, -7.5502209737908546], [110.17274241292961, -7.550227520414392], [110.17280106790481, -7.550242908176578]]]}}, {"type": "Feature", "properties": {"OBJECTID_1": 144, "kode_bangunan": 165, "rt": 1, "rw": 9, "dusun": "Tegalsari", "fungsi_b": "Rumah Tinggal", "jenis_b": "Permanen", "material_b": "Tembok Bata", "material_atap": "Asbes", "ket_lantai": "Keramik Ubin", "sanitasi": "Milik Sendiri", "sumber_air": "Sumur", "kelas_layak": "Layak", "nama_kk": "Joko Prasetyo", "jenis_peke": "Karyawan Swasta", "kepemilikan": "Garap Orang", "pendidikan_kk": "Sma", "anak_usia_sekolah": "Ya", "paud": 0, "sd": 0, "smp": 1, "sma": 1, "putus_sekolah": "Tidak", "jml_putus_sekolah": 0, "arah_hadap": "Barat", "arah_hadap_deg": 270, "centroid_lon": 110.1726708, "centroid_lat": -7.5504748, "jumlah_lan": 1}, "geometry": {"type": "Polygon", "coordinates": [[[110.17276744631553, -7.550516528382024], [110.17261246594309, -7.550515705809436], [110.17260114614434, -7.550515645480861], [110.17260069041262, -7.550455970457966], [110.17262290666412, -7.550453738657448], [110.17262028226648, -7.550408666021047], [110.1727739025199, -7.5504159467330005], [110.17276744631553, -7.550516528382024]]]}}, {"type": "Feature", "properties": {"OBJECTID_1": 145, "kode_bangunan": 166, "rt": 1, "rw": 9, "dusun": "Tegalsari", "fungsi_b": "Rumah Tinggal", "jenis_b": "Permanen", "material_b": "Tembok Bata", "material_atap": "Genteng", "ket_lantai": "Keramik Ubin", "sanitasi": "Milik Sendiri", "sumber_air": "Sumur", "kelas_layak": "Layak", "nama_kk": "Purwanto", "jenis_peke": "Buruh Bangunan", "kepemilikan": "Garap Orang", "pendidikan_kk": "Smp", "anak_usia_sekolah": "Tidak", "paud": 0, "sd": 0, "smp": 0, "sma": 0, "putus_sekolah": "Tidak", "jml_putus_sekolah": 0, "arah_hadap": "Barat", "arah_hadap_deg": 270, "centroid_lon": 110.1727055, "centroid_lat": -7.5505592, "jumlah_lan": 1}, "geometry": {"type": "Polygon", "coordinates": [[[110.17276744631553, -7.550516528382024], [110.1727642608558, -7.550622572063443], [110.17261594759736, -7.550624745999883], [110.17261246594309, -7.550515705809436], [110.17276744631553, -7.550516528382024]]]}}, {"type": "Feature", "properties": {"OBJECTID_1": 146, "kode_bangunan": 167, "rt": 1, "rw": 9, "dusun": "Tegalsari", "fungsi_b": "Rumah Tinggal", "jenis_b": "Permanen", "material_b": "Tembok Bata", "material_atap": "Genteng", "ket_lantai": "Keramik Ubin", "sanitasi": "Milik Sendiri", "sumber_air": "Sumur", "kelas_layak": "Layak", "nama_kk": "Kadis", "jenis_peke": "Pensiunan", "kepemilikan": "Garap Orang", "pendidikan_kk": "Sd", "anak_usia_sekolah": "Tidak", "paud": 0, "sd": 0, "smp": 0, "sma": 0, "putus_sekolah": "Tidak", "jml_putus_sekolah": 0, "arah_hadap": "Timur", "arah_hadap_deg": 90, "centroid_lon": 110.1725439, "centroid_lat": -7.5502627, "jumlah_lan": 1}, "geometry": {"type": "Polygon", "coordinates": [[[110.17258793282366, -7.550276354899508], [110.17256271290763, -7.550360987538147], [110.1724209770646, -7.550320936335436], [110.17245685472095, -7.550180344546477], [110.1725709738806, -7.550209827919792], [110.17256409217059, -7.550234821125268], [110.1725999585237, -7.550241709748569], [110.17258793282366, -7.550276354899508]]]}}, {"type": "Feature", "properties": {"OBJECTID_1": 147, "kode_bangunan": 168, "rt": 1, "rw": 9, "dusun": "Tegalsari", "fungsi_b": "Rumah Tinggal", "jenis_b": "Permanen", "material_b": "Tembok Bata", "material_atap": "Genteng", "ket_lantai": "Keramik Ubin", "sanitasi": "Milik Sendiri", "sumber_air": "Sumur", "kelas_layak": "Layak", "nama_kk": "Hardono", "jenis_peke": "Pns Tni Polri", "kepemilikan": "Garap Orang", "pendidikan_kk": "Diploma Sarjana", "anak_usia_sekolah": "Tidak", "paud": 0, "sd": 0, "smp": 0, "sma": 0, "putus_sekolah": "Tidak", "jml_putus_sekolah": 0, "arah_hadap": "Selatan", "arah_hadap_deg": 180, "centroid_lon": 110.1722403, "centroid_lat": -7.5506902, "jumlah_lan": 1}, "geometry": {"type": "Polygon", "coordinates": [[[110.17230137291551, -7.550610420139985], [110.1722551570039, -7.5507623716159395], [110.17222346341951, -7.550753217901068], [110.1722161608847, -7.550759751616281], [110.17216916256393, -7.550748386383993], [110.17221509664658, -7.550586890284146], [110.17230137291551, -7.550610420139985]]]}}, {"type": "Feature", "properties": {"OBJECTID_1": 148, "kode_bangunan": 169, "rt": 1, "rw": 9, "dusun": "Tegalsari", "fungsi_b": "Rumah Tinggal", "jenis_b": "Permanen", "material_b": "Tembok Bata", "material_atap": "Genteng", "ket_lantai": "Keramik Ubin", "sanitasi": "Milik Sendiri", "sumber_air": "Sumur", "kelas_layak": "Layak", "nama_kk": "Sri Lestari", "jenis_peke": "Karyawan Swasta", "kepemilikan": "Garap Orang", "pendidikan_kk": "Sma", "anak_usia_sekolah": "Tidak", "paud": 0, "sd": 0, "smp": 0, "sma": 0, "putus_sekolah": "Tidak", "jml_putus_sekolah": 0, "arah_hadap": "Utara", "arah_hadap_deg": 0, "centroid_lon": 110.1721095, "centroid_lat": -7.5506824, "jumlah_lan": 1}, "geometry": {"type": "MultiPolygon", "coordinates": [[[[110.17213147690924, -7.550715374622346], [110.17211941546786, -7.55076877504031], [110.17207842255281, -7.55076187756394], [110.17208479240914, -7.550706761412764], [110.1720614647599, -7.550694782559216], [110.17210224105666, -7.550541146605168], [110.17216652278555, -7.55055517301579], [110.17213147690924, -7.550715374622346]]], [[[110.17208682538487, -7.550536267558637], [110.172051809765, -7.5506805557445], [110.17201082551105, -7.550669112349115], [110.1720090899324, -7.550683316674362], [110.1719726653368, -7.550670176061945], [110.17199336341422, -7.5505679164849315], [110.17200977133338, -7.5505157724938625], [110.17208682538487, -7.550536267558637]]]]}}, {"type": "Feature", "properties": {"OBJECTID_1": 149, "kode_bangunan": 171, "rt": 1, "rw": 9, "dusun": "Tegalsari", "fungsi_b": "Rumah Tinggal", "jenis_b": "Permanen", "material_b": "Tembok Bata", "material_atap": "Genteng", "ket_lantai": "Keramik Ubin", "sanitasi": "Milik Sendiri", "sumber_air": "Sumur", "kelas_layak": "Layak", "nama_kk": "Atun", "jenis_peke": "Karyawan Swasta", "kepemilikan": "Garap Orang", "pendidikan_kk": "Sma", "anak_usia_sekolah": "Tidak", "paud": 0, "sd": 0, "smp": 0, "sma": 0, "putus_sekolah": "Tidak", "jml_putus_sekolah": 0, "arah_hadap": "Utara", "arah_hadap_deg": 0, "centroid_lon": 110.1718873, "centroid_lat": -7.5505877, "jumlah_lan": 1}, "geometry": {"type": "Polygon", "coordinates": [[[110.17199519308805, -7.5505042678864625], [110.17195163166936, -7.550649676801128], [110.17190723683262, -7.5506348161287065], [110.17189515452313, -7.5506686905264], [110.17180701735226, -7.550646642224646], [110.171811746338, -7.550613129252168], [110.17179239341479, -7.550608669648074], [110.17182969205702, -7.550458798828956], [110.17199519308805, -7.5505042678864625]]]}}, {"type": "Feature", "properties": {"OBJECTID_1": 150, "kode_bangunan": 172, "rt": 1, "rw": 9, "dusun": "Tegalsari", "fungsi_b": "Rumah Tinggal", "jenis_b": "Permanen", "material_b": "Tembok Bata", "material_atap": "Genteng", "ket_lantai": "Keramik Ubin", "sanitasi": "Milik Sendiri", "sumber_air": "Sumur", "kelas_layak": "Layak", "nama_kk": "Suroto", "jenis_peke": "Pedagang", "kepemilikan": "Garap Orang", "pendidikan_kk": "Sd", "anak_usia_sekolah": "Tidak", "paud": 0, "sd": 0, "smp": 0, "sma": 0, "putus_sekolah": "Tidak", "jml_putus_sekolah": 0, "arah_hadap": "Timur", "arah_hadap_deg": 90, "centroid_lon": 110.1716942, "centroid_lat": -7.5502426, "jumlah_lan": 1}, "geometry": {"type": "Polygon", "coordinates": [[[110.1717904617126, -7.550220688147795], [110.17176665929551, -7.550306722645976], [110.17166511175559, -7.550276319523234], [110.17165348191368, -7.550285816251062], [110.17158758719226, -7.5502621015127005], [110.17161253288272, -7.550173060885851], [110.17168724526093, -7.550195661731507], [110.1717904617126, -7.550220688147795]]]}}, {"type": "Feature", "properties": {"OBJECTID_1": 151, "kode_bangunan": 173, "rt": 1, "rw": 9, "dusun": "Tegalsari", "fungsi_b": "Rumah Tinggal", "jenis_b": "Permanen", "material_b": "Tembok Bata", "material_atap": "Genteng", "ket_lantai": "Keramik Ubin", "sanitasi": "Milik Sendiri", "sumber_air": "Sumur", "kelas_layak": "Layak", "nama_kk": "Munawir", "jenis_peke": "Pensiunan", "kepemilikan": "Garap Orang", "pendidikan_kk": "Diploma Sarjana", "anak_usia_sekolah": "Ya", "paud": 0, "sd": 0, "smp": 0, "sma": 1, "putus_sekolah": "Tidak", "jml_putus_sekolah": 0, "arah_hadap": "Timur", "arah_hadap_deg": 90, "centroid_lon": 110.171727, "centroid_lat": -7.5501121, "jumlah_lan": 1}, "geometry": {"type": "Polygon", "coordinates": [[[110.1717840032953, -7.55012756122399], [110.17175606913212, -7.550205725222947], [110.17160603784775, -7.55015536503224], [110.17165915619648, -7.550012381101405], [110.17173481307044, -7.5500430444764035], [110.17171852843714, -7.5501013654024245], [110.17177364313699, -7.550123816927106], [110.1717840032953, -7.55012756122399]]]}}, {"type": "Feature", "properties": {"OBJECTID_1": 8, "kode_bangunan": 8, "rt": 4, "rw": 9, "dusun": "Tegalsari", "fungsi_b": "Rumah Tinggal", "jenis_b": "Permanen", "material_b": "Tembok Bata", "material_atap": "Genteng", "ket_lantai": "Keramik Ubin", "sanitasi": "Milik Sendiri", "sumber_air": "Sumur", "kelas_layak": "Layak", "nama_kk": "Joko Susilo", "jenis_peke": "Karyawan Swasta", "kepemilikan": "Garap Orang", "pendidikan_kk": "Sma", "anak_usia_sekolah": "Tidak", "paud": 0, "sd": 0, "smp": 0, "sma": 0, "putus_sekolah": "Tidak", "jml_putus_sekolah": 0, "arah_hadap": "Utara", "arah_hadap_deg": 0, "centroid_lon": 110.1732772, "centroid_lat": -7.553364, "jumlah_lan": 1}, "geometry": {"type": "Polygon", "coordinates": [[[110.17331875804605, -7.553307445843155], [110.17330652540494, -7.553388465260801], [110.17330550463727, -7.553395227956186], [110.17330062217538, -7.553422728561505], [110.17326832397715, -7.55341634599618], [110.1732686499266, -7.553411763598456], [110.17320785105137, -7.553401532774781], [110.17321340967263, -7.5533769024705935], [110.17321532745032, -7.553368403057539], [110.17327813617922, -7.5533784359843175], [110.17328926851413, -7.55331217021906], [110.17329061708732, -7.553304140059139], [110.17329923318295, -7.553305152203035], [110.17331875804605, -7.553307445843155]]]}}, {"type": "Feature", "properties": {"OBJECTID_1": 152, "kode_bangunan": 174, "rt": 1, "rw": 9, "dusun": "Tegalsari", "fungsi_b": "Rumah Tinggal", "jenis_b": "Permanen", "material_b": "Tembok Bata", "material_atap": "Genteng", "ket_lantai": "Keramik Ubin", "sanitasi": "Milik Sendiri", "sumber_air": "Sumur", "kelas_layak": "Layak", "nama_kk": "Syarifuddin", "jenis_peke": "Pedagang", "kepemilikan": "Garap Orang", "pendidikan_kk": "Smp", "anak_usia_sekolah": "Ya", "paud": 0, "sd": 1, "smp": 1, "sma": 0, "putus_sekolah": "Tidak", "jml_putus_sekolah": 0, "arah_hadap": "Utara", "arah_hadap_deg": 0, "centroid_lon": 110.1726087, "centroid_lat": -7.5498965, "jumlah_lan": 1}, "geometry": {"type": "Polygon", "coordinates": [[[110.17271640789146, -7.549844603573936], [110.17269679174062, -7.549909953312218], [110.17267109826146, -7.549899972539433], [110.17265229975993, -7.549971945541797], [110.1725702267324, -7.5499506849324955], [110.17255941669923, -7.549964734597723], [110.17249807829089, -7.549943926587238], [110.17252394648044, -7.5498620348557015], [110.17253223295019, -7.549866188556634], [110.1725585579965, -7.549803337050903], [110.17271640789146, -7.549844603573936]]]}}, {"type": "Feature", "properties": {"OBJECTID_1": 153, "kode_bangunan": 175, "rt": 1, "rw": 9, "dusun": "Tegalsari", "fungsi_b": "Rumah Tinggal", "jenis_b": "Permanen", "material_b": "Tembok Bata", "material_atap": "Asbes", "ket_lantai": "Keramik Ubin", "sanitasi": "Milik Sendiri", "sumber_air": "Sumur", "kelas_layak": "Layak", "nama_kk": "Kiptiyah", "jenis_peke": "Buruh Bangunan", "kepemilikan": "Garap Orang", "pendidikan_kk": "Sd", "anak_usia_sekolah": "Tidak", "paud": 0, "sd": 0, "smp": 0, "sma": 0, "putus_sekolah": "Tidak", "jml_putus_sekolah": 0, "arah_hadap": "Utara", "arah_hadap_deg": 0, "centroid_lon": 110.1722254, "centroid_lat": -7.5499452, "jumlah_lan": 1}, "geometry": {"type": "Polygon", "coordinates": [[[110.17226001743335, -7.549951752612965], [110.17223625909709, -7.550014197417409], [110.17213803379408, -7.5499817321494715], [110.17218158972689, -7.549874382918324], [110.17225970780143, -7.549896296377736], [110.17224219451957, -7.549946338986836], [110.17226001743335, -7.549951752612965]]]}}, {"type": "Feature", "properties": {"OBJECTID_1": 154, "kode_bangunan": 177, "rt": 1, "rw": 9, "dusun": "Tegalsari", "fungsi_b": "Rumah Tinggal", "jenis_b": "Permanen", "material_b": "Tembok Bata", "material_atap": "Asbes", "ket_lantai": "Semen Plester", "sanitasi": "Umum Bersama", "sumber_air": "Sumur", "kelas_layak": "Layak", "nama_kk": "Sardi", "jenis_peke": "Buruh Bangunan", "kepemilikan": "Garap Orang", "pendidikan_kk": "Sd", "anak_usia_sekolah": "Tidak", "paud": 0, "sd": 0, "smp": 0, "sma": 0, "putus_sekolah": "Tidak", "jml_putus_sekolah": 0, "arah_hadap": "Utara", "arah_hadap_deg": 0, "centroid_lon": 110.1722318, "centroid_lat": -7.5497628, "jumlah_lan": 1}, "geometry": {"type": "Polygon", "coordinates": [[[110.17228520172871, -7.549741005176526], [110.17226413062053, -7.549794996351788], [110.17224788486247, -7.5497890891530455], [110.1722269998917, -7.549867679896508], [110.17213582291826, -7.54983605468073], [110.17217270761472, -7.549761682009541], [110.17217420469221, -7.549758016263577], [110.17220922936868, -7.549672258957038], [110.17227890772698, -7.549700998833896], [110.17226956628589, -7.549728262149339], [110.17228520172871, -7.549741005176526]]]}}, {"type": "Feature", "properties": {"OBJECTID_1": 155, "kode_bangunan": 178, "rt": 1, "rw": 9, "dusun": "Tegalsari", "fungsi_b": "Rumah Tinggal", "jenis_b": "Permanen", "material_b": "Tembok Bata", "material_atap": "Genteng", "ket_lantai": "Semen Plester", "sanitasi": "Milik Sendiri", "sumber_air": "Sumur", "kelas_layak": "Layak", "nama_kk": "Moh. Baidowi", "jenis_peke": "Buruh Bangunan", "kepemilikan": "Garap Orang", "pendidikan_kk": "Smp", "anak_usia_sekolah": "Ya", "paud": 0, "sd": 1, "smp": 1, "sma": 0, "putus_sekolah": "Tidak", "jml_putus_sekolah": 0, "arah_hadap": "Utara", "arah_hadap_deg": 0, "centroid_lon": 110.1721612, "centroid_lat": -7.54971, "jumlah_lan": 1}, "geometry": {"type": "Polygon", "coordinates": [[[110.17217420469221, -7.549758016263577], [110.17210930139915, -7.549729166929469], [110.17214278752469, -7.549640771051561], [110.1722054577006, -7.549663779521873], [110.17217420469221, -7.549758016263577]]]}}, {"type": "Feature", "properties": {"OBJECTID_1": 156, "kode_bangunan": 179, "rt": 1, "rw": 9, "dusun": "Tegalsari", "fungsi_b": "Rumah Kosong", "jenis_b": "Permanen", "material_b": "Tembok Bata", "material_atap": "Genteng", "ket_lantai": "Semen Plester", "sanitasi": "Milik Sendiri", "sumber_air": "Sumur", "kelas_layak": "Layak", "nama_kk": "Titik Handayani", "jenis_peke": "Karyawan Swasta", "kepemilikan": "Garap Orang", "pendidikan_kk": "Sma", "anak_usia_sekolah": "Tidak", "paud": 0, "sd": 0, "smp": 0, "sma": 0, "putus_sekolah": "Tidak", "jml_putus_sekolah": 0, "arah_hadap": "Utara", "arah_hadap_deg": 0, "centroid_lon": 110.1720433, "centroid_lat": -7.5496591, "jumlah_lan": 1}, "geometry": {"type": "Polygon", "coordinates": [[[110.17209428258849, -7.5496452938271075], [110.17207583854982, -7.5497138575680705], [110.17196389736407, -7.5496797436397625], [110.17198830012289, -7.549611124264369], [110.17209428258849, -7.5496452938271075]]]}}, {"type": "Feature", "properties": {"OBJECTID_1": 157, "kode_bangunan": 180, "rt": 1, "rw": 9, "dusun": "Tegalsari", "fungsi_b": "Rumah Tinggal", "jenis_b": "Permanen", "material_b": "Tembok Bata", "material_atap": "Genteng", "ket_lantai": "Keramik Ubin", "sanitasi": "Milik Sendiri", "sumber_air": "Sumur", "kelas_layak": "Layak", "nama_kk": "Suhartono", "jenis_peke": "Petani Kebun", "kepemilikan": "Sewa", "pendidikan_kk": "Sd", "anak_usia_sekolah": "Ya", "paud": 0, "sd": 0, "smp": 0, "sma": 0, "putus_sekolah": "Tidak", "jml_putus_sekolah": 0, "arah_hadap": "Utara", "arah_hadap_deg": 0, "centroid_lon": 110.1718908, "centroid_lat": -7.5496375, "jumlah_lan": 1}, "geometry": {"type": "Polygon", "coordinates": [[[110.17189639522854, -7.549688177556593], [110.1718433507395, -7.5496695496060955], [110.17184522968877, -7.549664308071852], [110.1718472571672, -7.549658652566001], [110.17188546486166, -7.549552081035682], [110.17188899768097, -7.549542227964479], [110.1719787330497, -7.549572139210734], [110.17193576963757, -7.549702004832291], [110.17189639522854, -7.549688177556593]]]}}, {"type": "Feature", "properties": {"OBJECTID_1": 158, "kode_bangunan": 181, "rt": 1, "rw": 9, "dusun": "Tegalsari", "fungsi_b": "Rumah Tinggal", "jenis_b": "Permanen", "material_b": "Tembok Bata", "material_atap": "Genteng", "ket_lantai": "Keramik Ubin", "sanitasi": "Milik Sendiri", "sumber_air": "Sumur", "kelas_layak": "Layak", "nama_kk": "Murni Indrayati", "jenis_peke": "Tidak Bekerja", "kepemilikan": "Garap Orang", "pendidikan_kk": "Sma", "anak_usia_sekolah": "Ya", "paud": 1, "sd": 1, "smp": 0, "sma": 0, "putus_sekolah": "Tidak", "jml_putus_sekolah": 0, "arah_hadap": "Timur", "arah_hadap_deg": 90, "centroid_lon": 110.1718395, "centroid_lat": -7.5497118, "jumlah_lan": 1}, "geometry": {"type": "Polygon", "coordinates": [[[110.17184522968877, -7.549664308071852], [110.1718433507395, -7.5496695496060955], [110.17189639522854, -7.549688177556593], [110.17186581673693, -7.549753718119756], [110.17190187372626, -7.54977471075537], [110.1718805374014, -7.5498289664176275], [110.1717442660876, -7.549763858542615], [110.17178237864965, -7.549664905302888], [110.17178984795065, -7.549645511069996], [110.17184522968877, -7.549664308071852]]]}}, {"type": "Feature", "properties": {"OBJECTID_1": 159, "kode_bangunan": 182, "rt": 1, "rw": 9, "dusun": "Tegalsari", "fungsi_b": "Rumah Tinggal", "jenis_b": "Permanen", "material_b": "Tembok Bata", "material_atap": "Genteng", "ket_lantai": "Semen Plester", "sanitasi": "Umum Bersama", "sumber_air": "Sumur", "kelas_layak": "Layak", "nama_kk": "Nasikin", "jenis_peke": "Tidak Bekerja", "kepemilikan": "Garap Orang", "pendidikan_kk": "Sd", "anak_usia_sekolah": "Ya", "paud": 0, "sd": 0, "smp": 0, "sma": 1, "putus_sekolah": "Tidak", "jml_putus_sekolah": 0, "arah_hadap": "Utara", "arah_hadap_deg": 0, "centroid_lon": 110.1718397, "centroid_lat": -7.5496072, "jumlah_lan": 1}, "geometry": {"type": "Polygon", "coordinates": [[[110.17188546486166, -7.549552081035682], [110.1718472571672, -7.549658652566001], [110.17184522968877, -7.549664308071852], [110.17178984795065, -7.549645511069996], [110.17179330511203, -7.549642075161248], [110.17183165863436, -7.549536038462473], [110.17188546486166, -7.549552081035682]]]}}, {"type": "Feature", "properties": {"OBJECTID_1": 160, "kode_bangunan": 183, "rt": 1, "rw": 9, "dusun": "Tegalsari", "fungsi_b": "Rumah Tinggal", "jenis_b": "Permanen", "material_b": "Tembok Bata", "material_atap": "Genteng", "ket_lantai": "Keramik Ubin", "sanitasi": "Milik Sendiri", "sumber_air": "Sumur", "kelas_layak": "Layak", "nama_kk": "Sri Asiyah", "jenis_peke": "Pedagang", "kepemilikan": "Garap Orang", "pendidikan_kk": "Sd", "anak_usia_sekolah": "Tidak", "paud": 0, "sd": 0, "smp": 0, "sma": 0, "putus_sekolah": "Tidak", "jml_putus_sekolah": 0, "arah_hadap": "Utara", "arah_hadap_deg": 0, "centroid_lon": 110.1717712, "centroid_lat": -7.549575, "jumlah_lan": 1}, "geometry": {"type": "Polygon", "coordinates": [[[110.17183165863436, -7.549536038462473], [110.17179330511203, -7.549642075161248], [110.17178984795065, -7.549645511069996], [110.17178237864965, -7.549664905302888], [110.17168741302135, -7.549637106922488], [110.17171306937952, -7.549544189206753], [110.1717221053477, -7.549521236996244], [110.1717313116369, -7.549497850052079], [110.17182935914462, -7.549525075392005], [110.17183165863436, -7.549536038462473]]]}}, {"type": "Feature", "properties": {"OBJECTID_1": 161, "kode_bangunan": 184, "rt": 1, "rw": 9, "dusun": "Tegalsari", "fungsi_b": "Rumah Tinggal", "jenis_b": "Permanen", "material_b": "Tembok Bata", "material_atap": "Genteng", "ket_lantai": "Keramik Ubin", "sanitasi": "Milik Sendiri", "sumber_air": "Sumur", "kelas_layak": "Layak", "nama_kk": "Nani Ariani", "jenis_peke": "Karyawan Swasta", "kepemilikan": "Garap Orang", "pendidikan_kk": "Sma", "anak_usia_sekolah": "Ya", "paud": 0, "sd": 1, "smp": 0, "sma": 1, "putus_sekolah": "Tidak", "jml_putus_sekolah": 0, "arah_hadap": "Utara", "arah_hadap_deg": 0, "centroid_lon": 110.1716854, "centroid_lat": -7.5497097, "jumlah_lan": 1}, "geometry": {"type": "Polygon", "coordinates": [[[110.17164448192113, -7.549741380229502], [110.17167047997431, -7.549677999952074], [110.17168177706237, -7.549650457257245], [110.17175209410136, -7.549679342237492], [110.17171928002524, -7.549767477954901], [110.17164448192113, -7.549741380229502]]]}}, {"type": "Feature", "properties": {"OBJECTID_1": 162, "kode_bangunan": 185, "rt": 1, "rw": 9, "dusun": "Tegalsari", "fungsi_b": "Rumah Tinggal", "jenis_b": "Permanen", "material_b": "Tembok Bata", "material_atap": "Genteng", "ket_lantai": "Keramik Ubin", "sanitasi": "Milik Sendiri", "sumber_air": "Sumur", "kelas_layak": "Layak", "nama_kk": "Harun", "jenis_peke": "Buruh Bangunan", "kepemilikan": "Garap Orang", "pendidikan_kk": "Sd", "anak_usia_sekolah": "Tidak", "paud": 0, "sd": 0, "smp": 0, "sma": 0, "putus_sekolah": "Tidak", "jml_putus_sekolah": 0, "arah_hadap": "Utara", "arah_hadap_deg": 0, "centroid_lon": 110.1716422, "centroid_lat": -7.5496187, "jumlah_lan": 1}, "geometry": {"type": "Polygon", "coordinates": [[[110.17171306937952, -7.549544189206753], [110.17168741302135, -7.549637106922488], [110.17163641424106, -7.549626587895287], [110.17162232466264, -7.5496688403233545], [110.17164338621704, -7.549669897792286], [110.17167047997431, -7.549677999952074], [110.17164448192113, -7.549741380229502], [110.17157628531874, -7.549713716685315], [110.17159721290797, -7.549654215171323], [110.17160764226153, -7.5496206533107095], [110.17157465451139, -7.549613849664623], [110.17158667005427, -7.549575998136937], [110.1716254024904, -7.54958613574123], [110.1716541031001, -7.549503382950037], [110.1717221053477, -7.549521236996244], [110.17171306937952, -7.549544189206753]]]}}, {"type": "Feature", "properties": {"OBJECTID_1": 163, "kode_bangunan": 187, "rt": 1, "rw": 9, "dusun": "Tegalsari", "fungsi_b": "Rumah Tinggal", "jenis_b": "Permanen", "material_b": "Tembok Bata", "material_atap": "Genteng", "ket_lantai": "Semen Plester", "sanitasi": "Milik Sendiri", "sumber_air": "Sumur", "kelas_layak": "Layak", "nama_kk": "Siswanto", "jenis_peke": "Buruh Tani", "kepemilikan": "Garap Orang", "pendidikan_kk": "Tidak Sekolah", "anak_usia_sekolah": "Tidak", "paud": 0, "sd": 0, "smp": 0, "sma": 0, "putus_sekolah": "Tidak", "jml_putus_sekolah": 0, "arah_hadap": "Selatan", "arah_hadap_deg": 180, "centroid_lon": 110.1724114, "centroid_lat": -7.5504363, "jumlah_lan": 1}, "geometry": {"type": "Polygon", "coordinates": [[[110.17245773193682, -7.550388691111315], [110.17243520769814, -7.5505247342199855], [110.17234089209639, -7.550508169961122], [110.17236538668355, -7.550371264097926], [110.17245773193682, -7.550388691111315]]]}}, {"type": "Feature", "properties": {"OBJECTID_1": 164, "kode_bangunan": 188, "rt": 4, "rw": 9, "dusun": "Wareng", "fungsi_b": "Pos Ronda", "jenis_b": "Permanen", "material_b": "Tembok Bata", "material_atap": "Genteng", "ket_lantai": "Keramik Ubin", "sanitasi": "Milik Sendiri", "sumber_air": "Sumur", "kelas_layak": "Layak", "nama_kk": "Sri Lestari", "jenis_peke": "Karyawan Swasta", "kepemilikan": "Garap Orang", "pendidikan_kk": "Sma", "anak_usia_sekolah": "Tidak", "paud": 0, "sd": 0, "smp": 0, "sma": 0, "putus_sekolah": "Tidak", "jml_putus_sekolah": 0, "arah_hadap": "Utara", "arah_hadap_deg": 0, "centroid_lon": 110.1731226, "centroid_lat": -7.5534369, "jumlah_lan": 1}, "geometry": {"type": "Polygon", "coordinates": [[[110.17314223648614, -7.553433737492558], [110.17313991992786, -7.553446985589546], [110.17310461093959, -7.553440943729193], [110.17310145114631, -7.553440516257949], [110.17310488542788, -7.553425767026914], [110.17314223648614, -7.553433737492558]]]}}]}