{"type": "FeatureCollection", "features": [{"type": "Feature", "geometry": {"type": "Polygon", "coordinates": [[[110.1745742, -7.5532366], [110.1745518, -7.553235], [110.1745071, -7.5532173], [110.17444, -7.5531925], [110.1743353, -7.5531612], [110.174293, -7.5531435], [110.1742786, -7.5531395], [110.1742705, -7.553193], [110.174255, -7.5533397], [110.1742437, -7.553429], [110.1742309, -7.5534418], [110.1742125, -7.5534433], [110.1742068, -7.5534612], [110.1742661, -7.5535427], [110.1745705, -7.5535862], [110.1745704, -7.5535613], [110.1745722, -7.5534624], [110.1745786, -7.5534121], [110.1745812, -7.5533284], [110.1745742, -7.5532366]]]}, "properties": {"OBJECTID_1": 1, "KETERANGAN": "Perkebunan", "KET_DETAIL": "", "Luas_Ha": 0.1488, "NAMOBJ": "Wareng", "DUSUN": "Wareng"}}, {"type": "Feature", "geometry": {"type": "MultiPolygon", "coordinates": [[[[110.1757206, -7.5531156], [110.1756993, -7.5531062], [110.1756682, -7.5530933], [110.1756528, -7.5530853], [110.1756414, -7.5530868], [110.1755902, -7.5530871], [110.1755881, -7.5530879], [110.1755872, -7.5530889], [110.1755867, -7.5530909], [110.1755857, -7.5530964], [110.1755904, -7.5531163], [110.1755879, -7.5531233], [110.1755602, -7.5531207], [110.1755384, -7.5531108], [110.1755256, -7.5531068], [110.1755137, -7.5531103], [110.1755072, -7.5531142], [110.1754924, -7.5531078], [110.1754875, -7.5530954], [110.1754796, -7.5530905], [110.1754657, -7.5530875], [110.1754607, -7.5530954], [110.1754548, -7.5531008], [110.17544, -7.5530983], [110.175435, -7.5530933], [110.1754226, -7.5530928], [110.1754167, -7.5530987], [110.1754009, -7.5530957], [110.175388, -7.5530928], [110.1753761, -7.5531011], [110.1754459, -7.5531122], [110.1757412, -7.5531598], [110.1757446, -7.553135], [110.1757206, -7.5531156]]], [[[110.1744539, -7.5529972], [110.1743628, -7.5529722], [110.1743045, -7.5529633], [110.1742932, -7.5529962], [110.174278, -7.5530446], [110.1742475, -7.55311], [110.1742786, -7.5531395], [110.174293, -7.5531435], [110.1743353, -7.5531612], [110.17444, -7.5531925], [110.1745071, -7.5532173], [110.1745518, -7.553235], [110.1745742, -7.5532366], [110.1746006, -7.5532143], [110.1746366, -7.5532176], [110.1747149, -7.5532177], [110.1747629, -7.5532274], [110.1748668, -7.5532372], [110.1749363, -7.5532373], [110.1749819, -7.5532469], [110.1750079, -7.5532659], [110.1750576, -7.5530505], [110.1749518, -7.5530626], [110.1748471, -7.5530672], [110.1747584, -7.5530607], [110.1746937, -7.553062], [110.1746702, -7.5530566], [110.1745498, -7.5530116], [110.1744995, -7.5530019], [110.1744828, -7.5530028], [110.1744539, -7.5529972]]]]}, "properties": {"OBJECTID_1": 2, "KETERANGAN": "Hutan Rakyat", "KET_DETAIL": "", "Luas_Ha": 0.1839, "NAMOBJ": "Wareng", "DUSUN": "Wareng"}}, {"type": "Feature", "geometry": {"type": "Polygon", "coordinates": [[[110.1716371, -7.5494382], [110.1714084, -7.5493027], [110.1713158, -7.5492327], [110.1712699, -7.5491979], [110.1711358, -7.549077], [110.1710651, -7.5489582], [110.1710375, -7.5489096], [110.1709809, -7.5488102], [110.1709637, -7.5487799], [110.1708014, -7.5488292], [110.170667, -7.5488931], [110.1706544, -7.5489017], [110.1705393, -7.5489802], [110.1704906, -7.549021], [110.1704826, -7.5490529], [110.1704819, -7.5490828], [110.1704829, -7.5491124], [110.1704838, -7.5491322], [110.170491, -7.549155], [110.1705048, -7.5491737], [110.1705236, -7.5491867], [110.170553, -7.54919], [110.1706116, -7.5491615], [110.1706547, -7.549138], [110.1707616, -7.5491127], [110.1708518, -7.5491339], [110.1709097, -7.5492063], [110.1709304, -7.5492377], [110.1709494, -7.5492662], [110.1709684, -7.5493428], [110.1709711, -7.5494115], [110.1709631, -7.5494936], [110.1709207, -7.5495927], [110.1708725, -7.5496979], [110.1707701, -7.5500735], [110.1707269, -7.550101], [110.1706837, -7.5501284], [110.1706414, -7.550134], [110.1706031, -7.5501186], [110.1705792, -7.5501005], [110.1705399, -7.5500707], [110.1705046, -7.5500554], [110.170503, -7.5500546], [110.170469, -7.5500399], [110.1704287, -7.5500404], [110.1703862, -7.5500467], [110.1703596, -7.550066], [110.1703387, -7.5500883], [110.1703185, -7.5501191], [110.1703052, -7.5501544], [110.1703047, -7.5502002], [110.1703218, -7.5502367], [110.1703455, -7.5502589], [110.1703628, -7.5502751], [110.1703731, -7.5502876], [110.1704002, -7.5503206], [110.1704125, -7.5503355], [110.1704362, -7.5503581], [110.1704403, -7.5503621], [110.1704456, -7.5503671], [110.170493, -7.5504117], [110.1705064, -7.5504189], [110.1705258, -7.5504292], [110.1705682, -7.5504507], [110.1706009, -7.5504507], [110.1706699, -7.5504586], [110.1708403, -7.5504325], [110.1710902, -7.550495], [110.1711407, -7.5505247], [110.1712032, -7.5505783], [110.1712075, -7.5505986], [110.1712151, -7.5506348], [110.1712151, -7.5507121], [110.1711883, -7.5507716], [110.1711718, -7.550798], [110.1710415, -7.5510066], [110.1710157, -7.5510481], [110.1709258, -7.5511348], [110.1709026, -7.5512044], [110.1708926, -7.5512343], [110.1709258, -7.551382], [110.1710011, -7.551605], [110.1709814, -7.5518209], [110.1710172, -7.5519418], [110.1710578, -7.5519766], [110.1711061, -7.55204], [110.1712018, -7.5520438], [110.1712787, -7.5520265], [110.1715485, -7.5518639], [110.1717679, -7.5518287], [110.1719517, -7.5518498], [110.1720265, -7.5519168], [110.1720537, -7.5519832], [110.1720864, -7.5521102], [110.1721012, -7.552256], [110.1720721, -7.5523757], [110.1719909, -7.5525467], [110.1717986, -7.5527665], [110.1717006, -7.5528045], [110.1717353, -7.5528487], [110.1718539, -7.5529512], [110.171943, -7.5530254], [110.1719769, -7.5529892], [110.1720986, -7.5528911], [110.1721357, -7.5528976], [110.172228, -7.5528237], [110.1722867, -7.5528609], [110.1722482, -7.5529233], [110.1721882, -7.5529041], [110.1720741, -7.5530328], [110.1720548, -7.553057], [110.172088, -7.5530826], [110.172056, -7.5531195], [110.1722611, -7.5532905], [110.1722767, -7.5533069], [110.1723154, -7.5533139], [110.1723182, -7.5533042], [110.172323, -7.553288], [110.1723277, -7.553272], [110.1723436, -7.5531808], [110.1723672, -7.553183], [110.1723687, -7.5531721], [110.172356, -7.5531679], [110.1723631, -7.5531361], [110.1723747, -7.5531246], [110.1723941, -7.5530367], [110.1724551, -7.5530486], [110.1724566, -7.5530537], [110.1724807, -7.5530603], [110.1724851, -7.5530527], [110.1724041, -7.553028], [110.1724086, -7.553019], [110.1723641, -7.5530068], [110.1723187, -7.5529792], [110.1723022, -7.5529688], [110.1723279, -7.5529027], [110.1723315, -7.5528939], [110.1723205, -7.5528902], [110.1723206, -7.5528814], [110.1723514, -7.5527849], [110.1724173, -7.5528091], [110.172436, -7.5527583], [110.1724896, -7.5527749], [110.17249, -7.5527684], [110.1724417, -7.5527527], [110.1724608, -7.5526864], [110.1726132, -7.5527321], [110.1726068, -7.5527663], [110.1726281, -7.5527685], [110.1726708, -7.552775], [110.1726803, -7.5527464], [110.1727343, -7.5527623], [110.1727328, -7.5527943], [110.1727444, -7.5528009], [110.1727673, -7.5527171], [110.1728054, -7.552633], [110.1728153, -7.5525896], [110.1728114, -7.5525887], [110.1728301, -7.5524901], [110.1727917, -7.5524806], [110.1727398, -7.5524677], [110.1727134, -7.552443], [110.1726648, -7.5524634], [110.1726201, -7.5524429], [110.1725805, -7.5524211], [110.1725344, -7.5524261], [110.1725488, -7.5523866], [110.1725038, -7.5523722], [110.1725427, -7.5522717], [110.1725068, -7.5522553], [110.172515, -7.5522372], [110.1725506, -7.5521567], [110.1726889, -7.5521991], [110.1726729, -7.5522671], [110.1726375, -7.5522978], [110.1727292, -7.5523256], [110.172718, -7.5523646], [110.1727417, -7.5523678], [110.1727482, -7.5523435], [110.1728149, -7.5523647], [110.172834, -7.5522722], [110.1728689, -7.5520706], [110.1728666, -7.5520485], [110.1728549, -7.5520489], [110.1728088, -7.552059], [110.1727525, -7.552064], [110.1727168, -7.5520423], [110.1726797, -7.5520192], [110.1726491, -7.5519911], [110.1726504, -7.5519554], [110.1726607, -7.5518967], [110.1726212, -7.5518443], [110.1726159, -7.5516609], [110.172587, -7.5516566], [110.1725283, -7.5515952], [110.1725912, -7.5514753], [110.1725901, -7.551386], [110.1726057, -7.551275], [110.1726696, -7.5512853], [110.1726786, -7.5512077], [110.1727, -7.5512078], [110.1727051, -7.5511621], [110.1726176, -7.551149], [110.1726175, -7.551149], [110.1726141, -7.5511456], [110.1726108, -7.5511636], [110.1725512, -7.551153], [110.1725584, -7.5510809], [110.1725473, -7.5510789], [110.1725457, -7.5510885], [110.1724594, -7.5510716], [110.1724565, -7.5510835], [110.1723667, -7.5510708], [110.1723552, -7.5510639], [110.1723387, -7.5511349], [110.172333, -7.5511338], [110.1723095, -7.5511292], [110.1723112, -7.5511213], [110.1722463, -7.5511054], [110.1722476, -7.5510985], [110.1722622, -7.5510163], [110.1722602, -7.5509843], [110.1722509, -7.5509796], [110.1722351, -7.5509834], [110.1722204, -7.550982], [110.1722057, -7.5509772], [110.1722036, -7.5509854], [110.1720807, -7.5509561], [110.1720786, -7.5509672], [110.1720789, -7.5509718], [110.1720887, -7.5509718], [110.1720913, -7.5509872], [110.1721019, -7.5510014], [110.1721091, -7.551019], [110.1721172, -7.5510278], [110.1720922, -7.5510318], [110.1720834, -7.5510695], [110.1720793, -7.551083], [110.1720747, -7.5510897], [110.1720514, -7.5510833], [110.1720406, -7.5510874], [110.1720337, -7.551107], [110.1720328, -7.5511164], [110.1720325, -7.5511205], [110.1720757, -7.551138], [110.1720798, -7.5511399], [110.1720933, -7.5511044], [110.1721928, -7.5511432], [110.1721583, -7.5512067], [110.1721765, -7.5512068], [110.1721747, -7.5512206], [110.1721901, -7.5512321], [110.172213, -7.55125], [110.1722002, -7.5512704], [110.1721695, -7.5512601], [110.1721556, -7.5512829], [110.1721835, -7.5512933], [110.1721502, -7.5513622], [110.1721181, -7.5513614], [110.1721124, -7.5513749], [110.17209, -7.5513892], [110.1720708, -7.5514131], [110.1720452, -7.5514131], [110.1719717, -7.5513666], [110.1719921, -7.551313], [110.171998, -7.5513007], [110.1719769, -7.5512901], [110.1719623, -7.5513199], [110.1719425, -7.5513094], [110.1719403, -7.5513169], [110.1718509, -7.5512701], [110.1718818, -7.5512062], [110.1718397, -7.5512061], [110.1718344, -7.5512219], [110.1717877, -7.551206], [110.1717477, -7.5511924], [110.1717822, -7.5510783], [110.1717997, -7.5510283], [110.1718001, -7.5510284], [110.1718008, -7.5510238], [110.1717942, -7.5510222], [110.1717743, -7.5510173], [110.1717739, -7.5510172], [110.1717766, -7.5510064], [110.1717879, -7.5509621], [110.1717944, -7.5509365], [110.1717968, -7.5509263], [110.1717966, -7.5509263], [110.1717931, -7.5509255], [110.171793, -7.5509213], [110.1717328, -7.5509126], [110.1717509, -7.5508218], [110.1717513, -7.5508219], [110.1717503, -7.5507816], [110.1717426, -7.5508111], [110.1716749, -7.5507898], [110.1717078, -7.5506611], [110.1717764, -7.5506795], [110.1717764, -7.5506793], [110.171747, -7.5506671], [110.171735, -7.5506646], [110.171718, -7.5506481], [110.1717048, -7.5506275], [110.1717009, -7.5506085], [110.1716999, -7.5505819], [110.1717049, -7.5505593], [110.1717102, -7.5505391], [110.1717106, -7.5505384], [110.1717213, -7.5504867], [110.1717529, -7.5504014], [110.1717589, -7.5503827], [110.1717601, -7.5503784], [110.1717617, -7.5503689], [110.1717639, -7.5503522], [110.1717455, -7.5503511], [110.1717068, -7.5503542], [110.1716586, -7.5503466], [110.1715996, -7.5503069], [110.1715878, -7.5502779], [110.1715969, -7.5502655], [110.1715876, -7.5502621], [110.1716125, -7.5501731], [110.1716131, -7.5501732], [110.1716122, -7.5501699], [110.1716166, -7.5501589], [110.171606, -7.5501554], [110.1716592, -7.5500124], [110.1717025, -7.5500299], [110.1716977, -7.5500243], [110.1716978, -7.5500243], [110.1717038, -7.5500123], [110.1717226, -7.5499624], [110.1715536, -7.5498769], [110.1715935, -7.5497959], [110.1717882, -7.5498618], [110.1718062, -7.5498693], [110.1718758, -7.5498782], [110.1718835, -7.5498564], [110.1718715, -7.5498512], [110.1718741, -7.5498449], [110.1718805, -7.549829], [110.1717443, -7.5497639], [110.1717443, -7.5497636], [110.171723, -7.5497576], [110.1717193, -7.5497675], [110.1716445, -7.5497414], [110.1715763, -7.5497137], [110.1715972, -7.5496542], [110.1716076, -7.5496207], [110.1715747, -7.5496138], [110.1715867, -7.549576], [110.1716371, -7.5494382]], [[110.171113, -7.5495384], [110.171096, -7.5494879], [110.1710573, -7.5493312], [110.1710988, -7.5493137], [110.1711612, -7.5492959], [110.1712078, -7.5494154], [110.1712349, -7.5494902], [110.1711892, -7.5495445], [110.1712014, -7.5495627], [110.1712175, -7.5495866], [110.1712419, -7.5496205], [110.171221, -7.5496454], [110.1712319, -7.5496553], [110.1712439, -7.5496819], [110.171261, -7.5497063], [110.171262, -7.5497277], [110.1712489, -7.5497588], [110.1712072, -7.5497863], [110.1711813, -7.5498096], [110.1711714, -7.5498299], [110.1711607, -7.549858], [110.1711564, -7.5498887], [110.1711647, -7.54991], [110.1711553, -7.5499168], [110.1711495, -7.5499485], [110.1711188, -7.5499656], [110.1711307, -7.5499817], [110.1711366, -7.5500067], [110.1711276, -7.5500326], [110.1711146, -7.5500334], [110.1710772, -7.5499992], [110.1710585, -7.5499618], [110.1710035, -7.5499593], [110.1709522, -7.5499296], [110.1709439, -7.5499043], [110.170939, -7.5498777], [110.1709417, -7.5498507], [110.1709586, -7.5498129], [110.170966, -7.5497755], [110.170945, -7.5497267], [110.1709524, -7.5496967], [110.1709744, -7.5496683], [110.1709981, -7.5496318], [110.1710113, -7.5496227], [110.171113, -7.5495384]], [[110.1713815, -7.5510374], [110.1713986, -7.5510901], [110.1713967, -7.5511324], [110.1713605, -7.5511109], [110.1713219, -7.5510894], [110.1712936, -7.5511053], [110.1712764, -7.5510942], [110.1712562, -7.5510678], [110.1712347, -7.5510455], [110.1712251, -7.5510034], [110.1711868, -7.5509689], [110.1712042, -7.5509162], [110.1712042, -7.5509161], [110.1712437, -7.5508865], [110.1712811, -7.5508884], [110.1713327, -7.5509032], [110.1713541, -7.5509142], [110.171381, -7.550978], [110.1713815, -7.5510374]], [[110.1712846, -7.5511867], [110.1712865, -7.5512051], [110.1713778, -7.5512053], [110.1713708, -7.5512347], [110.1713341, -7.5512346], [110.1712957, -7.5512457], [110.1712732, -7.5512967], [110.171238, -7.5513142], [110.1711948, -7.551303], [110.1711389, -7.5512901], [110.1710653, -7.5513139], [110.1710174, -7.551293], [110.1709935, -7.5512499], [110.1710152, -7.5512046], [110.1710031, -7.5512046], [110.1710176, -7.5511782], [110.171048, -7.5511718], [110.1710688, -7.5511432], [110.1710657, -7.5511097], [110.1710818, -7.5510666], [110.171125, -7.551014], [110.1711762, -7.5510078], [110.1711857, -7.5510509], [110.1711904, -7.5511003], [110.1712191, -7.5511435], [110.1712655, -7.5511611], [110.1712846, -7.5511867]], [[110.171496, -7.5511215], [110.1714848, -7.551128], [110.1714718, -7.5511038], [110.1714666, -7.5510842], [110.1714509, -7.5510633], [110.1714496, -7.5510476], [110.171449, -7.5510038], [110.1714478, -7.5509836], [110.171453, -7.5509666], [110.1714688, -7.5509646], [110.1714851, -7.5509862], [110.1715106, -7.5510111], [110.1715105, -7.5510366], [110.1715046, -7.5510582], [110.1715026, -7.5510849], [110.1715196, -7.5511039], [110.1715235, -7.5511196], [110.171496, -7.5511215]], [[110.172532, -7.5512075], [110.1725295, -7.551219], [110.172457, -7.5512098], [110.1724574, -7.5512073], [110.1724714, -7.5511319], [110.1725464, -7.5511412], [110.172532, -7.5512075]]]}, "properties": {"OBJECTID_1": 3, "KETERANGAN": "Vegetasi Non Budidaya Lainnya", "KET_DETAIL": "", "Luas_Ha": 4.2704, "NAMOBJ": "Tegalsari", "DUSUN": "Tegalsari"}}, {"type": "Feature", "geometry": {"type": "Polygon", "coordinates": [[[110.173603, -7.5511298], [110.1735818, -7.55112], [110.1735856, -7.5510842], [110.173515, -7.5510623], [110.1734935, -7.5511328], [110.1734805, -7.5511754], [110.1734934, -7.5511792], [110.1735796, -7.5512043], [110.173603, -7.5511298]]]}, "properties": {"OBJECTID_1": 4, "KETERANGAN": "Tempat Tinggal", "KET_DETAIL": "Rumah", "Luas_Ha": 0.0137, "NAMOBJ": "Tegalsari", "DUSUN": "Tegalsari"}}, {"type": "Feature", "geometry": {"type": "Polygon", "coordinates": [[[110.1734942, -7.5507551], [110.1734843, -7.550753], [110.1734591, -7.5508714], [110.1734939, -7.5508776], [110.1736424, -7.5509043], [110.1736431, -7.5509101], [110.1736809, -7.5509163], [110.1736891, -7.5508843], [110.1737166, -7.5507781], [110.173659, -7.5507582], [110.1736546, -7.5507772], [110.1735867, -7.5507641], [110.1735813, -7.5507738], [110.1734942, -7.5507551]]]}, "properties": {"OBJECTID_1": 5, "KETERANGAN": "Tempat Tinggal", "KET_DETAIL": "Rumah", "Luas_Ha": 0.036, "NAMOBJ": "Tegalsari", "DUSUN": "Tegalsari"}}, {"type": "Feature", "geometry": {"type": "Polygon", "coordinates": [[[110.173256, -7.551223], [110.1732464, -7.5512213], [110.1732476, -7.5512088], [110.1732476, -7.5512083], [110.1731616, -7.5511883], [110.1731637, -7.5511651], [110.1731215, -7.5511575], [110.1731123, -7.5512085], [110.1731057, -7.5512448], [110.1731088, -7.5512453], [110.1731876, -7.5512568], [110.1732293, -7.5512669], [110.1732456, -7.5512709], [110.173256, -7.551223]]]}, "properties": {"OBJECTID_1": 6, "KETERANGAN": "Tempat Tinggal", "KET_DETAIL": "Rumah", "Luas_Ha": 0.012, "NAMOBJ": "Tegalsari", "DUSUN": "Tegalsari"}}, {"type": "Feature", "geometry": {"type": "Polygon", "coordinates": [[[110.173287, -7.5512089], [110.1732897, -7.551198], [110.1732637, -7.5511901], [110.1732592, -7.5512088], [110.173257, -7.5512182], [110.1732829, -7.5512248], [110.173287, -7.5512089]]]}, "properties": {"OBJECTID_1": 7, "KETERANGAN": "Tempat Tinggal", "KET_DETAIL": "Rumah", "Luas_Ha": 0.0009, "NAMOBJ": "Tegalsari", "DUSUN": "Tegalsari"}}, {"type": "Feature", "geometry": {"type": "Polygon", "coordinates": [[[110.1733005, -7.5511197], [110.1731953, -7.5510994], [110.17318, -7.5511658], [110.1732864, -7.5511881], [110.1733005, -7.5511197]]]}, "properties": {"OBJECTID_1": 8, "KETERANGAN": "Tempat Tinggal", "KET_DETAIL": "Rumah", "Luas_Ha": 0.0091, "NAMOBJ": "Tegalsari", "DUSUN": "Tegalsari"}}, {"type": "Feature", "geometry": {"type": "Polygon", "coordinates": [[[110.1732655, -7.5509937], [110.1732601, -7.5510084], [110.173234, -7.5510025], [110.1732115, -7.5510823], [110.1732394, -7.5510907], [110.1732399, -7.5510958], [110.173308, -7.5511141], [110.1733362, -7.5510101], [110.1732655, -7.5509937]]]}, "properties": {"OBJECTID_1": 9, "KETERANGAN": "Tempat Tinggal", "KET_DETAIL": "Rumah", "Luas_Ha": 0.0123, "NAMOBJ": "Tegalsari", "DUSUN": "Tegalsari"}}, {"type": "Feature", "geometry": {"type": "Polygon", "coordinates": [[[110.173124, -7.5510986], [110.1731459, -7.5511047], [110.1731334, -7.5511515], [110.173177, -7.5511635], [110.1731909, -7.5511014], [110.1731986, -7.5510853], [110.1732181, -7.5510118], [110.1731818, -7.550998], [110.1731816, -7.5509807], [110.1731194, -7.5509657], [110.1731184, -7.5509694], [110.1730896, -7.5510826], [110.173088, -7.5510886], [110.173124, -7.5510986]]]}, "properties": {"OBJECTID_1": 10, "KETERANGAN": "Tempat Tinggal", "KET_DETAIL": "Rumah", "Luas_Ha": 0.0183, "NAMOBJ": "Tegalsari", "DUSUN": "Tegalsari"}}, {"type": "Feature", "geometry": {"type": "Polygon", "coordinates": [[[110.1730896, -7.5510826], [110.1730128, -7.5510675], [110.1730022, -7.5511005], [110.1730089, -7.5511031], [110.1730021, -7.551131], [110.1730163, -7.5511324], [110.1730079, -7.5511804], [110.1730745, -7.551198], [110.17308, -7.5511533], [110.1731073, -7.551165], [110.173124, -7.5510986], [110.173088, -7.5510886], [110.1730896, -7.5510826]]]}, "properties": {"OBJECTID_1": 11, "KETERANGAN": "Tempat Tinggal", "KET_DETAIL": "Rumah", "Luas_Ha": 0.013, "NAMOBJ": "Tegalsari", "DUSUN": "Tegalsari"}}, {"type": "Feature", "geometry": {"type": "Polygon", "coordinates": [[[110.1731184, -7.5509694], [110.1730395, -7.5509514], [110.1730323, -7.5509825], [110.1730128, -7.5510675], [110.1730896, -7.5510826], [110.1731184, -7.5509694]]]}, "properties": {"OBJECTID_1": 12, "KETERANGAN": "Tempat Tinggal", "KET_DETAIL": "Rumah", "Luas_Ha": 0.0114, "NAMOBJ": "Tegalsari", "DUSUN": "Tegalsari"}}, {"type": "Feature", "geometry": {"type": "Polygon", "coordinates": [[[110.1730269, -7.5509721], [110.1729617, -7.5509577], [110.1729433, -7.5510315], [110.1729447, -7.5510476], [110.1729331, -7.5510978], [110.1729931, -7.5511093], [110.1730269, -7.5509721]]]}, "properties": {"OBJECTID_1": 13, "KETERANGAN": "Tempat Tinggal", "KET_DETAIL": "Rumah", "Luas_Ha": 0.0112, "NAMOBJ": "Tegalsari", "DUSUN": "Tegalsari"}}, {"type": "Feature", "geometry": {"type": "Polygon", "coordinates": [[[110.1729496, -7.5509191], [110.1728836, -7.550906], [110.1728598, -7.5510197], [110.1728763, -7.5510262], [110.1728742, -7.5510509], [110.1728849, -7.5510558], [110.1728819, -7.5510703], [110.1729063, -7.5510752], [110.1729197, -7.5510352], [110.1729239, -7.5510373], [110.1729496, -7.5509191]]]}, "properties": {"OBJECTID_1": 14, "KETERANGAN": "Tempat Tinggal", "KET_DETAIL": "Rumah", "Luas_Ha": 0.0115, "NAMOBJ": "Tegalsari", "DUSUN": "Tegalsari"}}, {"type": "Feature", "geometry": {"type": "Polygon", "coordinates": [[[110.1728061, -7.5510277], [110.1728189, -7.5509249], [110.172753, -7.5509135], [110.1727489, -7.5509373], [110.1727368, -7.5509382], [110.1727271, -7.5510201], [110.1727374, -7.5510211], [110.1728061, -7.5510277]]]}, "properties": {"OBJECTID_1": 15, "KETERANGAN": "Tempat Tinggal", "KET_DETAIL": "Rumah", "Luas_Ha": 0.01, "NAMOBJ": "Tegalsari", "DUSUN": "Tegalsari"}}, {"type": "Feature", "geometry": {"type": "Polygon", "coordinates": [[[110.1728061, -7.5510277], [110.1727374, -7.5510211], [110.1727292, -7.551065], [110.1727227, -7.5511002], [110.1727656, -7.5511073], [110.1728123, -7.5511151], [110.1728177, -7.5510285], [110.1728061, -7.5510277]]]}, "properties": {"OBJECTID_1": 16, "KETERANGAN": "Tempat Tinggal", "KET_DETAIL": "Rumah", "Luas_Ha": 0.0087, "NAMOBJ": "Tegalsari", "DUSUN": "Tegalsari"}}, {"type": "Feature", "geometry": {"type": "Polygon", "coordinates": [[[110.1727292, -7.551065], [110.1727241, -7.5510612], [110.1727216, -7.5510186], [110.1726401, -7.5510086], [110.1726175, -7.551149], [110.1726176, -7.551149], [110.1727051, -7.5511621], [110.1727548, -7.5511696], [110.1727555, -7.5511659], [110.1727656, -7.5511073], [110.1727227, -7.5511002], [110.1727292, -7.551065]]]}, "properties": {"OBJECTID_1": 17, "KETERANGAN": "Tempat Tinggal", "KET_DETAIL": "Rumah", "Luas_Ha": 0.0197, "NAMOBJ": "Tegalsari", "DUSUN": "Tegalsari"}}, {"type": "Feature", "geometry": {"type": "Polygon", "coordinates": [[[110.1726238, -7.5510923], [110.1726533, -7.550905], [110.1725801, -7.5508923], [110.1725789, -7.5508993], [110.1725473, -7.5510789], [110.1725584, -7.5510809], [110.1726238, -7.5510923]]]}, "properties": {"OBJECTID_1": 18, "KETERANGAN": "Tempat Tinggal", "KET_DETAIL": "Rumah", "Luas_Ha": 0.0176, "NAMOBJ": "Tegalsari", "DUSUN": "Tegalsari"}}, {"type": "Feature", "geometry": {"type": "Polygon", "coordinates": [[[110.172532, -7.5512075], [110.1725464, -7.5511412], [110.1724714, -7.5511319], [110.1724574, -7.5512073], [110.172457, -7.5512098], [110.1725295, -7.551219], [110.172532, -7.5512075]]]}, "properties": {"OBJECTID_1": 19, "KETERANGAN": "Tempat Tinggal", "KET_DETAIL": "Rumah", "Luas_Ha": 0.0072, "NAMOBJ": "Tegalsari", "DUSUN": "Tegalsari"}}, {"type": "Feature", "geometry": {"type": "Polygon", "coordinates": [[[110.1726238, -7.5510923], [110.1725584, -7.5510809], [110.1725512, -7.551153], [110.1726108, -7.5511636], [110.1726141, -7.5511456], [110.1726238, -7.5510923]]]}, "properties": {"OBJECTID_1": 20, "KETERANGAN": "Tempat Tinggal", "KET_DETAIL": "Rumah", "Luas_Ha": 0.0056, "NAMOBJ": "Tegalsari", "DUSUN": "Tegalsari"}}, {"type": "Feature", "geometry": {"type": "Polygon", "coordinates": [[[110.1725789, -7.5508993], [110.1724899, -7.5508866], [110.1724877, -7.5509003], [110.172483, -7.5509298], [110.1724594, -7.5510716], [110.1725457, -7.5510885], [110.1725473, -7.5510789], [110.1725789, -7.5508993]]]}, "properties": {"OBJECTID_1": 21, "KETERANGAN": "Tempat Tinggal", "KET_DETAIL": "Rumah", "Luas_Ha": 0.0205, "NAMOBJ": "Tegalsari", "DUSUN": "Tegalsari"}}, {"type": "Feature", "geometry": {"type": "Polygon", "coordinates": [[[110.1724877, -7.5509003], [110.1724474, -7.5508936], [110.1724433, -7.5509188], [110.172402, -7.550912], [110.1724002, -7.5509299], [110.1723703, -7.5509243], [110.172361, -7.5509972], [110.1723602, -7.5510067], [110.1723552, -7.5510639], [110.1723667, -7.5510708], [110.1724565, -7.5510835], [110.1724594, -7.5510716], [110.172483, -7.5509298], [110.1724877, -7.5509003]]]}, "properties": {"OBJECTID_1": 22, "KETERANGAN": "Pendidikan", "KET_DETAIL": "KB Dian Pertiwi", "Luas_Ha": 0.0221, "NAMOBJ": "Tegalsari", "DUSUN": "Tegalsari"}}, {"type": "Feature", "geometry": {"type": "Polygon", "coordinates": [[[110.1723139, -7.5508292], [110.1723057, -7.5508268], [110.1723048, -7.5508265], [110.1723047, -7.5508267], [110.1723046, -7.5508273], [110.1723045, -7.5508276], [110.1723044, -7.550828], [110.1723041, -7.5508294], [110.1722892, -7.550894], [110.1722877, -7.5509006], [110.1723668, -7.5509172], [110.1723806, -7.5509201], [110.1724001, -7.5508539], [110.1723341, -7.550835], [110.1723139, -7.5508292]]]}, "properties": {"OBJECTID_1": 23, "KETERANGAN": "Perkantoran", "KET_DETAIL": "Rumah", "Luas_Ha": 0.0086, "NAMOBJ": "Tegalsari", "DUSUN": "Tegalsari"}}, {"type": "Feature", "geometry": {"type": "Polygon", "coordinates": [[[110.1723668, -7.5509172], [110.1722877, -7.5509006], [110.1722873, -7.5509025], [110.1722863, -7.550907], [110.1722834, -7.5509201], [110.1722781, -7.5509442], [110.172273, -7.5509669], [110.172272, -7.5509716], [110.1723541, -7.5509862], [110.1723668, -7.5509172]]]}, "properties": {"OBJECTID_1": 24, "KETERANGAN": "Tempat Tinggal", "KET_DETAIL": "Rumah", "Luas_Ha": 0.0071, "NAMOBJ": "Tegalsari", "DUSUN": "Tegalsari"}}, {"type": "Feature", "geometry": {"type": "Polygon", "coordinates": [[[110.1723602, -7.5510067], [110.1723273, -7.5510005], [110.172323, -7.5510147], [110.1723002, -7.5510086], [110.1722964, -7.551021], [110.1722622, -7.5510163], [110.1722476, -7.5510985], [110.1722463, -7.5511054], [110.1723112, -7.5511213], [110.1723095, -7.5511292], [110.172333, -7.5511338], [110.1723387, -7.5511349], [110.1723552, -7.5510639], [110.1723602, -7.5510067]]]}, "properties": {"OBJECTID_1": 25, "KETERANGAN": "Tempat Tinggal", "KET_DETAIL": "Rumah", "Luas_Ha": 0.0131, "NAMOBJ": "Tegalsari", "DUSUN": "Tegalsari"}}, {"type": "Feature", "geometry": {"type": "Polygon", "coordinates": [[[110.1721583, -7.5512067], [110.1721928, -7.5511432], [110.1720933, -7.5511044], [110.1720798, -7.5511399], [110.1720638, -7.5511821], [110.1721251, -7.5512067], [110.1721523, -7.5512176], [110.1721583, -7.5512067]]]}, "properties": {"OBJECTID_1": 26, "KETERANGAN": "Tempat Tinggal", "KET_DETAIL": "Rumah", "Luas_Ha": 0.0103, "NAMOBJ": "Tegalsari", "DUSUN": "Tegalsari"}}, {"type": "Feature", "geometry": {"type": "Polygon", "coordinates": [[[110.1719769, -7.5512901], [110.1720086, -7.5512255], [110.1720174, -7.5512065], [110.172037, -7.5511643], [110.1720167, -7.5511566], [110.1719239, -7.5511213], [110.1719223, -7.5511241], [110.171916, -7.5511357], [110.1718818, -7.5512062], [110.1718509, -7.5512701], [110.1719403, -7.5513169], [110.1719425, -7.5513094], [110.1719623, -7.5513199], [110.1719769, -7.5512901]]]}, "properties": {"OBJECTID_1": 27, "KETERANGAN": "Tempat Tinggal", "KET_DETAIL": "Rumah", "Luas_Ha": 0.0256, "NAMOBJ": "Tegalsari", "DUSUN": "Tegalsari"}}, {"type": "Feature", "geometry": {"type": "Polygon", "coordinates": [[[110.1718768, -7.5511064], [110.1717822, -7.5510783], [110.1717477, -7.5511924], [110.1717877, -7.551206], [110.1718344, -7.5512219], [110.1718397, -7.5512061], [110.1718452, -7.5511898], [110.1718592, -7.5511924], [110.171866, -7.5511698], [110.1718755, -7.551174], [110.1718958, -7.5511156], [110.1718969, -7.5511124], [110.1718768, -7.5511064]]]}, "properties": {"OBJECTID_1": 28, "KETERANGAN": "Tempat Tinggal", "KET_DETAIL": "Rumah", "Luas_Ha": 0.0161, "NAMOBJ": "Tegalsari", "DUSUN": "Tegalsari"}}, {"type": "Feature", "geometry": {"type": "Polygon", "coordinates": [[[110.1720489, -7.5509925], [110.1719861, -7.550975], [110.1719494, -7.5511164], [110.1720157, -7.5511369], [110.1720187, -7.5511246], [110.1720506, -7.550993], [110.1720489, -7.5509925]]]}, "properties": {"OBJECTID_1": 29, "KETERANGAN": "Tempat Tinggal", "KET_DETAIL": "Rumah", "Luas_Ha": 0.0122, "NAMOBJ": "Tegalsari", "DUSUN": "Tegalsari"}}, {"type": "Feature", "geometry": {"type": "Polygon", "coordinates": [[[110.1719861, -7.550975], [110.1719848, -7.5509749], [110.171916, -7.5509641], [110.1719146, -7.5509639], [110.1719141, -7.5509662], [110.1718943, -7.5510512], [110.1718831, -7.5510989], [110.1719494, -7.5511164], [110.1719861, -7.550975]]]}, "properties": {"OBJECTID_1": 30, "KETERANGAN": "Tempat Tinggal", "KET_DETAIL": "Rumah", "Luas_Ha": 0.0122, "NAMOBJ": "Tegalsari", "DUSUN": "Tegalsari"}}, {"type": "Feature", "geometry": {"type": "Polygon", "coordinates": [[[110.1718001, -7.5510284], [110.1717997, -7.5510283], [110.1717822, -7.5510783], [110.1718768, -7.5511064], [110.1718831, -7.5510989], [110.1718943, -7.5510512], [110.1718001, -7.5510284]]]}, "properties": {"OBJECTID_1": 31, "KETERANGAN": "Tempat Tinggal", "KET_DETAIL": "Rumah", "Luas_Ha": 0.0067, "NAMOBJ": "Tegalsari", "DUSUN": "Tegalsari"}}, {"type": "Feature", "geometry": {"type": "Polygon", "coordinates": [[[110.1718008, -7.5510238], [110.1718665, -7.5510399], [110.1718798, -7.5509913], [110.171892, -7.5509953], [110.1719028, -7.5509529], [110.1717963, -7.5509288], [110.1717944, -7.5509365], [110.1717879, -7.5509621], [110.1717766, -7.5510064], [110.1717739, -7.5510172], [110.1717743, -7.5510173], [110.1717942, -7.5510222], [110.1718008, -7.5510238]]]}, "properties": {"OBJECTID_1": 32, "KETERANGAN": "Tempat Tinggal", "KET_DETAIL": "Rumah", "Luas_Ha": 0.0115, "NAMOBJ": "Tegalsari", "DUSUN": "Tegalsari"}}, {"type": "Feature", "geometry": {"type": "Polygon", "coordinates": [[[110.1722057, -7.5509772], [110.1722077, -7.5509694], [110.1722131, -7.5509478], [110.172222, -7.5509125], [110.1722234, -7.550907], [110.1722258, -7.5508973], [110.1722275, -7.5508904], [110.17223, -7.5508807], [110.1722309, -7.550877], [110.1722307, -7.5508769], [110.1722182, -7.550873], [110.1721854, -7.5508627], [110.1721855, -7.5508624], [110.1721856, -7.5508618], [110.172187, -7.5508555], [110.1721927, -7.5508286], [110.1721937, -7.5508238], [110.1721935, -7.5508237], [110.1721601, -7.550812], [110.1721475, -7.5508075], [110.1721473, -7.5508074], [110.1721442, -7.5508176], [110.1721428, -7.5508221], [110.1720848, -7.5508064], [110.1720842, -7.5508062], [110.1720555, -7.5509156], [110.1720549, -7.5509176], [110.1720591, -7.5509204], [110.1720589, -7.5509211], [110.1720512, -7.550948], [110.1720509, -7.550949], [110.1720576, -7.5509506], [110.1720807, -7.5509561], [110.1722036, -7.5509854], [110.1722057, -7.5509772]]]}, "properties": {"OBJECTID_1": 33, "KETERANGAN": "Tempat Tinggal", "KET_DETAIL": "Rumah", "Luas_Ha": 0.0271, "NAMOBJ": "Tegalsari", "DUSUN": "Tegalsari"}}, {"type": "Feature", "geometry": {"type": "Polygon", "coordinates": [[[110.1719828, -7.5508022], [110.1719198, -7.550787], [110.1719195, -7.5507878], [110.171918, -7.5507919], [110.1719174, -7.5507958], [110.1719092, -7.5507918], [110.1718983, -7.5508642], [110.1719076, -7.5508591], [110.1719477, -7.5508635], [110.1719489, -7.5508636], [110.1719495, -7.5508615], [110.1719537, -7.5508473], [110.1719709, -7.5508507], [110.1719723, -7.5508511], [110.1719828, -7.5508022]]]}, "properties": {"OBJECTID_1": 34, "KETERANGAN": "Tempat Tinggal", "KET_DETAIL": "Rumah", "Luas_Ha": 0.0057, "NAMOBJ": "Tegalsari", "DUSUN": "Tegalsari"}}, {"type": "Feature", "geometry": {"type": "Polygon", "coordinates": [[[110.1719092, -7.5507918], [110.1719122, -7.5507718], [110.171819, -7.5507576], [110.1718102, -7.5508303], [110.1718076, -7.5508517], [110.1718983, -7.5508642], [110.1719092, -7.5507918]]]}, "properties": {"OBJECTID_1": 35, "KETERANGAN": "Tempat Tinggal", "KET_DETAIL": "Rumah", "Luas_Ha": 0.0107, "NAMOBJ": "Tegalsari", "DUSUN": "Tegalsari"}}, {"type": "Feature", "geometry": {"type": "Polygon", "coordinates": [[[110.1717513, -7.5508219], [110.1717509, -7.5508218], [110.1717328, -7.5509126], [110.171793, -7.5509213], [110.1717931, -7.5509255], [110.1717966, -7.5509263], [110.1717968, -7.5509263], [110.1718006, -7.5509272], [110.1718492, -7.5509382], [110.171869, -7.5509428], [110.1718711, -7.5509431], [110.1718876, -7.5509448], [110.1718895, -7.550945], [110.1718937, -7.5509306], [110.1719171, -7.5509341], [110.171925, -7.5509353], [110.1719257, -7.5509354], [110.1719257, -7.5509353], [110.171934, -7.5508788], [110.1719477, -7.5508635], [110.1719076, -7.5508591], [110.1718983, -7.5508642], [110.1718076, -7.5508517], [110.1718102, -7.5508303], [110.1718068, -7.5508322], [110.171807, -7.55083], [110.1717756, -7.5508254], [110.1717513, -7.5508219]]]}, "properties": {"OBJECTID_1": 36, "KETERANGAN": "Tempat Tinggal", "KET_DETAIL": "Rumah", "Luas_Ha": 0.0194, "NAMOBJ": "Tegalsari", "DUSUN": "Tegalsari"}}, {"type": "Feature", "geometry": {"type": "Polygon", "coordinates": [[[110.1717764, -7.5506795], [110.1717078, -7.5506611], [110.1716749, -7.5507898], [110.1717426, -7.5508111], [110.1717503, -7.5507816], [110.1717664, -7.5507202], [110.171777, -7.5506797], [110.1717764, -7.5506795]]]}, "properties": {"OBJECTID_1": 37, "KETERANGAN": "Tempat Tinggal", "KET_DETAIL": "Rumah", "Luas_Ha": 0.0117, "NAMOBJ": "Tegalsari", "DUSUN": "Tegalsari"}}, {"type": "Feature", "geometry": {"type": "Polygon", "coordinates": [[[110.1731953, -7.5507676], [110.173186, -7.5507658], [110.1731757, -7.5508452], [110.1731829, -7.550847], [110.1731994, -7.5508511], [110.1731946, -7.5508816], [110.1732216, -7.5508937], [110.1732507, -7.5508977], [110.1732529, -7.5509079], [110.1732762, -7.5509156], [110.1732959, -7.5509069], [110.1733301, -7.5509121], [110.1733375, -7.5508786], [110.1733532, -7.5508841], [110.1733624, -7.5508325], [110.1733482, -7.5508263], [110.1733566, -7.5507972], [110.1732009, -7.5507686], [110.1731953, -7.5507676]]]}, "properties": {"OBJECTID_1": 38, "KETERANGAN": "Tempat Tinggal", "KET_DETAIL": "Rumah", "Luas_Ha": 0.0244, "NAMOBJ": "Tegalsari", "DUSUN": "Tegalsari"}}, {"type": "Feature", "geometry": {"type": "Polygon", "coordinates": [[[110.1732965, -7.5506132], [110.173295, -7.5506129], [110.173284, -7.5506104], [110.1732797, -7.5506159], [110.1732622, -7.5506119], [110.1732622, -7.5505981], [110.1731937, -7.5505866], [110.1731793, -7.5506932], [110.1732183, -7.5507049], [110.1732009, -7.5507686], [110.1733566, -7.5507972], [110.1733734, -7.5507994], [110.1733836, -7.5507882], [110.1733982, -7.5507904], [110.1734203, -7.5506409], [110.1732965, -7.5506132]]]}, "properties": {"OBJECTID_1": 39, "KETERANGAN": "Perdagangan dan Jasa", "KET_DETAIL": "Rumah", "Luas_Ha": 0.0448, "NAMOBJ": "Tegalsari", "DUSUN": "Tegalsari"}}, {"type": "Feature", "geometry": {"type": "Polygon", "coordinates": [[[110.1731953, -7.5507676], [110.1731975, -7.5507176], [110.1731087, -7.5506954], [110.1731045, -7.5507189], [110.173091, -7.5507207], [110.1730799, -7.5508058], [110.173046, -7.5508072], [110.1730328, -7.5508741], [110.1731734, -7.5508972], [110.1731829, -7.550847], [110.1731757, -7.5508452], [110.173186, -7.5507658], [110.1731953, -7.5507676]]]}, "properties": {"OBJECTID_1": 40, "KETERANGAN": "Tempat Tinggal", "KET_DETAIL": "Rumah", "Luas_Ha": 0.0262, "NAMOBJ": "Tegalsari", "DUSUN": "Tegalsari"}}, {"type": "Feature", "geometry": {"type": "Polygon", "coordinates": [[[110.1734203, -7.5506409], [110.1734314, -7.550566], [110.1732827, -7.5505394], [110.1732693, -7.5506029], [110.1732977, -7.5506073], [110.1732965, -7.5506132], [110.1734203, -7.5506409]]]}, "properties": {"OBJECTID_1": 41, "KETERANGAN": "Tempat Tinggal", "KET_DETAIL": "Rumah", "Luas_Ha": 0.0133, "NAMOBJ": "Tegalsari", "DUSUN": "Tegalsari"}}, {"type": "Feature", "geometry": {"type": "Polygon", "coordinates": [[[110.173319, -7.5504462], [110.1733185, -7.5504461], [110.1733168, -7.5504524], [110.1733001, -7.5505161], [110.1732992, -7.5505196], [110.1734569, -7.5505511], [110.1734801, -7.5504733], [110.173319, -7.5504462]]]}, "properties": {"OBJECTID_1": 42, "KETERANGAN": "Tempat Tinggal", "KET_DETAIL": "Rumah", "Luas_Ha": 0.0155, "NAMOBJ": "Tegalsari", "DUSUN": "Tegalsari"}}, {"type": "Feature", "geometry": {"type": "Polygon", "coordinates": [[[110.1734922, -7.5504166], [110.1733957, -7.5503921], [110.173385, -7.5504521], [110.1734793, -7.5504686], [110.1734922, -7.5504166]]]}, "properties": {"OBJECTID_1": 43, "KETERANGAN": "Tempat Tinggal", "KET_DETAIL": "Rumah", "Luas_Ha": 0.0068, "NAMOBJ": "Tegalsari", "DUSUN": "Tegalsari"}}, {"type": "Feature", "geometry": {"type": "Polygon", "coordinates": [[[110.1734949, -7.5503814], [110.173518, -7.5502566], [110.1734951, -7.550251], [110.1734422, -7.5502381], [110.1734332, -7.5502728], [110.1734324, -7.5502758], [110.1734223, -7.5503144], [110.1734079, -7.5503692], [110.173404, -7.5503841], [110.1734911, -7.5504017], [110.1734949, -7.5503814]]]}, "properties": {"OBJECTID_1": 44, "KETERANGAN": "Tempat Tinggal", "KET_DETAIL": "Rumah", "Luas_Ha": 0.0152, "NAMOBJ": "Tegalsari", "DUSUN": "Tegalsari"}}, {"type": "Feature", "geometry": {"type": "Polygon", "coordinates": [[[110.1731899, -7.55043], [110.1731955, -7.5504295], [110.1731992, -7.5503772], [110.1731173, -7.550362], [110.1731036, -7.5504224], [110.173151, -7.5504331], [110.1731899, -7.55043]]]}, "properties": {"OBJECTID_1": 45, "KETERANGAN": "Tempat Tinggal", "KET_DETAIL": "Rumah", "Luas_Ha": 0.0065, "NAMOBJ": "Tegalsari", "DUSUN": "Tegalsari"}}, {"type": "Feature", "geometry": {"type": "Polygon", "coordinates": [[[110.1732841, -7.5503606], [110.1733054, -7.5502635], [110.1733008, -7.5502624], [110.1732816, -7.5502579], [110.1732858, -7.5502435], [110.1732467, -7.5502344], [110.1732215, -7.5503495], [110.1732828, -7.5503666], [110.1732841, -7.5503606]]]}, "properties": {"OBJECTID_1": 46, "KETERANGAN": "Tempat Tinggal", "KET_DETAIL": "Rumah", "Luas_Ha": 0.0088, "NAMOBJ": "Tegalsari", "DUSUN": "Tegalsari"}}, {"type": "Feature", "geometry": {"type": "Polygon", "coordinates": [[[110.1732214, -7.5502696], [110.173224, -7.5502371], [110.1731889, -7.5502267], [110.1731685, -7.5502208], [110.1731554, -7.5502751], [110.1731436, -7.5503142], [110.1732029, -7.5503292], [110.1732214, -7.5502696]]]}, "properties": {"OBJECTID_1": 47, "KETERANGAN": "Tempat Tinggal", "KET_DETAIL": "Rumah", "Luas_Ha": 0.0071, "NAMOBJ": "Tegalsari", "DUSUN": "Tegalsari"}}, {"type": "Feature", "geometry": {"type": "Polygon", "coordinates": [[[110.1735321, -7.5501192], [110.1734954, -7.5501115], [110.1734627, -7.5501047], [110.1734504, -7.550175], [110.1734766, -7.5501794], [110.1734659, -7.5502376], [110.1734952, -7.5502442], [110.1735067, -7.5502468], [110.1735321, -7.5501192]]]}, "properties": {"OBJECTID_1": 48, "KETERANGAN": "Tempat Tinggal", "KET_DETAIL": "Rumah", "Luas_Ha": 0.0091, "NAMOBJ": "Tegalsari", "DUSUN": "Tegalsari"}}, {"type": "Feature", "geometry": {"type": "Polygon", "coordinates": [[[110.1732966, -7.5501193], [110.1732715, -7.550113], [110.1732429, -7.5501954], [110.1732469, -7.5501964], [110.1733034, -7.5502104], [110.1733115, -7.5501948], [110.1733388, -7.5502017], [110.1733549, -7.55014], [110.1733564, -7.5501345], [110.1732966, -7.5501193]]]}, "properties": {"OBJECTID_1": 49, "KETERANGAN": "Tempat Tinggal", "KET_DETAIL": "Rumah", "Luas_Ha": 0.009, "NAMOBJ": "Tegalsari", "DUSUN": "Tegalsari"}}, {"type": "Feature", "geometry": {"type": "Polygon", "coordinates": [[[110.1735645, -7.5499457], [110.1734958, -7.5499273], [110.1734376, -7.5499117], [110.1734025, -7.5500476], [110.1734955, -7.550071], [110.1735355, -7.550081], [110.1735645, -7.5499457]]]}, "properties": {"OBJECTID_1": 50, "KETERANGAN": "Tempat Tinggal", "KET_DETAIL": "Rumah", "Luas_Ha": 0.0228, "NAMOBJ": "Tegalsari", "DUSUN": "Tegalsari"}}, {"type": "Feature", "geometry": {"type": "Polygon", "coordinates": [[[110.1733549, -7.55014], [110.1733844, -7.5501451], [110.1733683, -7.5502145], [110.1734277, -7.5502266], [110.1734662, -7.5500689], [110.1733203, -7.5500376], [110.1733196, -7.5500374], [110.1733168, -7.5500474], [110.1732966, -7.5501193], [110.1733564, -7.5501345], [110.1733549, -7.55014]]]}, "properties": {"OBJECTID_1": 51, "KETERANGAN": "Tempat Tinggal", "KET_DETAIL": "Rumah", "Luas_Ha": 0.0218, "NAMOBJ": "Tegalsari", "DUSUN": "Tegalsari"}}, {"type": "Feature", "geometry": {"type": "Polygon", "coordinates": [[[110.1733395, -7.5499435], [110.17335, -7.5498766], [110.1733102, -7.549869], [110.173296, -7.5499349], [110.1732772, -7.5500227], [110.1733222, -7.5500322], [110.1733256, -7.5500329], [110.1733395, -7.5499435]]]}, "properties": {"OBJECTID_1": 52, "KETERANGAN": "Tempat Tinggal", "KET_DETAIL": "Rumah", "Luas_Ha": 0.0087, "NAMOBJ": "Tegalsari", "DUSUN": "Tegalsari"}}, {"type": "Feature", "geometry": {"type": "Polygon", "coordinates": [[[110.1732864, -7.5499303], [110.1732215, -7.549918], [110.1732025, -7.5500123], [110.1732717, -7.5500259], [110.1732864, -7.5499303]]]}, "properties": {"OBJECTID_1": 53, "KETERANGAN": "Tempat Tinggal", "KET_DETAIL": "Rumah", "Luas_Ha": 0.008, "NAMOBJ": "Tegalsari", "DUSUN": "Tegalsari"}}, {"type": "Feature", "geometry": {"type": "Polygon", "coordinates": [[[110.1731011, -7.5500126], [110.1731012, -7.5500126], [110.1731274, -7.5500166], [110.1731383, -7.5500151], [110.1731984, -7.5500221], [110.1731999, -7.550012], [110.1731999, -7.5500116], [110.1732125, -7.5499247], [110.173119, -7.5499072], [110.1731189, -7.5499072], [110.1731187, -7.5499087], [110.1731184, -7.5499102], [110.1731132, -7.5499405], [110.1731088, -7.549966], [110.1731018, -7.5500064], [110.1731012, -7.5500098], [110.1731008, -7.5500125], [110.1731011, -7.5500126]]]}, "properties": {"OBJECTID_1": 54, "KETERANGAN": "Tempat Tinggal", "KET_DETAIL": "Rumah", "Luas_Ha": 0.0121, "NAMOBJ": "Tegalsari", "DUSUN": "Tegalsari"}}, {"type": "Feature", "geometry": {"type": "Polygon", "coordinates": [[[110.1730875, -7.5499376], [110.1730845, -7.549931], [110.173108, -7.5498401], [110.1730201, -7.5498205], [110.1729942, -7.5499083], [110.1729872, -7.5499085], [110.1729843, -7.5499086], [110.1729646, -7.5499722], [110.172963, -7.5499773], [110.1729987, -7.5499923], [110.1730115, -7.5499811], [110.1730261, -7.5499967], [110.1730851, -7.5499559], [110.1730875, -7.5499376]]]}, "properties": {"OBJECTID_1": 55, "KETERANGAN": "Tempat Tinggal", "KET_DETAIL": "Rumah", "Luas_Ha": 0.0191, "NAMOBJ": "Tegalsari", "DUSUN": "Tegalsari"}}, {"type": "Feature", "geometry": {"type": "Polygon", "coordinates": [[[110.1729872, -7.5499085], [110.1729894, -7.5499032], [110.1730067, -7.549837], [110.1729143, -7.5498089], [110.172879, -7.5499381], [110.1729646, -7.5499722], [110.1729843, -7.5499086], [110.1729872, -7.5499085]]]}, "properties": {"OBJECTID_1": 56, "KETERANGAN": "Tempat Tinggal", "KET_DETAIL": "Rumah", "Luas_Ha": 0.016, "NAMOBJ": "Tegalsari", "DUSUN": "Tegalsari"}}, {"type": "Feature", "geometry": {"type": "Polygon", "coordinates": [[[110.1728157, -7.5500043], [110.1728462, -7.5498905], [110.1727637, -7.5498685], [110.1727294, -7.5499794], [110.1727381, -7.5499819], [110.1728157, -7.5500043]]]}, "properties": {"OBJECTID_1": 57, "KETERANGAN": "Tempat Tinggal", "KET_DETAIL": "Rumah", "Luas_Ha": 0.0125, "NAMOBJ": "Tegalsari", "DUSUN": "Tegalsari"}}, {"type": "Feature", "geometry": {"type": "Polygon", "coordinates": [[[110.1728157, -7.5500043], [110.1727381, -7.5499819], [110.1727385, -7.5499889], [110.1727018, -7.5500876], [110.1727631, -7.5501072], [110.1727726, -7.5500835], [110.1728199, -7.5500938], [110.1728431, -7.5500102], [110.1728157, -7.5500043]]]}, "properties": {"OBJECTID_1": 58, "KETERANGAN": "Tempat Tinggal", "KET_DETAIL": "Rumah", "Luas_Ha": 0.0137, "NAMOBJ": "Tegalsari", "DUSUN": "Tegalsari"}}, {"type": "Feature", "geometry": {"type": "Polygon", "coordinates": [[[110.1728011, -7.5502429], [110.1727424, -7.5502275], [110.1727424, -7.550221], [110.1726738, -7.5502057], [110.1726519, -7.5503034], [110.1727324, -7.5503181], [110.1727405, -7.5502875], [110.1727882, -7.5502927], [110.1728011, -7.5502429]]]}, "properties": {"OBJECTID_1": 59, "KETERANGAN": "Tempat Tinggal", "KET_DETAIL": "Rumah", "Luas_Ha": 0.0131, "NAMOBJ": "Tegalsari", "DUSUN": "Tegalsari"}}, {"type": "Feature", "geometry": {"type": "Polygon", "coordinates": [[[110.1727674, -7.5505165], [110.1727739, -7.5504159], [110.1726203, -7.5504087], [110.1726229, -7.5504537], [110.1726007, -7.550456], [110.1726011, -7.5505156], [110.1726125, -7.5505157], [110.1727674, -7.5505165]]]}, "properties": {"OBJECTID_1": 60, "KETERANGAN": "Tempat Tinggal", "KET_DETAIL": "Rumah", "Luas_Ha": 0.0204, "NAMOBJ": "Tegalsari", "DUSUN": "Tegalsari"}}, {"type": "Feature", "geometry": {"type": "Polygon", "coordinates": [[[110.1727674, -7.5505165], [110.1726125, -7.5505157], [110.1726159, -7.5506247], [110.1727643, -7.5506226], [110.1727674, -7.5505165]]]}, "properties": {"OBJECTID_1": 61, "KETERANGAN": "Tempat Tinggal", "KET_DETAIL": "Rumah", "Luas_Ha": 0.0199, "NAMOBJ": "Tegalsari", "DUSUN": "Tegalsari"}}, {"type": "Feature", "geometry": {"type": "Polygon", "coordinates": [[[110.1725672, -7.5502088], [110.1724569, -7.5501803], [110.1724503, -7.5502059], [110.172421, -7.5503209], [110.1725627, -7.550361], [110.1725879, -7.5502764], [110.1726, -7.5502417], [110.1725641, -7.5502348], [110.172571, -7.5502098], [110.1725672, -7.5502088]]]}, "properties": {"OBJECTID_1": 62, "KETERANGAN": "Tempat Tinggal", "KET_DETAIL": "Rumah", "Luas_Ha": 0.0259, "NAMOBJ": "Tegalsari", "DUSUN": "Tegalsari"}}, {"type": "Feature", "geometry": {"type": "Polygon", "coordinates": [[[110.1723014, -7.5506104], [110.1722151, -7.5505869], [110.1721692, -7.5507484], [110.1722162, -7.5507598], [110.1722235, -7.5507532], [110.1722552, -7.5507624], [110.1723014, -7.5506104]]]}, "properties": {"OBJECTID_1": 63, "KETERANGAN": "Tempat Tinggal", "KET_DETAIL": "Rumah", "Luas_Ha": 0.0175, "NAMOBJ": "Tegalsari", "DUSUN": "Tegalsari"}}, {"type": "Feature", "geometry": {"type": "Polygon", "coordinates": [[[110.1721315, -7.5507154], [110.1721665, -7.5505552], [110.1721022, -7.5505411], [110.1720615, -7.5506948], [110.1720848, -7.5507068], [110.1720784, -7.5507617], [110.1720784, -7.5507619], [110.1721187, -7.5507686], [110.1721194, -7.5507688], [110.1721315, -7.5507154]]]}, "properties": {"OBJECTID_1": 64, "KETERANGAN": "Tempat Tinggal", "KET_DETAIL": "Rumah", "Luas_Ha": 0.0169, "NAMOBJ": "Tegalsari", "DUSUN": "Tegalsari"}}, {"type": "Feature", "geometry": {"type": "Polygon", "coordinates": [[[110.1720868, -7.5505363], [110.1720098, -7.5505158], [110.1719934, -7.5505679], [110.1719727, -7.5506702], [110.1720091, -7.5506833], [110.1720108, -7.5506691], [110.1720518, -7.5506806], [110.1720868, -7.5505363]]]}, "properties": {"OBJECTID_1": 65, "KETERANGAN": "Tempat Tinggal", "KET_DETAIL": "Rumah", "Luas_Ha": 0.0153, "NAMOBJ": "Tegalsari", "DUSUN": "Tegalsari"}}, {"type": "Feature", "geometry": {"type": "Polygon", "coordinates": [[[110.1719952, -7.5505043], [110.1718297, -7.5504588], [110.1717924, -7.5506087], [110.1718117, -7.5506131], [110.171807, -7.5506466], [110.1718952, -7.5506687], [110.1719072, -7.5506348], [110.1719516, -7.5506497], [110.1719952, -7.5505043]]]}, "properties": {"OBJECTID_1": 66, "KETERANGAN": "Tempat Tinggal", "KET_DETAIL": "Rumah", "Luas_Ha": 0.035, "NAMOBJ": "Tegalsari", "DUSUN": "Tegalsari"}}, {"type": "Feature", "geometry": {"type": "Polygon", "coordinates": [[[110.1716131, -7.5501732], [110.1716125, -7.5501731], [110.1715876, -7.5502621], [110.1715969, -7.5502655], [110.1716535, -7.5502858], [110.1716651, -7.5502763], [110.1717667, -7.5503067], [110.1717879, -7.5502299], [110.1717905, -7.5502207], [110.1717885, -7.5502202], [110.1716872, -7.5501957], [110.1716131, -7.5501732]]]}, "properties": {"OBJECTID_1": 67, "KETERANGAN": "Tempat Tinggal", "KET_DETAIL": "Rumah", "Luas_Ha": 0.0201, "NAMOBJ": "Tegalsari", "DUSUN": "Tegalsari"}}, {"type": "Feature", "geometry": {"type": "Polygon", "coordinates": [[[110.1717025, -7.5500299], [110.1716592, -7.5500124], [110.171606, -7.5501554], [110.1716166, -7.5501589], [110.1716361, -7.5501654], [110.1716484, -7.5501696], [110.1716626, -7.5501744], [110.171688, -7.5501829], [110.1717213, -7.550194], [110.1717561, -7.5502057], [110.1717562, -7.5502055], [110.1717661, -7.5501777], [110.1717701, -7.5501665], [110.1717783, -7.5501434], [110.171784, -7.5501276], [110.1717838, -7.5501275], [110.1717736, -7.5501238], [110.1717713, -7.5501229], [110.1717538, -7.5501157], [110.1717428, -7.5501113], [110.1717186, -7.5501012], [110.1717225, -7.5500872], [110.1717297, -7.5500614], [110.1717337, -7.5500471], [110.1717347, -7.5500433], [110.1717348, -7.550043], [110.1717025, -7.5500299]]]}, "properties": {"OBJECTID_1": 68, "KETERANGAN": "Tempat Tinggal", "KET_DETAIL": "Rumah", "Luas_Ha": 0.023, "NAMOBJ": "Tegalsari", "DUSUN": "Tegalsari"}}, {"type": "Feature", "geometry": {"type": "Polygon", "coordinates": [[[110.1727164, -7.5498446], [110.1725586, -7.5498033], [110.1725322, -7.5498662], [110.1725239, -7.549862], [110.1724981, -7.5499439], [110.1725594, -7.5499647], [110.1725702, -7.5499507], [110.1726523, -7.5499719], [110.1726711, -7.5499], [110.1726968, -7.54991], [110.1727164, -7.5498446]]]}, "properties": {"OBJECTID_1": 69, "KETERANGAN": "Tempat Tinggal", "KET_DETAIL": "Rumah", "Luas_Ha": 0.0284, "NAMOBJ": "Tegalsari", "DUSUN": "Tegalsari"}}, {"type": "Feature", "geometry": {"type": "Polygon", "coordinates": [[[110.17226, -7.5499518], [110.1722422, -7.5499463], [110.1722597, -7.5498963], [110.1721816, -7.5498744], [110.172138, -7.5499817], [110.1722363, -7.5500142], [110.17226, -7.5499518]]]}, "properties": {"OBJECTID_1": 70, "KETERANGAN": "Tempat Tinggal", "KET_DETAIL": "Rumah", "Luas_Ha": 0.0134, "NAMOBJ": "Tegalsari", "DUSUN": "Tegalsari"}}, {"type": "Feature", "geometry": {"type": "Polygon", "coordinates": [[[110.1722479, -7.5497891], [110.1721727, -7.5497617], [110.1721358, -7.5498361], [110.172227, -7.5498677], [110.1722479, -7.5497891]]]}, "properties": {"OBJECTID_1": 71, "KETERANGAN": "Tempat Tinggal", "KET_DETAIL": "Rumah", "Luas_Ha": 0.0088, "NAMOBJ": "Tegalsari", "DUSUN": "Tegalsari"}}, {"type": "Feature", "geometry": {"type": "Polygon", "coordinates": [[[110.1722479, -7.5497891], [110.1722641, -7.549795], [110.1722852, -7.549741], [110.1722696, -7.5497283], [110.1722789, -7.549701], [110.1722092, -7.5496723], [110.1721742, -7.549758], [110.1721727, -7.5497617], [110.1722479, -7.5497891]]]}, "properties": {"OBJECTID_1": 72, "KETERANGAN": "Tempat Tinggal", "KET_DETAIL": "Rumah", "Luas_Ha": 0.0104, "NAMOBJ": "Tegalsari", "DUSUN": "Tegalsari"}}, {"type": "Feature", "geometry": {"type": "Polygon", "coordinates": [[[110.1721742, -7.549758], [110.1722055, -7.5496638], [110.1721428, -7.5496408], [110.1721093, -7.5497292], [110.1721742, -7.549758]]]}, "properties": {"OBJECTID_1": 73, "KETERANGAN": "Tempat Tinggal", "KET_DETAIL": "Rumah", "Luas_Ha": 0.0081, "NAMOBJ": "Tegalsari", "DUSUN": "Tegalsari"}}, {"type": "Feature", "geometry": {"type": "Polygon", "coordinates": [[[110.1719639, -7.5496797], [110.1720758, -7.5497139], [110.1720943, -7.5496453], [110.1719883, -7.5496111], [110.1719839, -7.5496234], [110.1719811, -7.5496313], [110.1719768, -7.5496435], [110.17197, -7.5496627], [110.171964, -7.5496793], [110.1719639, -7.5496797]]]}, "properties": {"OBJECTID_1": 74, "KETERANGAN": "Tempat Tinggal", "KET_DETAIL": "Rumah", "Luas_Ha": 0.01, "NAMOBJ": "Tegalsari", "DUSUN": "Tegalsari"}}, {"type": "Feature", "geometry": {"type": "Polygon", "coordinates": [[[110.1719787, -7.5495721], [110.171889, -7.5495422], [110.1718855, -7.5495521], [110.1718473, -7.5496587], [110.1718452, -7.5496643], [110.1718434, -7.5496695], [110.1718964, -7.5496882], [110.1719357, -7.549702], [110.1719358, -7.549702], [110.1719369, -7.5496984], [110.1719395, -7.5496906], [110.1719417, -7.549684], [110.1719435, -7.5496787], [110.1719454, -7.5496728], [110.171949, -7.5496621], [110.1719539, -7.5496472], [110.1719709, -7.5495958], [110.1719787, -7.5495721]]]}, "properties": {"OBJECTID_1": 75, "KETERANGAN": "Tempat Tinggal", "KET_DETAIL": "Rumah", "Luas_Ha": 0.016, "NAMOBJ": "Tegalsari", "DUSUN": "Tegalsari"}}, {"type": "Feature", "geometry": {"type": "Polygon", "coordinates": [[[110.1718452, -7.5496643], [110.1717898, -7.5496455], [110.1717824, -7.5496649], [110.1717443, -7.5497636], [110.1717443, -7.5497639], [110.1718805, -7.549829], [110.1718818, -7.5498257], [110.1719019, -7.5497747], [110.1718658, -7.5497537], [110.1718964, -7.5496882], [110.1718434, -7.5496695], [110.1718452, -7.5496643]]]}, "properties": {"OBJECTID_1": 76, "KETERANGAN": "Tempat Tinggal", "KET_DETAIL": "Rumah", "Luas_Ha": 0.0207, "NAMOBJ": "Tegalsari", "DUSUN": "Tegalsari"}}, {"type": "Feature", "geometry": {"type": "Polygon", "coordinates": [[[110.1718855, -7.5495521], [110.1718317, -7.549536], [110.1717961, -7.5496343], [110.1717933, -7.5496421], [110.1717898, -7.5496455], [110.1718452, -7.5496643], [110.1718473, -7.5496587], [110.1718855, -7.5495521]]]}, "properties": {"OBJECTID_1": 77, "KETERANGAN": "Tempat Tinggal", "KET_DETAIL": "Rumah", "Luas_Ha": 0.0081, "NAMOBJ": "Tegalsari", "DUSUN": "Tegalsari"}}, {"type": "Feature", "geometry": {"type": "Polygon", "coordinates": [[[110.171676, -7.5494613], [110.1716371, -7.5494382], [110.1715867, -7.549576], [110.1716254, -7.5495861], [110.1716541, -7.5495034], [110.1717221, -7.5495212], [110.1717313, -7.5494979], [110.1717692, -7.5495084], [110.1717713, -7.549509], [110.1718294, -7.5495251], [110.1718317, -7.549536], [110.1718855, -7.5495521], [110.171889, -7.5495422], [110.1719787, -7.5495721], [110.1719767, -7.5495614], [110.1718319, -7.5495172], [110.1716804, -7.5494773], [110.171676, -7.5494613]]]}, "properties": {"OBJECTID_1": 78, "KETERANGAN": "Lahan Terbuka (Tanah Kosong)", "KET_DETAIL": "Rumah", "Luas_Ha": 0.0128, "NAMOBJ": "Tegalsari", "DUSUN": "Tegalsari"}}, {"type": "Feature", "geometry": {"type": "Polygon", "coordinates": [[[110.171723, -7.5497576], [110.1717521, -7.5496793], [110.1716818, -7.5496505], [110.1716705, -7.549678], [110.1716445, -7.5497414], [110.1717193, -7.5497675], [110.171723, -7.5497576]]]}, "properties": {"OBJECTID_1": 79, "KETERANGAN": "Tempat Tinggal", "KET_DETAIL": "Rumah", "Luas_Ha": 0.0091, "NAMOBJ": "Tegalsari", "DUSUN": "Tegalsari"}}, {"type": "Feature", "geometry": {"type": "Polygon", "coordinates": [[[110.1717221, -7.5495212], [110.1716541, -7.5495034], [110.1716254, -7.5495861], [110.1715867, -7.549576], [110.1715747, -7.5496138], [110.1716076, -7.5496207], [110.1716364, -7.5496266], [110.1716874, -7.5496371], [110.1717131, -7.5495442], [110.1717221, -7.5495212]]]}, "properties": {"OBJECTID_1": 80, "KETERANGAN": "Tempat Tinggal", "KET_DETAIL": "Rumah", "Luas_Ha": 0.0126, "NAMOBJ": "Tegalsari", "DUSUN": "Tegalsari"}}, {"type": "Feature", "geometry": {"type": "Polygon", "coordinates": [[[110.1716364, -7.5496266], [110.1716076, -7.5496207], [110.1715972, -7.5496542], [110.1715763, -7.5497137], [110.1716445, -7.5497414], [110.1716705, -7.549678], [110.1716434, -7.5496699], [110.1716223, -7.5496688], [110.1716364, -7.5496266]]]}, "properties": {"OBJECTID_1": 81, "KETERANGAN": "Tempat Tinggal", "KET_DETAIL": "Rumah", "Luas_Ha": 0.0072, "NAMOBJ": "Tegalsari", "DUSUN": "Tegalsari"}}, {"type": "Feature", "geometry": {"type": "Polygon", "coordinates": [[[110.1724571, -7.5503927], [110.1724577, -7.5503887], [110.1723654, -7.5503713], [110.172341, -7.5505078], [110.1723409, -7.5505082], [110.1723445, -7.5505088], [110.1724352, -7.5505247], [110.1724571, -7.5503927]]]}, "properties": {"OBJECTID_1": 82, "KETERANGAN": "Tempat Tinggal", "KET_DETAIL": "Rumah", "Luas_Ha": 0.016, "NAMOBJ": "Tegalsari", "DUSUN": "Tegalsari"}}, {"type": "Feature", "geometry": {"type": "Polygon", "coordinates": [[[110.1711892, -7.5495445], [110.1711891, -7.5495444], [110.1711205, -7.5495402], [110.171113, -7.5495384], [110.1710113, -7.5496227], [110.1709981, -7.5496318], [110.1709744, -7.5496683], [110.1709524, -7.5496967], [110.170945, -7.5497267], [110.170966, -7.5497755], [110.1709586, -7.5498129], [110.1709417, -7.5498507], [110.170939, -7.5498777], [110.1709439, -7.5499043], [110.1709522, -7.5499296], [110.1710035, -7.5499593], [110.1710585, -7.5499618], [110.1710772, -7.5499992], [110.1711146, -7.5500334], [110.1711276, -7.5500326], [110.1711366, -7.5500067], [110.1711307, -7.5499817], [110.1711188, -7.5499656], [110.1711495, -7.5499485], [110.1711553, -7.5499168], [110.1711647, -7.54991], [110.1711564, -7.5498887], [110.1711607, -7.549858], [110.1711714, -7.5498299], [110.1711813, -7.5498096], [110.1712072, -7.5497863], [110.1712489, -7.5497588], [110.171262, -7.5497277], [110.171261, -7.5497063], [110.1712439, -7.5496819], [110.1712319, -7.5496553], [110.171221, -7.5496454], [110.1712419, -7.5496205], [110.1712175, -7.5495866], [110.1712014, -7.5495627], [110.1711892, -7.5495445]]]}, "properties": {"OBJECTID_1": 83, "KETERANGAN": "Rumput", "KET_DETAIL": "", "Luas_Ha": 0.1198, "NAMOBJ": "Tegalsari", "DUSUN": "Tegalsari"}}, {"type": "Feature", "geometry": {"type": "Polygon", "coordinates": [[[110.1711892, -7.5495445], [110.1712349, -7.5494902], [110.1712078, -7.5494154], [110.1711612, -7.5492959], [110.1710988, -7.5493137], [110.1710573, -7.5493312], [110.171096, -7.5494879], [110.171113, -7.5495384], [110.1711205, -7.5495402], [110.1711891, -7.5495444], [110.1711892, -7.5495445]]]}, "properties": {"OBJECTID_1": 84, "KETERANGAN": "Perkebunan", "KET_DETAIL": "", "Luas_Ha": 0.0345, "NAMOBJ": "Tegalsari", "DUSUN": "Tegalsari"}}, {"type": "Feature", "geometry": {"type": "Polygon", "coordinates": [[[110.1718758, -7.5498782], [110.1718062, -7.5498693], [110.1717882, -7.5498618], [110.1715935, -7.5497959], [110.1715536, -7.5498769], [110.1717226, -7.5499624], [110.1717038, -7.5500123], [110.1716978, -7.5500243], [110.1717096, -7.5500282], [110.1717424, -7.5500389], [110.1717437, -7.5500393], [110.1717645, -7.5500451], [110.1718163, -7.5500593], [110.1718168, -7.5500594], [110.1718472, -7.5500044], [110.1718546, -7.5499532], [110.1718615, -7.549918], [110.1718662, -7.5499018], [110.1718724, -7.5498819], [110.1718758, -7.5498782]]]}, "properties": {"OBJECTID_1": 85, "KETERANGAN": "Perkebunan", "KET_DETAIL": "", "Luas_Ha": 0.0507, "NAMOBJ": "Tegalsari", "DUSUN": "Tegalsari"}}, {"type": "Feature", "geometry": {"type": "Polygon", "coordinates": [[[110.1718728, -7.5499743], [110.1718816, -7.5500065], [110.171945, -7.5500046], [110.1720023, -7.5500118], [110.1720095, -7.5499894], [110.1720474, -7.5499925], [110.1720741, -7.5499272], [110.1720998, -7.5498456], [110.172063, -7.5498241], [110.1719378, -7.5497974], [110.1719269, -7.5498289], [110.1719116, -7.5498623], [110.1719002, -7.5498871], [110.171896, -7.5499001], [110.1718777, -7.5499566], [110.1718728, -7.5499718], [110.1718724, -7.5499728], [110.1718728, -7.5499743]]]}, "properties": {"OBJECTID_1": 86, "KETERANGAN": "Kebun Campur", "KET_DETAIL": "", "Luas_Ha": 0.0414, "NAMOBJ": "Tegalsari", "DUSUN": "Tegalsari"}}, {"type": "Feature", "geometry": {"type": "Polygon", "coordinates": [[[110.1712846, -7.5511867], [110.1712655, -7.5511611], [110.1712191, -7.5511435], [110.1711904, -7.5511003], [110.1711857, -7.5510509], [110.1711762, -7.5510078], [110.171125, -7.551014], [110.1710818, -7.5510666], [110.1710657, -7.5511097], [110.1710688, -7.5511432], [110.171048, -7.5511718], [110.1710176, -7.5511782], [110.1710031, -7.5512046], [110.1710152, -7.5512046], [110.1709935, -7.5512499], [110.1710174, -7.551293], [110.1710653, -7.5513139], [110.1711389, -7.5512901], [110.1711948, -7.551303], [110.171238, -7.5513142], [110.1712732, -7.5512967], [110.1712957, -7.5512457], [110.1713341, -7.5512346], [110.1713708, -7.5512347], [110.1713778, -7.5512053], [110.1712865, -7.5512051], [110.1712846, -7.5511867]]]}, "properties": {"OBJECTID_1": 87, "KETERANGAN": "Perkebunan", "KET_DETAIL": "", "Luas_Ha": 0.0715, "NAMOBJ": "Tegalsari", "DUSUN": "Tegalsari"}}, {"type": "Feature", "geometry": {"type": "Polygon", "coordinates": [[[110.171496, -7.5511215], [110.1715235, -7.5511196], [110.1715196, -7.5511039], [110.1715026, -7.5510849], [110.1715046, -7.5510582], [110.1715105, -7.5510366], [110.1715106, -7.5510111], [110.1714851, -7.5509862], [110.1714688, -7.5509646], [110.171453, -7.5509666], [110.1714478, -7.5509836], [110.171449, -7.5510038], [110.1714496, -7.5510476], [110.1714509, -7.5510633], [110.1714666, -7.5510842], [110.1714718, -7.5511038], [110.1714848, -7.551128], [110.171496, -7.5511215]]]}, "properties": {"OBJECTID_1": 88, "KETERANGAN": "Lahan Terbuka (Tanah Kosong)", "KET_DETAIL": "", "Luas_Ha": 0.0091, "NAMOBJ": "Tegalsari", "DUSUN": "Tegalsari"}}, {"type": "Feature", "geometry": {"type": "Polygon", "coordinates": [[[110.1734942, -7.5507551], [110.1734943, -7.550708], [110.1734943, -7.5507075], [110.1734791, -7.5507079], [110.1734552, -7.5508134], [110.1734082, -7.550969], [110.1733693, -7.5511172], [110.1733575, -7.551187], [110.1733527, -7.551209], [110.173354, -7.551209], [110.1733308, -7.5513108], [110.1733036, -7.5514614], [110.1732791, -7.5515775], [110.173319, -7.5515868], [110.1733245, -7.5515686], [110.1733014, -7.5515579], [110.1733233, -7.5515132], [110.1733443, -7.5515244], [110.173382, -7.5514461], [110.1734625, -7.5514819], [110.1734818, -7.5514876], [110.1734928, -7.5514662], [110.1735026, -7.5514472], [110.1735758, -7.5514755], [110.1735533, -7.551538], [110.173502, -7.5516594], [110.1734925, -7.5516559], [110.173492, -7.5519243], [110.1735406, -7.5519366], [110.1734985, -7.5520537], [110.1734917, -7.5520519], [110.1734917, -7.5520565], [110.1734999, -7.5520585], [110.1735063, -7.5520599], [110.1735187, -7.5520315], [110.173579, -7.5520533], [110.173566, -7.5521046], [110.1735899, -7.5521219], [110.1736114, -7.5521268], [110.173613, -7.5521475], [110.1736138, -7.5521611], [110.1736018, -7.5521642], [110.173589, -7.5521435], [110.173565, -7.5521626], [110.1735625, -7.5521953], [110.1735649, -7.5522328], [110.1735712, -7.5522456], [110.1735944, -7.5522488], [110.173592, -7.552236], [110.1736112, -7.5522361], [110.1736224, -7.5522664], [110.1736143, -7.5522767], [110.1736271, -7.5523023], [110.173635, -7.5523167], [110.1736382, -7.552339], [110.1736174, -7.5523509], [110.1736421, -7.5524012], [110.1736484, -7.5524244], [110.1737244, -7.5524357], [110.1737547, -7.5522863], [110.173772, -7.5521904], [110.1737794, -7.5521548], [110.1741063, -7.552207], [110.1742263, -7.5522243], [110.1742303, -7.5522248], [110.1743493, -7.5522459], [110.1744512, -7.5522632], [110.1745105, -7.5522755], [110.1745499, -7.5522487], [110.1744616, -7.5521771], [110.1743415, -7.5520958], [110.1741548, -7.5519994], [110.1736543, -7.5517105], [110.1736759, -7.5516796], [110.1737172, -7.5516176], [110.1737611, -7.551554], [110.1738235, -7.5514693], [110.1738806, -7.5513836], [110.1740034, -7.551199], [110.1740262, -7.5511298], [110.1740871, -7.5509945], [110.1741358, -7.5508861], [110.1741221, -7.550881], [110.1739461, -7.550823], [110.1738831, -7.5508055], [110.173879, -7.5508177], [110.1738211, -7.5510377], [110.1737913, -7.551028], [110.1736637, -7.5509907], [110.1736922, -7.5508874], [110.1736891, -7.5508843], [110.1736809, -7.5509163], [110.1736431, -7.5509101], [110.1736424, -7.5509043], [110.1734939, -7.5508776], [110.1734591, -7.5508714], [110.1734843, -7.550753], [110.1734942, -7.5507551]], [[110.173603, -7.5511298], [110.1735796, -7.5512043], [110.1734934, -7.5511792], [110.1734805, -7.5511754], [110.1734935, -7.5511328], [110.173515, -7.5510623], [110.1735856, -7.5510842], [110.1735818, -7.55112], [110.173603, -7.5511298]], [[110.1735432, -7.5513668], [110.1735128, -7.5514449], [110.1734929, -7.551438], [110.1734505, -7.5514233], [110.1733668, -7.5513759], [110.1734019, -7.5513025], [110.1734931, -7.5513439], [110.1735136, -7.5513533], [110.1735432, -7.5513668]], [[110.1742812, -7.5521855], [110.1743252, -7.5521967], [110.1744035, -7.5521913], [110.1744083, -7.5522096], [110.174397, -7.5522447], [110.1743643, -7.5522271], [110.1743115, -7.5522198], [110.1742524, -7.5522038], [110.1742461, -7.5521519], [110.174191, -7.5521167], [110.1741239, -7.5520871], [110.1740537, -7.5520399], [110.1740465, -7.5520296], [110.1740593, -7.5520295], [110.1740817, -7.5520224], [110.17412, -7.5520336], [110.1741663, -7.5520576], [110.1742287, -7.5520713], [110.1742782, -7.5521017], [110.1743149, -7.5521177], [110.1743349, -7.5521345], [110.1743268, -7.5521513], [110.1742805, -7.5521591], [110.1742812, -7.5521855]], [[110.1740326, -7.5509516], [110.1740055, -7.5510276], [110.1739655, -7.5510141], [110.1739595, -7.5510354], [110.1738756, -7.5510072], [110.1738848, -7.550975], [110.1739335, -7.5508491], [110.1739791, -7.5508677], [110.1739761, -7.5508779], [110.1740269, -7.5508971], [110.1740121, -7.5509423], [110.1740326, -7.5509516]]]}, "properties": {"OBJECTID_1": 89, "KETERANGAN": "Vegetasi Non Budidaya Lainnya", "KET_DETAIL": "", "Luas_Ha": 0.8108, "NAMOBJ": "Tegalsari", "DUSUN": "Tegalsari"}}, {"type": "Feature", "geometry": {"type": "Polygon", "coordinates": [[[110.1729646, -7.5499722], [110.172879, -7.5499381], [110.1728753, -7.5500169], [110.1728586, -7.5500291], [110.1728431, -7.5500102], [110.1728199, -7.5500938], [110.1727726, -7.5500835], [110.1727631, -7.5501072], [110.1727018, -7.5500876], [110.1727385, -7.5499889], [110.1727381, -7.5499819], [110.1727294, -7.5499794], [110.1727233, -7.5499783], [110.1727206, -7.5499906], [110.1726973, -7.5500799], [110.1726889, -7.5501117], [110.1726704, -7.5501621], [110.1726704, -7.5501622], [110.1726498, -7.550212], [110.1726329, -7.5502722], [110.172628, -7.5502837], [110.1726193, -7.5503197], [110.1726136, -7.5503519], [110.1726082, -7.5503763], [110.1725915, -7.5504301], [110.1725723, -7.5505361], [110.1725518, -7.5506457], [110.172527, -7.5507664], [110.17252, -7.5507869], [110.1725216, -7.5508034], [110.1725245, -7.5508104], [110.1725291, -7.5508174], [110.1725345, -7.5508214], [110.1725385, -7.5508245], [110.1725493, -7.5508266], [110.172684, -7.5508429], [110.1728627, -7.550864], [110.172916, -7.5508738], [110.1729271, -7.550871], [110.1729358, -7.5508635], [110.1729452, -7.5508386], [110.1729501, -7.5508187], [110.1729533, -7.5507963], [110.1729529, -7.5507742], [110.1729518, -7.5507557], [110.1729514, -7.5507337], [110.172952, -7.5507275], [110.1729521, -7.5507242], [110.1729622, -7.5506139], [110.1729651, -7.5505356], [110.1729736, -7.5504742], [110.1730043, -7.550377], [110.1730323, -7.5503289], [110.1730319, -7.550328], [110.1730348, -7.550316], [110.173035, -7.5503152], [110.1730492, -7.5502564], [110.1730654, -7.5501119], [110.1730823, -7.5499765], [110.1730821, -7.5499763], [110.1730837, -7.5499655], [110.1730851, -7.5499559], [110.1730261, -7.5499967], [110.1730115, -7.5499811], [110.1729987, -7.5499923], [110.172963, -7.5499773], [110.1729646, -7.5499722]], [[110.1728011, -7.5502429], [110.1727882, -7.5502927], [110.1727405, -7.5502875], [110.1727324, -7.5503181], [110.1726519, -7.5503034], [110.1726738, -7.5502057], [110.1727424, -7.550221], [110.1727424, -7.5502275], [110.1728011, -7.5502429]], [[110.1726125, -7.5505157], [110.1726011, -7.5505156], [110.1726007, -7.550456], [110.1726229, -7.5504537], [110.1726203, -7.5504087], [110.1727739, -7.5504159], [110.1727674, -7.5505165], [110.1727643, -7.5506226], [110.1726159, -7.5506247], [110.1726125, -7.5505157]], [[110.1727527, -7.5506952], [110.172753, -7.5507289], [110.1727153, -7.5507355], [110.1726873, -7.550768], [110.1727148, -7.550774], [110.1727214, -7.5508089], [110.1727072, -7.5508159], [110.1726798, -7.5508096], [110.1726479, -7.5508138], [110.1726184, -7.5508165], [110.172602, -7.5508098], [110.1725957, -7.5507871], [110.1725926, -7.5507769], [110.1725851, -7.5507694], [110.1725708, -7.5507722], [110.1725616, -7.5507698], [110.1725608, -7.5507619], [110.1725707, -7.5507392], [110.1725743, -7.550698], [110.1725751, -7.5506898], [110.1726132, -7.5506863], [110.1726399, -7.550715], [110.172656, -7.5506943], [110.1726819, -7.5506998], [110.1727295, -7.5506866], [110.1727527, -7.5506952]]]}, "properties": {"OBJECTID_1": 90, "KETERANGAN": "Vegetasi Non Budidaya Lainnya", "KET_DETAIL": "", "Luas_Ha": 0.3334, "NAMOBJ": "Tegalsari", "DUSUN": "Tegalsari"}}, {"type": "Feature", "geometry": {"type": "Polygon", "coordinates": [[[110.1727527, -7.5506952], [110.1727295, -7.5506866], [110.1726819, -7.5506998], [110.172656, -7.5506943], [110.1726399, -7.550715], [110.1726132, -7.5506863], [110.1725751, -7.5506898], [110.1725743, -7.550698], [110.1725707, -7.5507392], [110.1725608, -7.5507619], [110.1725616, -7.5507698], [110.1725708, -7.5507722], [110.1725851, -7.5507694], [110.1725926, -7.5507769], [110.1725957, -7.5507871], [110.172602, -7.5508098], [110.1726184, -7.5508165], [110.1726479, -7.5508138], [110.1726798, -7.5508096], [110.1727072, -7.5508159], [110.1727214, -7.5508089], [110.1727148, -7.550774], [110.1726873, -7.550768], [110.1727153, -7.5507355], [110.172753, -7.5507289], [110.1727527, -7.5506952]]]}, "properties": {"OBJECTID_1": 91, "KETERANGAN": "Perkebunan", "KET_DETAIL": "", "Luas_Ha": 0.0209, "NAMOBJ": "Tegalsari", "DUSUN": "Tegalsari"}}, {"type": "Feature", "geometry": {"type": "Polygon", "coordinates": [[[110.1725187, -7.5506034], [110.1725286, -7.5505593], [110.1725127, -7.5505501], [110.1724919, -7.550543], [110.172471, -7.5505359], [110.1724487, -7.5505391], [110.1724415, -7.5505401], [110.1723672, -7.5505651], [110.1723379, -7.5505799], [110.1723431, -7.5506149], [110.1723443, -7.5506233], [110.1723652, -7.5506294], [110.1723935, -7.5506203], [110.1724279, -7.5506044], [110.1724751, -7.55061], [110.172515, -7.5506181], [110.1725187, -7.5506034]]]}, "properties": {"OBJECTID_1": 92, "KETERANGAN": "Perkebunan", "KET_DETAIL": "", "Luas_Ha": 0.0143, "NAMOBJ": "Tegalsari", "DUSUN": "Tegalsari"}}, {"type": "Feature", "geometry": {"type": "Polygon", "coordinates": [[[110.1720521, -7.550787], [110.1720036, -7.5507698], [110.1720015, -7.5507732], [110.1719833, -7.5508015], [110.1719828, -7.5508022], [110.1719723, -7.5508511], [110.1719709, -7.5508507], [110.1719537, -7.5508473], [110.1719495, -7.5508615], [110.1719489, -7.5508636], [110.1719477, -7.5508635], [110.171934, -7.5508788], [110.1719257, -7.5509353], [110.1719416, -7.5509356], [110.1719509, -7.5509372], [110.1720214, -7.5509491], [110.1720263, -7.5509427], [110.1720281, -7.5509405], [110.1720289, -7.5509377], [110.1720466, -7.5508813], [110.1720749, -7.5507978], [110.1720596, -7.5507896], [110.1720521, -7.550787]]]}, "properties": {"OBJECTID_1": 93, "KETERANGAN": "Pekarangan", "KET_DETAIL": "", "Luas_Ha": 0.0192, "NAMOBJ": "Tegalsari", "DUSUN": "Tegalsari"}}, {"type": "Feature", "geometry": {"type": "Polygon", "coordinates": [[[110.1713815, -7.5510374], [110.171381, -7.550978], [110.1713541, -7.5509142], [110.1713327, -7.5509032], [110.1712811, -7.5508884], [110.1712437, -7.5508865], [110.1712042, -7.5509161], [110.1712042, -7.5509162], [110.1711868, -7.5509689], [110.1712251, -7.5510034], [110.1712347, -7.5510455], [110.1712562, -7.5510678], [110.1712764, -7.5510942], [110.1712936, -7.5511053], [110.1713219, -7.5510894], [110.1713605, -7.5511109], [110.1713967, -7.5511324], [110.1713986, -7.5510901], [110.1713815, -7.5510374]]]}, "properties": {"OBJECTID_1": 94, "KETERANGAN": "Rumput", "KET_DETAIL": "", "Luas_Ha": 0.0394, "NAMOBJ": "Tegalsari", "DUSUN": "Tegalsari"}}, {"type": "Feature", "geometry": {"type": "Polygon", "coordinates": [[[110.1723019, -7.5503616], [110.1723014, -7.5503611], [110.1722606, -7.5503555], [110.1722461, -7.5503359], [110.1722119, -7.5503213], [110.1721974, -7.5503354], [110.1721942, -7.5503609], [110.1721706, -7.5503726], [110.1721628, -7.5503506], [110.1721391, -7.5503804], [110.1721359, -7.550409], [110.1721458, -7.5504217], [110.1721598, -7.5504396], [110.1721897, -7.5504617], [110.1722148, -7.5504829], [110.1722855, -7.5504873], [110.1722938, -7.5504697], [110.1722935, -7.5504582], [110.1722928, -7.5504229], [110.1722925, -7.5504077], [110.1723088, -7.5504015], [110.1723124, -7.5503741], [110.1723019, -7.5503616]]]}, "properties": {"OBJECTID_1": 95, "KETERANGAN": "Perkebunan", "KET_DETAIL": "", "Luas_Ha": 0.0231, "NAMOBJ": "Tegalsari", "DUSUN": "Tegalsari"}}, {"type": "Feature", "geometry": {"type": "Polygon", "coordinates": [[[110.1730888, -7.5503419], [110.1731392, -7.5503395], [110.1731389, -7.5503035], [110.1731515, -7.5502466], [110.1731581, -7.5502168], [110.1731595, -7.5502106], [110.1731104, -7.5501936], [110.1730799, -7.5501922], [110.1730788, -7.5502013], [110.1730694, -7.5502865], [110.1730607, -7.5503369], [110.1730838, -7.5503422], [110.1730888, -7.5503419]]]}, "properties": {"OBJECTID_1": 96, "KETERANGAN": "Pekarangan", "KET_DETAIL": "", "Luas_Ha": 0.0133, "NAMOBJ": "Tegalsari", "DUSUN": "Tegalsari"}}, {"type": "Feature", "geometry": {"type": "Polygon", "coordinates": [[[110.173014, -7.5508741], [110.1732113, -7.550911], [110.1733602, -7.5509297], [110.1733704, -7.5509253], [110.1733785, -7.550917], [110.1733906, -7.5508709], [110.1733999, -7.5508397], [110.1734283, -7.5507295], [110.1734556, -7.5506162], [110.1734822, -7.550487], [110.1734948, -7.5504343], [110.1735048, -7.5503829], [110.1735242, -7.5502988], [110.1735403, -7.550212], [110.1735528, -7.5501582], [110.1735602, -7.5501273], [110.1735604, -7.5501266], [110.1735609, -7.5501244], [110.1735918, -7.5499777], [110.1735847, -7.5499467], [110.1735842, -7.5499431], [110.1735821, -7.54994], [110.1735782, -7.5499349], [110.1735718, -7.5499288], [110.1735659, -7.5499257], [110.173508, -7.5499072], [110.173368, -7.5498775], [110.1732824, -7.5498577], [110.1731458, -7.5498284], [110.1731351, -7.5498266], [110.1731248, -7.5498767], [110.1731168, -7.5499086], [110.1731088, -7.549966], [110.1731132, -7.5499405], [110.1731184, -7.5499102], [110.1731187, -7.5499087], [110.1731189, -7.5499072], [110.173119, -7.5499072], [110.1732125, -7.5499247], [110.1731999, -7.5500116], [110.1731999, -7.550012], [110.1731984, -7.5500221], [110.1731383, -7.5500151], [110.1731274, -7.5500166], [110.1731012, -7.5500126], [110.1731011, -7.5500126], [110.1730963, -7.5500549], [110.1730888, -7.5501168], [110.1730799, -7.5501922], [110.1731104, -7.5501936], [110.1731595, -7.5502106], [110.1731581, -7.5502168], [110.1731515, -7.5502466], [110.1731389, -7.5503035], [110.1731392, -7.5503395], [110.1730888, -7.5503419], [110.1730727, -7.5503686], [110.1730582, -7.5503825], [110.1730625, -7.5504057], [110.1730924, -7.5504226], [110.1731036, -7.5504224], [110.1731173, -7.550362], [110.1731992, -7.5503772], [110.1731955, -7.5504295], [110.1731899, -7.55043], [110.1731972, -7.5504469], [110.1731991, -7.5504816], [110.1731995, -7.5505235], [110.1731975, -7.5505648], [110.173162, -7.5505941], [110.173128, -7.5506031], [110.1731054, -7.5505947], [110.1730887, -7.5506226], [110.1730887, -7.5506467], [110.1730962, -7.5506632], [110.1730863, -7.5506813], [110.1730667, -7.5506925], [110.1730629, -7.5507324], [110.17305, -7.5507528], [110.1730484, -7.5507716], [110.1730273, -7.5507926], [110.1730091, -7.5508009], [110.1730091, -7.5508219], [110.1730008, -7.550837], [110.1730098, -7.5508588], [110.173014, -7.5508741]], [[110.1733566, -7.5507972], [110.1733482, -7.5508263], [110.1733624, -7.5508325], [110.1733532, -7.5508841], [110.1733375, -7.5508786], [110.1733301, -7.5509121], [110.1732959, -7.5509069], [110.1732762, -7.5509156], [110.1732529, -7.5509079], [110.1732507, -7.5508977], [110.1732216, -7.5508937], [110.1731946, -7.5508816], [110.1731994, -7.5508511], [110.1731829, -7.550847], [110.1731734, -7.5508972], [110.1730328, -7.5508741], [110.173046, -7.5508072], [110.1730799, -7.5508058], [110.173091, -7.5507207], [110.1731045, -7.5507189], [110.1731087, -7.5506954], [110.1731975, -7.5507176], [110.1731953, -7.5507676], [110.1732009, -7.5507686], [110.1732183, -7.5507049], [110.1731793, -7.5506932], [110.1731937, -7.5505866], [110.1732622, -7.5505981], [110.1732622, -7.5506119], [110.1732797, -7.5506159], [110.173284, -7.5506104], [110.173295, -7.5506129], [110.1732965, -7.5506132], [110.1732977, -7.5506073], [110.1732693, -7.5506029], [110.1732827, -7.5505394], [110.1734314, -7.550566], [110.1734203, -7.5506409], [110.1733982, -7.5507904], [110.1733836, -7.5507882], [110.1733734, -7.5507994], [110.1733566, -7.5507972]], [[110.173319, -7.5504462], [110.1734801, -7.5504733], [110.1734569, -7.5505511], [110.1732992, -7.5505196], [110.1733001, -7.5505161], [110.17329, -7.5505148], [110.1732145, -7.5504944], [110.1732115, -7.5504583], [110.1732282, -7.5503811], [110.1732589, -7.5503873], [110.1733215, -7.5503984], [110.1733215, -7.5504221], [110.173327, -7.5504236], [110.173319, -7.5504462]], [[110.1734949, -7.5503814], [110.1734911, -7.5504017], [110.173404, -7.5503841], [110.1734079, -7.5503692], [110.1734223, -7.5503144], [110.1734324, -7.5502758], [110.1734332, -7.5502728], [110.1734422, -7.5502381], [110.1734951, -7.550251], [110.173518, -7.5502566], [110.1734949, -7.5503814]], [[110.1734922, -7.5504166], [110.1734793, -7.5504686], [110.173385, -7.5504521], [110.1733957, -7.5503921], [110.1734922, -7.5504166]], [[110.1732841, -7.5503606], [110.1732828, -7.5503666], [110.1732215, -7.5503495], [110.1732467, -7.5502344], [110.1732858, -7.5502435], [110.1732816, -7.5502579], [110.1733008, -7.5502624], [110.1733054, -7.5502635], [110.1732841, -7.5503606]], [[110.1732214, -7.5502696], [110.1732029, -7.5503292], [110.1731436, -7.5503142], [110.1731554, -7.5502751], [110.1731685, -7.5502208], [110.1731889, -7.5502267], [110.173224, -7.5502371], [110.1732214, -7.5502696]], [[110.1732966, -7.5501193], [110.1733168, -7.5500474], [110.1733196, -7.5500374], [110.1733203, -7.5500376], [110.1734662, -7.5500689], [110.1734277, -7.5502266], [110.1733683, -7.5502145], [110.1733844, -7.5501451], [110.1733549, -7.55014], [110.1733388, -7.5502017], [110.1733115, -7.5501948], [110.1733034, -7.5502104], [110.1732469, -7.5501964], [110.1732429, -7.5501954], [110.1732715, -7.550113], [110.1732966, -7.5501193]], [[110.1735645, -7.5499457], [110.1735355, -7.550081], [110.1734955, -7.550071], [110.1734025, -7.5500476], [110.1734376, -7.5499117], [110.1734958, -7.5499273], [110.1735645, -7.5499457]], [[110.1733395, -7.5499435], [110.1733256, -7.5500329], [110.1733222, -7.5500322], [110.1732772, -7.5500227], [110.173296, -7.5499349], [110.1733102, -7.549869], [110.17335, -7.5498766], [110.1733395, -7.5499435]], [[110.1732864, -7.5499303], [110.1732717, -7.5500259], [110.1732025, -7.5500123], [110.1732215, -7.549918], [110.1732864, -7.5499303]], [[110.1735321, -7.5501192], [110.1735067, -7.5502468], [110.1734952, -7.5502442], [110.1734659, -7.5502376], [110.1734766, -7.5501794], [110.1734504, -7.550175], [110.1734627, -7.5501047], [110.1734954, -7.5501115], [110.1735321, -7.5501192]]]}, "properties": {"OBJECTID_1": 97, "KETERANGAN": "Pekarangan", "KET_DETAIL": "", "Luas_Ha": 0.2235, "NAMOBJ": "Tegalsari", "DUSUN": "Tegalsari"}}, {"type": "Feature", "geometry": {"type": "Polygon", "coordinates": [[[110.173319, -7.5504462], [110.173327, -7.5504236], [110.1733215, -7.5504221], [110.1733215, -7.5503984], [110.1732589, -7.5503873], [110.1732282, -7.5503811], [110.1732115, -7.5504583], [110.1732145, -7.5504944], [110.17329, -7.5505148], [110.1733001, -7.5505161], [110.1733168, -7.5504524], [110.1733185, -7.5504461], [110.173319, -7.5504462]]]}, "properties": {"OBJECTID_1": 98, "KETERANGAN": "Pekarangan", "KET_DETAIL": "", "Luas_Ha": 0.0141, "NAMOBJ": "Tegalsari", "DUSUN": "Tegalsari"}}, {"type": "Feature", "geometry": {"type": "Polygon", "coordinates": [[[110.1723047, -7.5508267], [110.1722926, -7.5508257], [110.1722715, -7.5508234], [110.1722428, -7.55082], [110.1722139, -7.5508181], [110.1722066, -7.5508168], [110.1721976, -7.5508153], [110.1721918, -7.5508141], [110.1721702, -7.5508097], [110.1721536, -7.5508064], [110.1721522, -7.5508062], [110.172148, -7.5508058], [110.1721476, -7.5508058], [110.1721301, -7.5508039], [110.1721112, -7.5508007], [110.1720846, -7.5507959], [110.1720521, -7.550787], [110.1720596, -7.5507896], [110.1720749, -7.5507978], [110.1720466, -7.5508813], [110.1720289, -7.5509377], [110.1720281, -7.5509405], [110.1720263, -7.5509427], [110.1720214, -7.5509491], [110.1719509, -7.5509372], [110.1719416, -7.5509356], [110.1719257, -7.5509353], [110.1719257, -7.5509354], [110.171925, -7.5509353], [110.1719171, -7.5509341], [110.1718937, -7.5509306], [110.1718895, -7.550945], [110.1718876, -7.5509448], [110.1718711, -7.5509431], [110.171869, -7.5509428], [110.1718492, -7.5509382], [110.1718006, -7.5509272], [110.1717968, -7.5509263], [110.1717944, -7.5509365], [110.1717963, -7.5509288], [110.1719028, -7.5509529], [110.171892, -7.5509953], [110.1718798, -7.5509913], [110.1718665, -7.5510399], [110.1718008, -7.5510238], [110.1718001, -7.5510284], [110.1718943, -7.5510512], [110.1719141, -7.5509662], [110.1719146, -7.5509639], [110.171916, -7.5509641], [110.1719848, -7.5509749], [110.1719861, -7.550975], [110.1720489, -7.5509925], [110.1720491, -7.5509914], [110.1720573, -7.550952], [110.1720576, -7.5509506], [110.1720509, -7.550949], [110.1720512, -7.550948], [110.1720589, -7.5509211], [110.1720591, -7.5509204], [110.1720549, -7.5509176], [110.1720555, -7.5509156], [110.1720842, -7.5508062], [110.1720848, -7.5508064], [110.1721428, -7.5508221], [110.1721442, -7.5508176], [110.1721473, -7.5508074], [110.1721475, -7.5508075], [110.1721601, -7.550812], [110.1721935, -7.5508237], [110.1721937, -7.5508238], [110.1721927, -7.5508286], [110.172187, -7.5508555], [110.1721856, -7.5508618], [110.1721855, -7.5508624], [110.1721854, -7.5508627], [110.1722182, -7.550873], [110.1722307, -7.5508769], [110.1722309, -7.550877], [110.17223, -7.5508807], [110.1722275, -7.5508904], [110.1722258, -7.5508973], [110.1722234, -7.550907], [110.172222, -7.5509125], [110.1722131, -7.5509478], [110.1722077, -7.5509694], [110.1722057, -7.5509772], [110.1722204, -7.550982], [110.1722351, -7.5509834], [110.1722509, -7.5509796], [110.1722602, -7.5509843], [110.1722664, -7.5509794], [110.1722659, -7.5509711], [110.172273, -7.5509669], [110.1722781, -7.5509442], [110.1722834, -7.5509201], [110.1722863, -7.550907], [110.1722873, -7.5509025], [110.1722877, -7.5509006], [110.1722892, -7.550894], [110.1723041, -7.5508294], [110.1723044, -7.550828], [110.1723045, -7.5508276], [110.1723046, -7.5508273], [110.1723047, -7.5508267]]]}, "properties": {"OBJECTID_1": 99, "KETERANGAN": "Lahan Terbuka (Tanah Kosong)", "KET_DETAIL": "", "Luas_Ha": 0.0296, "NAMOBJ": "Tegalsari", "DUSUN": "Tegalsari"}}, {"type": "Feature", "geometry": {"type": "MultiPolygon", "coordinates": [[[[110.173319, -7.5515868], [110.1732791, -7.5515775], [110.1732597, -7.5516808], [110.1732366, -7.5517586], [110.1732377, -7.5518556], [110.1732541, -7.5519744], [110.1732575, -7.5519885], [110.1732582, -7.5520195], [110.1732582, -7.5520332], [110.1732645, -7.5520817], [110.1732692, -7.5521152], [110.1732741, -7.5521525], [110.1732734, -7.5521821], [110.1732741, -7.5522217], [110.1732681, -7.5522661], [110.1732634, -7.5522991], [110.1732624, -7.5523177], [110.1732595, -7.5523506], [110.1732562, -7.5523845], [110.1732507, -7.552416], [110.1732468, -7.5524606], [110.1732445, -7.5524905], [110.1732522, -7.5524913], [110.1733319, -7.55251], [110.1733369, -7.552492], [110.1732989, -7.5524827], [110.1733031, -7.5524554], [110.1732964, -7.5524518], [110.1733031, -7.5524196], [110.1733778, -7.5524345], [110.1734307, -7.552445], [110.1734171, -7.5525301], [110.1734196, -7.5525307], [110.1734039, -7.552585], [110.1733804, -7.5526789], [110.1733145, -7.5526643], [110.1733148, -7.5526662], [110.1732708, -7.5526573], [110.173266, -7.5527335], [110.1732204, -7.552732], [110.173221, -7.5527253], [110.1732165, -7.5527258], [110.1732065, -7.5527745], [110.1731974, -7.5528639], [110.1731857, -7.5529455], [110.1731563, -7.5531774], [110.1731698, -7.5531774], [110.173178, -7.5531774], [110.1732062, -7.5531804], [110.17322, -7.553179], [110.1732438, -7.5531803], [110.17325, -7.5531553], [110.173322, -7.5531683], [110.1733075, -7.553249], [110.1732992, -7.5533052], [110.1733188, -7.5533074], [110.1733242, -7.5532716], [110.1733892, -7.5532815], [110.1734463, -7.5532856], [110.173446, -7.553277], [110.1734408, -7.5532769], [110.1734433, -7.5532695], [110.173432, -7.5532656], [110.1734379, -7.5532399], [110.173431, -7.5532387], [110.1734397, -7.5531966], [110.1734613, -7.553201], [110.1734633, -7.5531891], [110.1734465, -7.5531851], [110.173454, -7.5531437], [110.1734705, -7.5531459], [110.1734718, -7.5531343], [110.1734745, -7.5531347], [110.1734827, -7.5531022], [110.1734897, -7.5531029], [110.1735847, -7.5531128], [110.1735842, -7.553134], [110.1736168, -7.5531395], [110.1736224, -7.5531058], [110.1736402, -7.5530241], [110.1736477, -7.5529958], [110.1736421, -7.5529944], [110.1736195, -7.5529885], [110.1736242, -7.5529764], [110.1736186, -7.5529628], [110.1736161, -7.5529562], [110.1736123, -7.5529462], [110.1735841, -7.5529393], [110.1735923, -7.5529073], [110.1735988, -7.552871], [110.1736245, -7.5528391], [110.1736621, -7.5528257], [110.1736965, -7.5527914], [110.1736902, -7.5527619], [110.1736918, -7.552722], [110.1737119, -7.5526694], [110.1737233, -7.552596], [110.173699, -7.5525921], [110.1736737, -7.5525873], [110.1736516, -7.5526637], [110.1735827, -7.5526453], [110.1735621, -7.5526363], [110.1735632, -7.5526327], [110.1735137, -7.552621], [110.1735154, -7.552611], [110.1734907, -7.5526052], [110.1734722, -7.5526008], [110.1734692, -7.5526128], [110.1734906, -7.5526181], [110.1735015, -7.5526208], [110.1735026, -7.5526266], [110.1735617, -7.552642], [110.1735476, -7.5527049], [110.173499, -7.552696], [110.1734905, -7.552694], [110.1734511, -7.5526846], [110.1734122, -7.5526775], [110.1733862, -7.5526693], [110.1734126, -7.552576], [110.1734192, -7.552559], [110.1734675, -7.5525722], [110.1734622, -7.5525892], [110.1734743, -7.5525924], [110.1734787, -7.5525742], [110.1734802, -7.5525678], [110.173426, -7.552553], [110.1734556, -7.5524482], [110.1734909, -7.5524589], [110.1735084, -7.5524642], [110.173494, -7.5525247], [110.1735741, -7.5525408], [110.1735907, -7.5524881], [110.173607, -7.5524917], [110.1736761, -7.55251], [110.1737186, -7.5525261], [110.1737202, -7.5525043], [110.1737211, -7.5524692], [110.1737244, -7.5524357], [110.1736484, -7.5524244], [110.1736421, -7.5524012], [110.1736174, -7.5523509], [110.1736382, -7.552339], [110.173635, -7.5523167], [110.1736271, -7.5523023], [110.1736143, -7.5522767], [110.1736224, -7.5522664], [110.1736112, -7.5522361], [110.173592, -7.552236], [110.1735944, -7.5522488], [110.1735712, -7.5522456], [110.1735649, -7.5522328], [110.1735625, -7.5521953], [110.173565, -7.5521626], [110.173589, -7.5521435], [110.1736018, -7.5521642], [110.1736138, -7.5521611], [110.173613, -7.5521475], [110.1736114, -7.5521268], [110.1735899, -7.5521219], [110.173566, -7.5521046], [110.1735418, -7.5521999], [110.1734915, -7.5521878], [110.1734698, -7.5521826], [110.173344, -7.5521563], [110.1733451, -7.5521518], [110.1733184, -7.5521478], [110.1733317, -7.5520908], [110.1733594, -7.5520965], [110.1733204, -7.5520833], [110.1732738, -7.5520673], [110.1732834, -7.5520303], [110.173266, -7.5520235], [110.173277, -7.551993], [110.1733116, -7.5520025], [110.1734239, -7.5520336], [110.1734049, -7.5521021], [110.173381, -7.5520978], [110.1733795, -7.5521007], [110.1734159, -7.5521083], [110.1734334, -7.5520422], [110.1734917, -7.5520565], [110.1734917, -7.5520519], [110.1734281, -7.5520345], [110.1734303, -7.5520269], [110.1733648, -7.5520082], [110.1733189, -7.5519932], [110.1733525, -7.5518968], [110.1734579, -7.5519301], [110.1734618, -7.5519166], [110.173492, -7.5519243], [110.1734925, -7.5516559], [110.1734094, -7.5516248], [110.1734014, -7.5516189], [110.1734006, -7.5516208], [110.173319, -7.5515868]], [[110.1734101, -7.5518805], [110.1734138, -7.5518445], [110.1734209, -7.5518243], [110.1734248, -7.551807], [110.1734795, -7.5518157], [110.1734726, -7.551875], [110.1734576, -7.5519193], [110.1734089, -7.5519097], [110.1734101, -7.5518805]], [[110.1734191, -7.5521932], [110.1734759, -7.5522051], [110.1734719, -7.5522318], [110.1734646, -7.5522304], [110.173449, -7.5523028], [110.173333, -7.5522787], [110.1733476, -7.5522026], [110.1734145, -7.5522179], [110.1734191, -7.5521932]], [[110.1735019, -7.5522054], [110.1735365, -7.5522142], [110.1735271, -7.5522549], [110.173544, -7.5522609], [110.173531, -7.5522898], [110.1735138, -7.5522858], [110.1734913, -7.5522799], [110.1734769, -7.5522762], [110.1734914, -7.552217], [110.173492, -7.5522147], [110.1734979, -7.55222], [110.1735019, -7.5522054]], [[110.173438, -7.5523062], [110.173451, -7.5523102], [110.1734464, -7.5523211], [110.1734619, -7.5523239], [110.1734602, -7.5523396], [110.1734912, -7.5523445], [110.1735089, -7.5523474], [110.173493, -7.5524386], [110.173491, -7.5524383], [110.173464, -7.5524335], [110.1734375, -7.5524281], [110.1734442, -7.5523832], [110.17345, -7.5523621], [110.1734343, -7.5523587], [110.1734167, -7.5524371], [110.173373, -7.5524272], [110.1733347, -7.5524209], [110.173292, -7.5524163], [110.1732988, -7.552363], [110.1732721, -7.5523576], [110.1732792, -7.5523292], [110.1732831, -7.5523284], [110.1732936, -7.5522751], [110.173438, -7.5523062]], [[110.1735232, -7.5523704], [110.1735201, -7.5523634], [110.1735274, -7.5523433], [110.1735973, -7.5523658], [110.1735774, -7.5524259], [110.1735704, -7.5524256], [110.1735551, -7.5524688], [110.1734969, -7.5524488], [110.1735232, -7.5523704]], [[110.1734182, -7.5526872], [110.1734057, -7.5527506], [110.1733837, -7.5527471], [110.1733787, -7.5527694], [110.1733023, -7.5527564], [110.1733053, -7.5527346], [110.1732781, -7.5527287], [110.1732927, -7.5526649], [110.1734182, -7.5526872]], [[110.1734239, -7.5526867], [110.1734905, -7.5526976], [110.1735456, -7.5527067], [110.1735321, -7.5527706], [110.173521, -7.5527667], [110.1735078, -7.5528259], [110.1734903, -7.5528227], [110.1734309, -7.5528117], [110.17346, -7.5528196], [110.1734902, -7.5528275], [110.1734905, -7.5528275], [110.1734917, -7.5528278], [110.1734902, -7.5528341], [110.1734787, -7.5528834], [110.1734391, -7.5528781], [110.1733924, -7.5528687], [110.1733652, -7.5528651], [110.173366, -7.5528681], [110.1734363, -7.5528849], [110.1734371, -7.5528814], [110.1734901, -7.5528888], [110.1735099, -7.5528916], [110.1734938, -7.5529746], [110.1734899, -7.5529949], [110.1734889, -7.5530002], [110.1734167, -7.5529845], [110.1734006, -7.5529808], [110.1734003, -7.5529761], [110.173382, -7.5529691], [110.1733751, -7.5529874], [110.173336, -7.5529787], [110.1732657, -7.5529613], [110.1732672, -7.5529564], [110.1732331, -7.5529484], [110.1732296, -7.5529639], [110.1731997, -7.552953], [110.1732037, -7.5529335], [110.1732297, -7.5528305], [110.1732165, -7.5528216], [110.1732224, -7.5527921], [110.1732752, -7.5528035], [110.1732797, -7.5527758], [110.1733171, -7.552785], [110.173342, -7.55279], [110.1733982, -7.5528027], [110.1734031, -7.5528041], [110.1734239, -7.5526867]], [[110.1733813, -7.5530009], [110.17347, -7.5530222], [110.1734449, -7.5531132], [110.1734102, -7.5531045], [110.1734242, -7.5530547], [110.1734118, -7.5530519], [110.1733979, -7.5531018], [110.1733563, -7.5530933], [110.1732655, -7.5530675], [110.173288, -7.5529809], [110.1733813, -7.5530009]]], [[[110.1726731, -7.5508749], [110.172671, -7.5508746], [110.1726705, -7.5508745], [110.1725559, -7.5508584], [110.172493, -7.5508539], [110.1723776, -7.5508394], [110.1723396, -7.5508336], [110.1723139, -7.5508292], [110.1723341, -7.550835], [110.1724001, -7.5508539], [110.1723806, -7.5509201], [110.1723668, -7.5509172], [110.1723541, -7.5509862], [110.172272, -7.5509716], [110.172273, -7.5509669], [110.1722659, -7.5509711], [110.1722664, -7.5509794], [110.1722602, -7.5509843], [110.1722622, -7.5510163], [110.1722964, -7.551021], [110.1723002, -7.5510086], [110.172323, -7.5510147], [110.1723273, -7.5510005], [110.1723602, -7.5510067], [110.172361, -7.5509972], [110.1723703, -7.5509243], [110.1724002, -7.5509299], [110.172402, -7.550912], [110.1724433, -7.5509188], [110.1724474, -7.5508936], [110.1724877, -7.5509003], [110.1724899, -7.5508866], [110.1725789, -7.5508993], [110.1725801, -7.5508923], [110.1726533, -7.550905], [110.1726238, -7.5510923], [110.1726141, -7.5511456], [110.1726175, -7.551149], [110.1726401, -7.5510086], [110.1727216, -7.5510186], [110.1727241, -7.5510612], [110.1727292, -7.551065], [110.1727374, -7.5510211], [110.1727271, -7.5510201], [110.1727368, -7.5509382], [110.1727489, -7.5509373], [110.172753, -7.5509135], [110.1728189, -7.5509249], [110.1728061, -7.5510277], [110.1728177, -7.5510285], [110.1728123, -7.5511151], [110.1727656, -7.5511073], [110.1727555, -7.5511659], [110.1728193, -7.551175], [110.1728114, -7.551208], [110.1728026, -7.551208], [110.1727963, -7.5512498], [110.1727579, -7.5512459], [110.1727595, -7.5512301], [110.1727616, -7.5512079], [110.1727, -7.5512078], [110.1726786, -7.5512077], [110.1726696, -7.5512853], [110.1727105, -7.5512905], [110.1728128, -7.5513047], [110.1728381, -7.5513086], [110.1728433, -7.5512591], [110.1729653, -7.5512689], [110.172955, -7.5513584], [110.1728347, -7.5513407], [110.1728361, -7.5513562], [110.1729587, -7.5513723], [110.1729532, -7.5514419], [110.1728553, -7.551432], [110.172855, -7.5514508], [110.1728247, -7.5514447], [110.1728087, -7.551463], [110.1727919, -7.5515549], [110.172784, -7.5516621], [110.1728008, -7.5516386], [110.1728093, -7.5515846], [110.1728333, -7.5515856], [110.1728379, -7.5515397], [110.172978, -7.5515542], [110.1729771, -7.5515617], [110.1730386, -7.55157], [110.1730606, -7.5515763], [110.1730681, -7.551553], [110.1732301, -7.5515914], [110.1732331, -7.5515774], [110.1732501, -7.5515128], [110.1731766, -7.5514991], [110.1730647, -7.5514757], [110.173064, -7.5514786], [110.1731661, -7.5514988], [110.1731492, -7.5515668], [110.1730654, -7.5515444], [110.1730609, -7.5515664], [110.1729906, -7.5515511], [110.1730061, -7.5514671], [110.1730061, -7.5513702], [110.1730872, -7.551384], [110.1731469, -7.5513981], [110.1731434, -7.5514232], [110.1731585, -7.5514262], [110.1731682, -7.5513786], [110.1732727, -7.5513974], [110.1732746, -7.5513841], [110.1732044, -7.5513721], [110.1732194, -7.5512993], [110.1732253, -7.551299], [110.1732343, -7.5512743], [110.173244, -7.551277], [110.1732741, -7.5512852], [110.1732684, -7.5513096], [110.1732885, -7.5513134], [110.1733144, -7.5512089], [110.1733263, -7.5511522], [110.1733437, -7.5510646], [110.1733566, -7.5510167], [110.1733586, -7.5509976], [110.1733515, -7.5509815], [110.1733417, -7.5509717], [110.1733282, -7.5509653], [110.1732936, -7.5509539], [110.1732669, -7.5509503], [110.1731722, -7.5509403], [110.1730554, -7.5509276], [110.1730467, -7.5509266], [110.1730466, -7.5509271], [110.1730239, -7.5509258], [110.1729953, -7.5509202], [110.1729461, -7.5509123], [110.172812, -7.5508906], [110.1726731, -7.5508749]], [[110.1728836, -7.550906], [110.1729496, -7.5509191], [110.1729239, -7.5510373], [110.1729197, -7.5510352], [110.1729063, -7.5510752], [110.1728819, -7.5510703], [110.1728849, -7.5510558], [110.1728742, -7.5510509], [110.1728763, -7.5510262], [110.1728598, -7.5510197], [110.1728836, -7.550906]], [[110.1730395, -7.5509514], [110.1731184, -7.5509694], [110.1731194, -7.5509657], [110.1731816, -7.5509807], [110.1731818, -7.550998], [110.1732181, -7.5510118], [110.1731986, -7.5510853], [110.1731909, -7.5511014], [110.173177, -7.5511635], [110.1731334, -7.5511515], [110.1731459, -7.5511047], [110.173124, -7.5510986], [110.1731073, -7.551165], [110.17308, -7.5511533], [110.1730745, -7.551198], [110.1730079, -7.5511804], [110.1730163, -7.5511324], [110.1730021, -7.551131], [110.1730089, -7.5511031], [110.1730022, -7.5511005], [110.1730128, -7.5510675], [110.1730323, -7.5509825], [110.1730395, -7.5509514]], [[110.1732655, -7.5509937], [110.1733362, -7.5510101], [110.173308, -7.5511141], [110.1732399, -7.5510958], [110.1732394, -7.5510907], [110.1732115, -7.5510823], [110.173234, -7.5510025], [110.1732601, -7.5510084], [110.1732655, -7.5509937]], [[110.1733005, -7.5511197], [110.1732864, -7.5511881], [110.17318, -7.5511658], [110.1731953, -7.5510994], [110.1733005, -7.5511197]], [[110.1731637, -7.5511651], [110.1731616, -7.5511883], [110.1732476, -7.5512083], [110.1732476, -7.5512088], [110.1732464, -7.5512213], [110.173256, -7.551223], [110.1732456, -7.5512709], [110.1732293, -7.5512669], [110.1731876, -7.5512568], [110.1731088, -7.5512453], [110.1731057, -7.5512448], [110.1731123, -7.5512085], [110.1731215, -7.5511575], [110.1731637, -7.5511651]], [[110.173257, -7.5512182], [110.1732592, -7.5512088], [110.1732637, -7.5511901], [110.1732897, -7.551198], [110.173287, -7.5512089], [110.1732829, -7.5512248], [110.173257, -7.5512182]], [[110.1731831, -7.5512596], [110.1731654, -7.551372], [110.1730971, -7.5513605], [110.1730974, -7.5513402], [110.1731105, -7.5512741], [110.1731038, -7.5512723], [110.1731082, -7.5512493], [110.1731831, -7.5512596]], [[110.1730954, -7.5512557], [110.1730712, -7.5513532], [110.1729828, -7.5513328], [110.1729966, -7.5512674], [110.1730033, -7.5512358], [110.1730089, -7.5512351], [110.173012, -7.5512091], [110.1730999, -7.5512292], [110.1730954, -7.5512557]], [[110.1730269, -7.5509721], [110.1729931, -7.5511093], [110.1729331, -7.5510978], [110.1729447, -7.5510476], [110.1729433, -7.5510315], [110.1729617, -7.5509577], [110.1730269, -7.5509721]], [[110.1728772, -7.5515356], [110.1728872, -7.5514791], [110.1729727, -7.5514915], [110.1729684, -7.5515472], [110.1728772, -7.5515356]]]]}, "properties": {"OBJECTID_1": 100, "KETERANGAN": "Pekarangan", "KET_DETAIL": "", "Luas_Ha": 0.5907, "NAMOBJ": "Tegalsari", "DUSUN": "Tegalsari"}}, {"type": "Feature", "geometry": {"type": "Polygon", "coordinates": [[[110.1720807, -7.5509561], [110.1720576, -7.5509506], [110.1720573, -7.550952], [110.1720491, -7.5509914], [110.1720489, -7.5509925], [110.1720506, -7.550993], [110.1720187, -7.5511246], [110.1720157, -7.5511369], [110.1719494, -7.5511164], [110.1718831, -7.5510989], [110.1718768, -7.5511064], [110.1718969, -7.5511124], [110.1718958, -7.5511156], [110.1718755, -7.551174], [110.171866, -7.5511698], [110.1718592, -7.5511924], [110.1718452, -7.5511898], [110.1718397, -7.5512061], [110.1718818, -7.5512062], [110.171916, -7.5511357], [110.1719223, -7.5511241], [110.1719239, -7.5511213], [110.1720167, -7.5511566], [110.172037, -7.5511643], [110.1720174, -7.5512065], [110.1720086, -7.5512255], [110.1719769, -7.5512901], [110.171998, -7.5513007], [110.1720242, -7.5512455], [110.1720345, -7.5512499], [110.1720701, -7.551265], [110.1720806, -7.551245], [110.1721245, -7.5512676], [110.1721122, -7.5512932], [110.1720697, -7.5513818], [110.1720423, -7.5513694], [110.1720103, -7.5513549], [110.1720278, -7.5513261], [110.1719921, -7.551313], [110.1719717, -7.5513666], [110.1720452, -7.5514131], [110.1720708, -7.5514131], [110.17209, -7.5513892], [110.1721124, -7.5513749], [110.1721181, -7.5513614], [110.1721502, -7.5513622], [110.1721835, -7.5512933], [110.1721556, -7.5512829], [110.1721695, -7.5512601], [110.1722002, -7.5512704], [110.172213, -7.55125], [110.1721901, -7.5512321], [110.1721747, -7.5512206], [110.1721765, -7.5512068], [110.1721583, -7.5512067], [110.1721523, -7.5512176], [110.1721251, -7.5512067], [110.1720638, -7.5511821], [110.1720798, -7.5511399], [110.1720757, -7.551138], [110.1720325, -7.5511205], [110.1720328, -7.5511164], [110.1720337, -7.551107], [110.1720406, -7.5510874], [110.1720514, -7.5510833], [110.1720747, -7.5510897], [110.1720793, -7.551083], [110.1720834, -7.5510695], [110.1720922, -7.5510318], [110.1721172, -7.5510278], [110.1721091, -7.551019], [110.1721019, -7.5510014], [110.1720913, -7.5509872], [110.1720887, -7.5509718], [110.1720789, -7.5509718], [110.1720786, -7.5509672], [110.1720807, -7.5509561]]]}, "properties": {"OBJECTID_1": 101, "KETERANGAN": "Pekarangan", "KET_DETAIL": "", "Luas_Ha": 0.0469, "NAMOBJ": "Tegalsari", "DUSUN": "Tegalsari"}}, {"type": "Feature", "geometry": {"type": "Polygon", "coordinates": [[[110.1717885, -7.5502202], [110.1717911, -7.5502126], [110.1717963, -7.5501923], [110.1717977, -7.550187], [110.1717994, -7.5501809], [110.171811, -7.5501442], [110.1718169, -7.5501181], [110.1718249, -7.5500784], [110.1718376, -7.5500423], [110.1718472, -7.5500044], [110.1718168, -7.5500594], [110.1718163, -7.5500593], [110.1717645, -7.5500451], [110.1717437, -7.5500393], [110.1717424, -7.5500389], [110.1717096, -7.5500282], [110.1716978, -7.5500243], [110.1716977, -7.5500243], [110.1717025, -7.5500299], [110.1717348, -7.550043], [110.1717347, -7.5500433], [110.1717337, -7.5500471], [110.1717297, -7.5500614], [110.1717225, -7.5500872], [110.1717186, -7.5501012], [110.1717428, -7.5501113], [110.1717538, -7.5501157], [110.1717713, -7.5501229], [110.1717736, -7.5501238], [110.1717838, -7.5501275], [110.171784, -7.5501276], [110.1717783, -7.5501434], [110.1717701, -7.5501665], [110.1717661, -7.5501777], [110.1717562, -7.5502055], [110.1717561, -7.5502057], [110.1717213, -7.550194], [110.171688, -7.5501829], [110.1716626, -7.5501744], [110.1716484, -7.5501696], [110.1716361, -7.5501654], [110.1716166, -7.5501589], [110.1716122, -7.5501699], [110.1716131, -7.5501732], [110.1716872, -7.5501957], [110.1717885, -7.5502202]]]}, "properties": {"OBJECTID_1": 102, "KETERANGAN": "Pekarangan", "KET_DETAIL": "", "Luas_Ha": 0.015, "NAMOBJ": "Tegalsari", "DUSUN": "Tegalsari"}}, {"type": "Feature", "geometry": {"type": "Polygon", "coordinates": [[[110.1726255, -7.5502065], [110.1726674, -7.5500736], [110.1726939, -7.549965], [110.1727106, -7.5498918], [110.1727197, -7.5498596], [110.172719, -7.5498393], [110.1727237, -7.5497498], [110.1724959, -7.5496985], [110.1722341, -7.549634], [110.1720786, -7.5495926], [110.1720363, -7.5495797], [110.1720266, -7.5495874], [110.1720142, -7.5495956], [110.1719996, -7.5496052], [110.1719902, -7.5496099], [110.1719882, -7.5496111], [110.1719839, -7.5496234], [110.1719883, -7.5496111], [110.1720943, -7.5496453], [110.1720758, -7.5497139], [110.1719639, -7.5496797], [110.171959, -7.5496958], [110.1719565, -7.5497124], [110.1719506, -7.5497343], [110.1719444, -7.549758], [110.1719344, -7.5497953], [110.1719219, -7.5498315], [110.1719116, -7.5498623], [110.1719269, -7.5498289], [110.1719378, -7.5497974], [110.172063, -7.5498241], [110.1720998, -7.5498456], [110.1720741, -7.5499272], [110.1720474, -7.5499925], [110.1720095, -7.5499894], [110.1720023, -7.5500118], [110.171945, -7.5500046], [110.1718816, -7.5500065], [110.1718728, -7.5499743], [110.1718701, -7.5499991], [110.1718677, -7.5500231], [110.1718607, -7.5500562], [110.1718547, -7.5500891], [110.1718477, -7.5501233], [110.1718393, -7.5501636], [110.1718315, -7.5501895], [110.171828, -7.5502061], [110.1718101, -7.5502841], [110.1718015, -7.5503303], [110.1717974, -7.5503629], [110.1717877, -7.5504081], [110.17178, -7.5504331], [110.1717825, -7.5504342], [110.1717888, -7.5504338], [110.1721458, -7.5504217], [110.1721359, -7.550409], [110.1721391, -7.5503804], [110.1721628, -7.5503506], [110.1721706, -7.5503726], [110.1721942, -7.5503609], [110.1721974, -7.5503354], [110.1722119, -7.5503213], [110.1722461, -7.5503359], [110.1722606, -7.5503555], [110.1723014, -7.5503611], [110.1723019, -7.5503616], [110.1723127, -7.5503585], [110.1723531, -7.5503564], [110.1723945, -7.5503437], [110.1723967, -7.5503192], [110.1723889, -7.5502612], [110.1723917, -7.5502222], [110.1724013, -7.5502152], [110.1724503, -7.5502059], [110.1724569, -7.5501803], [110.1725672, -7.5502088], [110.1725852, -7.5502019], [110.1726255, -7.5502065]], [[110.17226, -7.5499518], [110.1722363, -7.5500142], [110.172138, -7.5499817], [110.1721816, -7.5498744], [110.1722597, -7.5498963], [110.1722422, -7.5499463], [110.17226, -7.5499518]], [[110.1727164, -7.5498446], [110.1726968, -7.54991], [110.1726711, -7.5499], [110.1726523, -7.5499719], [110.1725702, -7.5499507], [110.1725594, -7.5499647], [110.1724981, -7.5499439], [110.1725239, -7.549862], [110.1725322, -7.5498662], [110.1725586, -7.5498033], [110.1727164, -7.5498446]], [[110.1722479, -7.5497891], [110.172227, -7.5498677], [110.1721358, -7.5498361], [110.1721727, -7.5497617], [110.1721742, -7.549758], [110.1721093, -7.5497292], [110.1721428, -7.5496408], [110.1722055, -7.5496638], [110.1721742, -7.549758], [110.1722092, -7.5496723], [110.1722789, -7.549701], [110.1722696, -7.5497283], [110.1722852, -7.549741], [110.1722641, -7.549795], [110.1722479, -7.5497891]]]}, "properties": {"OBJECTID_1": 103, "KETERANGAN": "Vegetasi Non Budidaya Lainnya", "KET_DETAIL": "", "Luas_Ha": 0.5426, "NAMOBJ": "Tegalsari", "DUSUN": "Tegalsari"}}, {"type": "Feature", "geometry": {"type": "Polygon", "coordinates": [[[110.1720036, -7.5507698], [110.1720033, -7.5507697], [110.1720031, -7.5507697], [110.1719676, -7.5507549], [110.1719353, -7.5507416], [110.1718756, -7.5507173], [110.1718755, -7.5507172], [110.1718755, -7.5507172], [110.171839, -7.5507026], [110.1717955, -7.5506859], [110.1717954, -7.5506859], [110.1717831, -7.5506812], [110.1717769, -7.5506795], [110.1717764, -7.5506793], [110.1717764, -7.5506795], [110.171777, -7.5506797], [110.1717664, -7.5507202], [110.1717503, -7.5507816], [110.1717513, -7.5508219], [110.1717756, -7.5508254], [110.171807, -7.55083], [110.1718068, -7.5508322], [110.1718102, -7.5508303], [110.171819, -7.5507576], [110.1719122, -7.5507718], [110.1719092, -7.5507918], [110.1719174, -7.5507958], [110.171918, -7.5507919], [110.1719195, -7.5507878], [110.1719198, -7.550787], [110.1719828, -7.5508022], [110.1719833, -7.5508015], [110.1720015, -7.5507732], [110.1720036, -7.5507698]]]}, "properties": {"OBJECTID_1": 104, "KETERANGAN": "Lahan Terbuka (Tanah Kosong)", "KET_DETAIL": "", "Luas_Ha": 0.0204, "NAMOBJ": "Tegalsari", "DUSUN": "Tegalsari"}}, {"type": "Feature", "geometry": {"type": "Polygon", "coordinates": [[[110.1726255, -7.5502065], [110.1725852, -7.5502019], [110.1725672, -7.5502088], [110.172571, -7.5502098], [110.1725641, -7.5502348], [110.1726, -7.5502417], [110.1725879, -7.5502764], [110.1725627, -7.550361], [110.172421, -7.5503209], [110.1724503, -7.5502059], [110.1724013, -7.5502152], [110.1723917, -7.5502222], [110.1723889, -7.5502612], [110.1723967, -7.5503192], [110.1723945, -7.5503437], [110.1723531, -7.5503564], [110.1723127, -7.5503585], [110.1723019, -7.5503616], [110.1723124, -7.5503741], [110.1723088, -7.5504015], [110.1722925, -7.5504077], [110.1722928, -7.5504229], [110.1722935, -7.5504582], [110.1722938, -7.5504697], [110.1722855, -7.5504873], [110.1722148, -7.5504829], [110.1721897, -7.5504617], [110.1721598, -7.5504396], [110.1721458, -7.5504217], [110.1717888, -7.5504338], [110.1717825, -7.5504342], [110.17178, -7.5504331], [110.1717726, -7.550457], [110.1717629, -7.5504873], [110.1717566, -7.5505094], [110.1717508, -7.5505328], [110.1717465, -7.5505639], [110.1717463, -7.550573], [110.1717433, -7.5505888], [110.171744, -7.5506062], [110.1717512, -7.5506248], [110.171761, -7.550639], [110.1717754, -7.5506499], [110.1717872, -7.5506559], [110.1718025, -7.5506585], [110.1718178, -7.550662], [110.1718478, -7.5506685], [110.1719273, -7.5507027], [110.1720198, -7.5507401], [110.1720719, -7.5507626], [110.1720728, -7.5507629], [110.172073, -7.5507629], [110.1720881, -7.5507678], [110.1721185, -7.5507716], [110.1721411, -7.550775], [110.1721635, -7.5507794], [110.1721875, -7.5507848], [110.1722166, -7.550792], [110.1722362, -7.5507952], [110.1722652, -7.5507993], [110.1722937, -7.5508022], [110.1723182, -7.5508042], [110.1723448, -7.5508076], [110.172358, -7.550807], [110.1724128, -7.5508126], [110.1724587, -7.5508145], [110.1724809, -7.5508126], [110.172492, -7.5508024], [110.1725086, -7.550751], [110.1725415, -7.5505703], [110.1725455, -7.5505505], [110.1725732, -7.5504129], [110.1725787, -7.5503854], [110.1726092, -7.5502642], [110.1726164, -7.5502354], [110.1726255, -7.5502065]], [[110.1724571, -7.5503927], [110.1724352, -7.5505247], [110.1723445, -7.5505088], [110.1723409, -7.5505082], [110.172341, -7.5505078], [110.1723654, -7.5503713], [110.1724577, -7.5503887], [110.1724571, -7.5503927]], [[110.1720868, -7.5505363], [110.1720518, -7.5506806], [110.1720108, -7.5506691], [110.1720091, -7.5506833], [110.1719727, -7.5506702], [110.1719934, -7.5505679], [110.1720098, -7.5505158], [110.1720868, -7.5505363]], [[110.1721315, -7.5507154], [110.1721194, -7.5507688], [110.1721187, -7.5507686], [110.1720784, -7.5507619], [110.1720784, -7.5507617], [110.1720848, -7.5507068], [110.1720615, -7.5506948], [110.1721022, -7.5505411], [110.1721665, -7.5505552], [110.1721315, -7.5507154]], [[110.1723014, -7.5506104], [110.1722552, -7.5507624], [110.1722235, -7.5507532], [110.1722162, -7.5507598], [110.1721692, -7.5507484], [110.1722151, -7.5505869], [110.1723014, -7.5506104]], [[110.1725187, -7.5506034], [110.172515, -7.5506181], [110.1724751, -7.55061], [110.1724279, -7.5506044], [110.1723935, -7.5506203], [110.1723652, -7.5506294], [110.1723443, -7.5506233], [110.1723431, -7.5506149], [110.1723379, -7.5505799], [110.1723672, -7.5505651], [110.1724415, -7.5505401], [110.1724487, -7.5505391], [110.172471, -7.5505359], [110.1724919, -7.550543], [110.1725127, -7.5505501], [110.1725286, -7.5505593], [110.1725187, -7.5506034]], [[110.1719952, -7.5505043], [110.1719516, -7.5506497], [110.1719072, -7.5506348], [110.1718952, -7.5506687], [110.171807, -7.5506466], [110.1718117, -7.5506131], [110.1717924, -7.5506087], [110.1718297, -7.5504588], [110.1719952, -7.5505043]]]}, "properties": {"OBJECTID_1": 105, "KETERANGAN": "Pekarangan", "KET_DETAIL": "", "Luas_Ha": 0.2275, "NAMOBJ": "Tegalsari", "DUSUN": "Tegalsari"}}, {"type": "Feature", "geometry": {"type": "Polygon", "coordinates": [[[110.1730875, -7.5499376], [110.1730885, -7.5499342], [110.1731077, -7.5498675], [110.1731149, -7.5498234], [110.1729408, -7.5497955], [110.1729176, -7.5497906], [110.1728002, -7.549766], [110.1727799, -7.5497774], [110.1727602, -7.5498068], [110.1727503, -7.5498565], [110.1727233, -7.5499783], [110.1727294, -7.5499794], [110.1727637, -7.5498685], [110.1728462, -7.5498905], [110.1728157, -7.5500043], [110.1728431, -7.5500102], [110.1728586, -7.5500291], [110.1728753, -7.5500169], [110.172879, -7.5499381], [110.1729143, -7.5498089], [110.1730067, -7.549837], [110.1729894, -7.5499032], [110.1729872, -7.5499085], [110.1729942, -7.5499083], [110.1730201, -7.5498205], [110.173108, -7.5498401], [110.1730845, -7.549931], [110.1730875, -7.5499376]]]}, "properties": {"OBJECTID_1": 106, "KETERANGAN": "Lahan Terbuka (Tanah Kosong)", "KET_DETAIL": "", "Luas_Ha": 0.0345, "NAMOBJ": "Tegalsari", "DUSUN": "Tegalsari"}}, {"type": "Feature", "geometry": {"type": "Polygon", "coordinates": [[[110.1717667, -7.5503067], [110.1716651, -7.5502763], [110.1716535, -7.5502858], [110.1715969, -7.5502655], [110.1715878, -7.5502779], [110.1715996, -7.5503069], [110.1716586, -7.5503466], [110.1717068, -7.5503542], [110.1717455, -7.5503511], [110.1717639, -7.5503522], [110.1717652, -7.5503342], [110.1717667, -7.5503067]]]}, "properties": {"OBJECTID_1": 107, "KETERANGAN": "Pekarangan", "KET_DETAIL": "", "Luas_Ha": 0.0118, "NAMOBJ": "Tegalsari", "DUSUN": "Tegalsari"}}, {"type": "Feature", "geometry": {"type": "Polygon", "coordinates": [[[110.1727555, -7.5511659], [110.1727548, -7.5511696], [110.1727051, -7.5511621], [110.1727, -7.5512078], [110.1727616, -7.5512079], [110.1727595, -7.5512301], [110.1727579, -7.5512459], [110.1727963, -7.5512498], [110.1728026, -7.551208], [110.1728114, -7.551208], [110.1728193, -7.551175], [110.1727555, -7.5511659]]]}, "properties": {"OBJECTID_1": 108, "KETERANGAN": "Perikanan air tawar", "KET_DETAIL": "", "Luas_Ha": 0.0074, "NAMOBJ": "Tegalsari", "DUSUN": "Tegalsari"}}, {"type": "Feature", "geometry": {"type": "Polygon", "coordinates": [[[110.1718317, -7.549536], [110.1718294, -7.5495251], [110.1717713, -7.549509], [110.1717692, -7.5495084], [110.1717313, -7.5494979], [110.1717221, -7.5495212], [110.1717131, -7.5495442], [110.1716874, -7.5496371], [110.1717824, -7.5496649], [110.1717898, -7.5496455], [110.1717933, -7.5496421], [110.1717961, -7.5496343], [110.1718317, -7.549536]]]}, "properties": {"OBJECTID_1": 109, "KETERANGAN": "Tempat Tinggal", "KET_DETAIL": "Rumah", "Luas_Ha": 0.0189, "NAMOBJ": "Tegalsari", "DUSUN": "Tegalsari"}}, {"type": "Feature", "geometry": {"type": "Polygon", "coordinates": [[[110.1719358, -7.549702], [110.1719357, -7.549702], [110.1718964, -7.5496882], [110.1718658, -7.5497537], [110.1719019, -7.5497747], [110.1718818, -7.5498257], [110.1718805, -7.549829], [110.1718741, -7.5498449], [110.1718715, -7.5498512], [110.1718835, -7.5498564], [110.1718844, -7.5498539], [110.1719114, -7.5497739], [110.1719308, -7.5497152], [110.1719358, -7.549702]]]}, "properties": {"OBJECTID_1": 110, "KETERANGAN": "Lahan Terbuka (Tanah Kosong)", "KET_DETAIL": "", "Luas_Ha": 0.0054, "NAMOBJ": "Tegalsari", "DUSUN": "Tegalsari"}}, {"type": "Feature", "geometry": {"type": "Polygon", "coordinates": [[[110.1740326, -7.5509516], [110.1740121, -7.5509423], [110.1740269, -7.5508971], [110.1739761, -7.5508779], [110.1739791, -7.5508677], [110.1739335, -7.5508491], [110.1738848, -7.550975], [110.1738756, -7.5510072], [110.1739595, -7.5510354], [110.1739655, -7.5510141], [110.1740055, -7.5510276], [110.1740326, -7.5509516]]]}, "properties": {"OBJECTID_1": 111, "KETERANGAN": "Tempat Tinggal", "KET_DETAIL": "Rumah", "Luas_Ha": 0.0226, "NAMOBJ": "Tegalsari", "DUSUN": "Tegalsari"}}, {"type": "Feature", "geometry": {"type": "Polygon", "coordinates": [[[110.1737913, -7.551028], [110.173799, -7.5509952], [110.1737652, -7.5509842], [110.1737669, -7.5509737], [110.173786, -7.5509754], [110.1737987, -7.5509284], [110.1737791, -7.5509218], [110.1737812, -7.5509118], [110.1736922, -7.5508874], [110.1736637, -7.5509907], [110.1737913, -7.551028]]]}, "properties": {"OBJECTID_1": 112, "KETERANGAN": "Tempat Tinggal", "KET_DETAIL": "Rumah", "Luas_Ha": 0.0152, "NAMOBJ": "Tegalsari", "DUSUN": "Tegalsari"}}, {"type": "Feature", "geometry": {"type": "Polygon", "coordinates": [[[110.1739387, -7.550346], [110.1737566, -7.5503162], [110.1737392, -7.5504246], [110.1737199, -7.5504183], [110.1737083, -7.5504922], [110.1737237, -7.5504905], [110.1737076, -7.5506047], [110.1738892, -7.550634], [110.1738996, -7.5505687], [110.1739377, -7.5505784], [110.1739797, -7.5503642], [110.1739341, -7.5503556], [110.1739387, -7.550346]]]}, "properties": {"OBJECTID_1": 113, "KETERANGAN": "Sosial Budaya", "KET_DETAIL": "Gedung Serbaguna", "Luas_Ha": 0.0783, "NAMOBJ": "Tegalsari", "DUSUN": "Tegalsari"}}, {"type": "Feature", "geometry": {"type": "Polygon", "coordinates": [[[110.1739595, -7.55004], [110.1738228, -7.5500166], [110.1738062, -7.550108], [110.1737654, -7.5501003], [110.173754, -7.5501614], [110.1737966, -7.5501713], [110.1737896, -7.550232], [110.1738319, -7.5502383], [110.1738282, -7.5502492], [110.1737958, -7.5502415], [110.1737855, -7.550299], [110.1738678, -7.5503144], [110.1738703, -7.5502928], [110.1738737, -7.5502635], [110.1739204, -7.5502709], [110.1739362, -7.5501776], [110.1739595, -7.55004]]]}, "properties": {"OBJECTID_1": 114, "KETERANGAN": "Sosial Budaya", "KET_DETAIL": "Balai Desa", "Luas_Ha": 0.0474, "NAMOBJ": "Tegalsari", "DUSUN": "Tegalsari"}}, {"type": "Feature", "geometry": {"type": "Polygon", "coordinates": [[[110.1737586, -7.5502204], [110.1736974, -7.5502097], [110.1737029, -7.5501951], [110.1736858, -7.5501878], [110.1736913, -7.5501642], [110.1736265, -7.550155], [110.1736085, -7.5502255], [110.1735903, -7.5503268], [110.1737347, -7.550348], [110.1737586, -7.5502204]]]}, "properties": {"OBJECTID_1": 115, "KETERANGAN": "Tempat Tinggal", "KET_DETAIL": "Rumah", "Luas_Ha": 0.0273, "NAMOBJ": "Tegalsari", "DUSUN": "Tegalsari"}}, {"type": "Feature", "geometry": {"type": "Polygon", "coordinates": [[[110.1737358, -7.5499494], [110.1737307, -7.5499476], [110.173675, -7.5499289], [110.1736394, -7.5499332], [110.1736364, -7.5499325], [110.1736301, -7.5499309], [110.1736289, -7.5499418], [110.1736145, -7.5500237], [110.1735773, -7.5502448], [110.173576, -7.5502519], [110.1735574, -7.5503514], [110.1735823, -7.5503528], [110.173622, -7.5503682], [110.173625, -7.5504093], [110.1736203, -7.5504696], [110.1736179, -7.5504886], [110.1736156, -7.5505039], [110.1736416, -7.5505039], [110.1736553, -7.5505283], [110.1736438, -7.5505474], [110.1736437, -7.5505847], [110.173604, -7.5506022], [110.1735726, -7.5505968], [110.1735704, -7.5505846], [110.1735168, -7.5505686], [110.1735154, -7.5505761], [110.1735298, -7.5506371], [110.173577, -7.5506778], [110.1735904, -7.5506516], [110.1736046, -7.5506438], [110.173634, -7.5506287], [110.1736614, -7.5506405], [110.1736741, -7.55066], [110.1736917, -7.5506596], [110.1737098, -7.5506469], [110.1737533, -7.5506465], [110.1737714, -7.5506485], [110.1738047, -7.5506368], [110.1738345, -7.5506442], [110.1738428, -7.5506506], [110.1738624, -7.5506526], [110.1738834, -7.550655], [110.1738873, -7.550666], [110.1739091, -7.550676], [110.1739377, -7.5505784], [110.1738996, -7.5505687], [110.1738892, -7.550634], [110.1737076, -7.5506047], [110.1737237, -7.5504905], [110.1737083, -7.5504922], [110.1737199, -7.5504183], [110.1737392, -7.5504246], [110.1737566, -7.5503162], [110.1739387, -7.550346], [110.1739372, -7.5503313], [110.1739108, -7.5503155], [110.1738703, -7.5502928], [110.1738678, -7.5503144], [110.1737855, -7.550299], [110.1737958, -7.5502415], [110.1738282, -7.5502492], [110.1738319, -7.5502383], [110.1737896, -7.550232], [110.1737966, -7.5501713], [110.173754, -7.5501614], [110.1737654, -7.5501003], [110.1738062, -7.550108], [110.1738228, -7.5500166], [110.1739595, -7.55004], [110.1739683, -7.5500277], [110.1738089, -7.549974], [110.1738103, -7.5499878], [110.1738117, -7.5500117], [110.1738029, -7.5500351], [110.1737779, -7.5500595], [110.1737363, -7.5500472], [110.1737188, -7.5500257], [110.1737041, -7.5500076], [110.173713, -7.549992], [110.1737358, -7.5499494]], [[110.1737586, -7.5502204], [110.1737347, -7.550348], [110.1735903, -7.5503268], [110.1736085, -7.5502255], [110.1736265, -7.550155], [110.1736913, -7.5501642], [110.1736858, -7.5501878], [110.1737029, -7.5501951], [110.1736974, -7.5502097], [110.1737586, -7.5502204]]]}, "properties": {"OBJECTID_1": 116, "KETERANGAN": "Lahan Terbuka (Tanah Kosong)", "KET_DETAIL": "", "Luas_Ha": 0.1224, "NAMOBJ": "Tegalsari", "DUSUN": "Tegalsari"}}, {"type": "Feature", "geometry": {"type": "Polygon", "coordinates": [[[110.1739797, -7.5503642], [110.1739789, -7.5503268], [110.1739762, -7.5502829], [110.1739694, -7.5502605], [110.1739535, -7.5502098], [110.1739362, -7.5501776], [110.1739204, -7.5502709], [110.1738737, -7.5502635], [110.1738703, -7.5502928], [110.1739108, -7.5503155], [110.1739372, -7.5503313], [110.1739387, -7.550346], [110.1739341, -7.5503556], [110.1739797, -7.5503642]]]}, "properties": {"OBJECTID_1": 117, "KETERANGAN": "Vegetasi Non Budidaya Lainnya", "KET_DETAIL": "", "Luas_Ha": 0.0112, "NAMOBJ": "Tegalsari", "DUSUN": "Tegalsari"}}, {"type": "Feature", "geometry": {"type": "Polygon", "coordinates": [[[110.1739091, -7.550676], [110.1738873, -7.550666], [110.1738834, -7.550655], [110.1738624, -7.5506526], [110.1738428, -7.5506506], [110.1738345, -7.5506442], [110.1738047, -7.5506368], [110.1737714, -7.5506485], [110.1737533, -7.5506465], [110.1737098, -7.5506469], [110.1736917, -7.5506596], [110.1736741, -7.55066], [110.1736614, -7.5506405], [110.173634, -7.5506287], [110.1736046, -7.5506438], [110.1735904, -7.5506516], [110.173577, -7.5506778], [110.1735839, -7.5506838], [110.1736464, -7.550701], [110.173886, -7.5507547], [110.1739091, -7.550676]]]}, "properties": {"OBJECTID_1": 118, "KETERANGAN": "Vegetasi Non Budidaya Lainnya", "KET_DETAIL": "", "Luas_Ha": 0.0288, "NAMOBJ": "Tegalsari", "DUSUN": "Tegalsari"}}, {"type": "Feature", "geometry": {"type": "Polygon", "coordinates": [[[110.1738089, -7.549974], [110.1737358, -7.5499494], [110.173713, -7.549992], [110.1737041, -7.5500076], [110.1737188, -7.5500257], [110.1737363, -7.5500472], [110.1737779, -7.5500595], [110.1738029, -7.5500351], [110.1738117, -7.5500117], [110.1738103, -7.5499878], [110.1738089, -7.549974]]]}, "properties": {"OBJECTID_1": 119, "KETERANGAN": "Vegetasi Non Budidaya Lainnya", "KET_DETAIL": "", "Luas_Ha": 0.0097, "NAMOBJ": "Tegalsari", "DUSUN": "Tegalsari"}}, {"type": "Feature", "geometry": {"type": "Polygon", "coordinates": [[[110.1735168, -7.5505686], [110.1735704, -7.5505846], [110.1735726, -7.5505968], [110.173604, -7.5506022], [110.1736437, -7.5505847], [110.1736438, -7.5505474], [110.1736553, -7.5505283], [110.1736416, -7.5505039], [110.1736156, -7.5505039], [110.1736179, -7.5504886], [110.1736203, -7.5504696], [110.173625, -7.5504093], [110.173622, -7.5503682], [110.1735823, -7.5503528], [110.1735574, -7.5503514], [110.1735168, -7.5505686]]]}, "properties": {"OBJECTID_1": 120, "KETERANGAN": "Vegetasi Non Budidaya Lainnya", "KET_DETAIL": "", "Luas_Ha": 0.0269, "NAMOBJ": "Tegalsari", "DUSUN": "Tegalsari"}}, {"type": "Feature", "geometry": {"type": "Polygon", "coordinates": [[[110.1765542, -7.5525468], [110.176546, -7.5525248], [110.1765309, -7.5524952], [110.1764973, -7.552451], [110.176459, -7.5524111], [110.1763911, -7.5523522], [110.1763313, -7.5523011], [110.1762777, -7.5522428], [110.1762627, -7.5522224], [110.1762243, -7.5521821], [110.1762163, -7.5521707], [110.176204, -7.5521547], [110.1761797, -7.5521236], [110.1761669, -7.5521043], [110.1761428, -7.55207], [110.1761261, -7.5520515], [110.1760812, -7.5519988], [110.1760726, -7.5519808], [110.1760191, -7.5519108], [110.1759917, -7.5518473], [110.1759503, -7.5517778], [110.17594, -7.5517515], [110.1758946, -7.5516517], [110.1758604, -7.5515718], [110.1758341, -7.5515199], [110.1758229, -7.5515008], [110.1757695, -7.5514528], [110.1757305, -7.5514354], [110.1755398, -7.5513672], [110.175389, -7.5513161], [110.1752123, -7.5512549], [110.1750924, -7.5512123], [110.1750775, -7.5512123], [110.1750189, -7.5511935], [110.1748254, -7.5511278], [110.1746694, -7.5510757], [110.1744617, -7.5510056], [110.1742848, -7.5509423], [110.1742174, -7.5509169], [110.1741358, -7.5508861], [110.1740871, -7.5509945], [110.1740262, -7.5511298], [110.1740034, -7.551199], [110.1738806, -7.5513836], [110.1738235, -7.5514693], [110.1737611, -7.551554], [110.1737172, -7.5516176], [110.1736759, -7.5516796], [110.1736543, -7.5517105], [110.1741548, -7.5519994], [110.1743415, -7.5520958], [110.1744616, -7.5521771], [110.1745499, -7.5522487], [110.1745584, -7.5522666], [110.1745712, -7.5522945], [110.1746375, -7.5523218], [110.174711, -7.5523267], [110.1748101, -7.5523492], [110.1749499, -7.5523686], [110.1750091, -7.5523743], [110.1750834, -7.5523912], [110.1751122, -7.552396], [110.1751402, -7.5523913], [110.1751705, -7.5523914], [110.1752642, -7.5523853], [110.1753247, -7.5523661], [110.1753706, -7.5523674], [110.1754274, -7.5523374], [110.1754528, -7.5523519], [110.1754926, -7.5523701], [110.1755168, -7.5523786], [110.1755457, -7.5524112], [110.1757025, -7.5524902], [110.1758289, -7.5521339], [110.176199, -7.5523306], [110.1762127, -7.5523012], [110.176237, -7.552332], [110.176277, -7.552352], [110.1763153, -7.5523528], [110.1763569, -7.5523593], [110.1763793, -7.5523752], [110.1764192, -7.5524033], [110.1764702, -7.5524552], [110.1765133, -7.5524912], [110.176529, -7.5525301], [110.1765527, -7.5525457], [110.1765542, -7.5525468]]]}, "properties": {"OBJECTID_1": 121, "KETERANGAN": "Perkebunan", "KET_DETAIL": "", "Luas_Ha": 2.8075, "NAMOBJ": "Tegalsari", "DUSUN": "Tegalsari"}}, {"type": "Feature", "geometry": {"type": "Polygon", "coordinates": [[[110.1738831, -7.5508055], [110.1737858, -7.5507783], [110.1737176, -7.5507608], [110.173581, -7.5507257], [110.1734943, -7.5507075], [110.1734943, -7.550708], [110.1734942, -7.5507551], [110.1735813, -7.5507738], [110.1735867, -7.5507641], [110.1736546, -7.5507772], [110.173659, -7.5507582], [110.1737166, -7.5507781], [110.1736891, -7.5508843], [110.1736922, -7.5508874], [110.1737812, -7.5509118], [110.1737791, -7.5509218], [110.1737987, -7.5509284], [110.173786, -7.5509754], [110.1737669, -7.5509737], [110.1737652, -7.5509842], [110.173799, -7.5509952], [110.1737913, -7.551028], [110.1738211, -7.5510377], [110.173879, -7.5508177], [110.1738831, -7.5508055]]]}, "properties": {"OBJECTID_1": 122, "KETERANGAN": "Lahan Terbuka (Tanah Kosong)", "KET_DETAIL": "", "Luas_Ha": 0.0423, "NAMOBJ": "Tegalsari", "DUSUN": "Tegalsari"}}, {"type": "Feature", "geometry": {"type": "Polygon", "coordinates": [[[110.173498, -7.5533], [110.1734893, -7.5532993], [110.1734528, -7.5532966], [110.1734523, -7.5533009], [110.1734374, -7.5534162], [110.1734813, -7.5534214], [110.1734891, -7.5534219], [110.1734892, -7.5533639], [110.173498, -7.5533]]]}, "properties": {"OBJECTID_1": 123, "KETERANGAN": "Tempat Tinggal", "KET_DETAIL": "Rumah", "Luas_Ha": 0.0069, "NAMOBJ": "Tegalsari", "DUSUN": "Tegalsari"}}, {"type": "Feature", "geometry": {"type": "Polygon", "coordinates": [[[110.1734463, -7.5532856], [110.1733892, -7.5532815], [110.1733882, -7.5532882], [110.1733876, -7.5532917], [110.1733834, -7.5532981], [110.1733726, -7.5534045], [110.1733675, -7.553443], [110.1734269, -7.5534505], [110.1734374, -7.5534162], [110.1734523, -7.5533009], [110.173444, -7.5533004], [110.1734463, -7.5532856]]]}, "properties": {"OBJECTID_1": 124, "KETERANGAN": "Tempat Tinggal", "KET_DETAIL": "Rumah", "Luas_Ha": 0.0131, "NAMOBJ": "Tegalsari", "DUSUN": "Tegalsari"}}, {"type": "Feature", "geometry": {"type": "Polygon", "coordinates": [[[110.1733892, -7.5532815], [110.1733242, -7.5532716], [110.1733188, -7.5533074], [110.1733065, -7.5533885], [110.1733055, -7.5533952], [110.1733726, -7.5534045], [110.1733834, -7.5532981], [110.1733876, -7.5532917], [110.1733882, -7.5532882], [110.1733892, -7.5532815]]]}, "properties": {"OBJECTID_1": 125, "KETERANGAN": "Tempat Tinggal", "KET_DETAIL": "Rumah", "Luas_Ha": 0.0099, "NAMOBJ": "Tegalsari", "DUSUN": "Tegalsari"}}, {"type": "Feature", "geometry": {"type": "Polygon", "coordinates": [[[110.1732992, -7.5533052], [110.1732906, -7.5533041], [110.1732893, -7.5533122], [110.1732781, -7.5533784], [110.1732773, -7.5533833], [110.1733065, -7.5533885], [110.1733188, -7.5533074], [110.1732992, -7.5533052]]]}, "properties": {"OBJECTID_1": 126, "KETERANGAN": "Tempat Tinggal", "KET_DETAIL": "Rumah", "Luas_Ha": 0.0029, "NAMOBJ": "Tegalsari", "DUSUN": "Tegalsari"}}, {"type": "Feature", "geometry": {"type": "Polygon", "coordinates": [[[110.1732781, -7.5533784], [110.1732153, -7.5533684], [110.1732134, -7.5533769], [110.1732079, -7.5534015], [110.1732686, -7.5534118], [110.1732683, -7.5534163], [110.1733006, -7.5534227], [110.1733055, -7.5533952], [110.1733065, -7.5533885], [110.1732773, -7.5533833], [110.1732781, -7.5533784]]]}, "properties": {"OBJECTID_1": 127, "KETERANGAN": "Tempat Tinggal", "KET_DETAIL": "Rumah", "Luas_Ha": 0.004, "NAMOBJ": "Tegalsari", "DUSUN": "Tegalsari"}}, {"type": "Feature", "geometry": {"type": "Polygon", "coordinates": [[[110.1732893, -7.5533122], [110.1731769, -7.5532947], [110.1731749, -7.5533074], [110.1731662, -7.5533626], [110.1731816, -7.5533693], [110.1732134, -7.5533769], [110.1732153, -7.5533684], [110.1732781, -7.5533784], [110.1732893, -7.5533122]]]}, "properties": {"OBJECTID_1": 128, "KETERANGAN": "Tempat Tinggal", "KET_DETAIL": "Rumah", "Luas_Ha": 0.0096, "NAMOBJ": "Tegalsari", "DUSUN": "Tegalsari"}}, {"type": "Feature", "geometry": {"type": "Polygon", "coordinates": [[[110.1733075, -7.553249], [110.173214, -7.5532338], [110.1732014, -7.5532377], [110.1731818, -7.5532338], [110.173151, -7.5532277], [110.1731409, -7.5532853], [110.1731478, -7.5532882], [110.173148, -7.5533011], [110.1731749, -7.5533074], [110.1731769, -7.5532947], [110.1732893, -7.5533122], [110.1732906, -7.5533041], [110.1732992, -7.5533052], [110.1733075, -7.553249]]]}, "properties": {"OBJECTID_1": 129, "KETERANGAN": "Tempat Tinggal", "KET_DETAIL": "Rumah", "Luas_Ha": 0.0127, "NAMOBJ": "Tegalsari", "DUSUN": "Tegalsari"}}, {"type": "Feature", "geometry": {"type": "Polygon", "coordinates": [[[110.1733075, -7.553249], [110.173322, -7.5531683], [110.17325, -7.5531553], [110.1732438, -7.5531803], [110.17322, -7.553179], [110.1732062, -7.5531804], [110.173178, -7.5531774], [110.1731698, -7.5531774], [110.1731563, -7.5531774], [110.173151, -7.5532277], [110.1731818, -7.5532338], [110.1732014, -7.5532377], [110.173214, -7.5532338], [110.1733075, -7.553249]]]}, "properties": {"OBJECTID_1": 130, "KETERANGAN": "Tempat Tinggal", "KET_DETAIL": "Rumah", "Luas_Ha": 0.0133, "NAMOBJ": "Tegalsari", "DUSUN": "Tegalsari"}}, {"type": "Feature", "geometry": {"type": "Polygon", "coordinates": [[[110.1734613, -7.553201], [110.1734397, -7.5531966], [110.173431, -7.5532387], [110.1734379, -7.5532399], [110.173432, -7.5532656], [110.1734433, -7.5532695], [110.1734408, -7.5532769], [110.173446, -7.553277], [110.1734463, -7.5532856], [110.173444, -7.5533004], [110.1734523, -7.5533009], [110.1734528, -7.5532966], [110.1734893, -7.5532993], [110.173498, -7.5533], [110.1735316, -7.5533043], [110.1735373, -7.553305], [110.1735762, -7.55331], [110.1735875, -7.5533118], [110.1735981, -7.5532286], [110.1735641, -7.5532217], [110.1735588, -7.5532207], [110.1734895, -7.5532067], [110.1734613, -7.553201]]]}, "properties": {"OBJECTID_1": 131, "KETERANGAN": "Tempat Tinggal", "KET_DETAIL": "Rumah", "Luas_Ha": 0.0172, "NAMOBJ": "Tegalsari", "DUSUN": "Tegalsari"}}, {"type": "Feature", "geometry": {"type": "Polygon", "coordinates": [[[110.1736168, -7.5531395], [110.1735842, -7.553134], [110.1735847, -7.5531128], [110.1734897, -7.5531029], [110.1734827, -7.5531022], [110.1734745, -7.5531347], [110.1734718, -7.5531343], [110.1734705, -7.5531459], [110.173454, -7.5531437], [110.1734465, -7.5531851], [110.1734633, -7.5531891], [110.1734613, -7.553201], [110.1734895, -7.5532067], [110.1735588, -7.5532207], [110.1735641, -7.5532217], [110.1735981, -7.5532286], [110.1736168, -7.5531395]]]}, "properties": {"OBJECTID_1": 132, "KETERANGAN": "Tempat Tinggal", "KET_DETAIL": "Rumah", "Luas_Ha": 0.0184, "NAMOBJ": "Tegalsari", "DUSUN": "Tegalsari"}}, {"type": "Feature", "geometry": {"type": "Polygon", "coordinates": [[[110.1733563, -7.5530933], [110.1733979, -7.5531018], [110.1734118, -7.5530519], [110.1734242, -7.5530547], [110.1734102, -7.5531045], [110.1734449, -7.5531132], [110.17347, -7.5530222], [110.1733813, -7.5530009], [110.1733563, -7.5530933]]]}, "properties": {"OBJECTID_1": 133, "KETERANGAN": "Tempat Tinggal", "KET_DETAIL": "Rumah", "Luas_Ha": 0.0097, "NAMOBJ": "Tegalsari", "DUSUN": "Tegalsari"}}, {"type": "Feature", "geometry": {"type": "Polygon", "coordinates": [[[110.1733813, -7.5530009], [110.173288, -7.5529809], [110.1732655, -7.5530675], [110.1733563, -7.5530933], [110.1733813, -7.5530009]]]}, "properties": {"OBJECTID_1": 134, "KETERANGAN": "Tempat Tinggal", "KET_DETAIL": "Rumah", "Luas_Ha": 0.0107, "NAMOBJ": "Tegalsari", "DUSUN": "Tegalsari"}}, {"type": "Feature", "geometry": {"type": "Polygon", "coordinates": [[[110.1734167, -7.5529845], [110.1734889, -7.5530002], [110.1734899, -7.5529949], [110.1734938, -7.5529746], [110.1735099, -7.5528916], [110.1734901, -7.5528888], [110.1734371, -7.5528814], [110.1734363, -7.5528849], [110.1734167, -7.5529845]]]}, "properties": {"OBJECTID_1": 135, "KETERANGAN": "Tempat Tinggal", "KET_DETAIL": "Rumah", "Luas_Ha": 0.0097, "NAMOBJ": "Tegalsari", "DUSUN": "Tegalsari"}}, {"type": "Feature", "geometry": {"type": "Polygon", "coordinates": [[[110.1734363, -7.5528849], [110.173366, -7.5528681], [110.173336, -7.5529787], [110.1733751, -7.5529874], [110.173382, -7.5529691], [110.1734003, -7.5529761], [110.1734006, -7.5529808], [110.1734167, -7.5529845], [110.1734363, -7.5528849]]]}, "properties": {"OBJECTID_1": 136, "KETERANGAN": "Tempat Tinggal", "KET_DETAIL": "Rumah", "Luas_Ha": 0.0099, "NAMOBJ": "Tegalsari", "DUSUN": "Tegalsari"}}, {"type": "Feature", "geometry": {"type": "Polygon", "coordinates": [[[110.1733652, -7.5528651], [110.1732998, -7.5528479], [110.1732672, -7.5529564], [110.1732657, -7.5529613], [110.173336, -7.5529787], [110.173366, -7.5528681], [110.1733652, -7.5528651]]]}, "properties": {"OBJECTID_1": 137, "KETERANGAN": "Tempat Tinggal", "KET_DETAIL": "Rumah", "Luas_Ha": 0.0102, "NAMOBJ": "Tegalsari", "DUSUN": "Tegalsari"}}, {"type": "Feature", "geometry": {"type": "Polygon", "coordinates": [[[110.1732998, -7.5528479], [110.1732524, -7.5528361], [110.1732297, -7.5528305], [110.1732037, -7.5529335], [110.1731997, -7.552953], [110.1732296, -7.5529639], [110.1732331, -7.5529484], [110.1732672, -7.5529564], [110.1732998, -7.5528479]]]}, "properties": {"OBJECTID_1": 138, "KETERANGAN": "Tempat Tinggal", "KET_DETAIL": "Rumah", "Luas_Ha": 0.0102, "NAMOBJ": "Tegalsari", "DUSUN": "Tegalsari"}}, {"type": "Feature", "geometry": {"type": "Polygon", "coordinates": [[[110.1734031, -7.5528041], [110.1733982, -7.5528027], [110.173342, -7.55279], [110.1733171, -7.552785], [110.1732797, -7.5527758], [110.1732752, -7.5528035], [110.1732224, -7.5527921], [110.1732165, -7.5528216], [110.1732297, -7.5528305], [110.1732524, -7.5528361], [110.1732998, -7.5528479], [110.1733652, -7.5528651], [110.1733924, -7.5528687], [110.1734391, -7.5528781], [110.1734787, -7.5528834], [110.1734902, -7.5528341], [110.1734917, -7.5528278], [110.1734905, -7.5528275], [110.1734902, -7.5528275], [110.17346, -7.5528196], [110.1734309, -7.5528117], [110.1734031, -7.5528041]]]}, "properties": {"OBJECTID_1": 139, "KETERANGAN": "Tempat Tinggal", "KET_DETAIL": "Rumah", "Luas_Ha": 0.0194, "NAMOBJ": "Tegalsari", "DUSUN": "Tegalsari"}}, {"type": "Feature", "geometry": {"type": "Polygon", "coordinates": [[[110.1734309, -7.5528117], [110.1734903, -7.5528227], [110.1735078, -7.5528259], [110.173521, -7.5527667], [110.1735321, -7.5527706], [110.1735456, -7.5527067], [110.1734905, -7.5526976], [110.1734239, -7.5526867], [110.1734031, -7.5528041], [110.1734309, -7.5528117]]]}, "properties": {"OBJECTID_1": 140, "KETERANGAN": "Tempat Tinggal", "KET_DETAIL": "Rumah", "Luas_Ha": 0.0173, "NAMOBJ": "Tegalsari", "DUSUN": "Tegalsari"}}, {"type": "Feature", "geometry": {"type": "Polygon", "coordinates": [[[110.1734182, -7.5526872], [110.1732927, -7.5526649], [110.1732781, -7.5527287], [110.1733053, -7.5527346], [110.1733023, -7.5527564], [110.1733787, -7.5527694], [110.1733837, -7.5527471], [110.1734057, -7.5527506], [110.1734182, -7.5526872]]]}, "properties": {"OBJECTID_1": 141, "KETERANGAN": "Tempat Tinggal", "KET_DETAIL": "Rumah", "Luas_Ha": 0.0124, "NAMOBJ": "Tegalsari", "DUSUN": "Tegalsari"}}, {"type": "Feature", "geometry": {"type": "Polygon", "coordinates": [[[110.1734039, -7.552585], [110.1733054, -7.5525589], [110.1733005, -7.5525875], [110.1732794, -7.5525824], [110.1732762, -7.5525978], [110.1732471, -7.5525913], [110.1732433, -7.5525946], [110.1732398, -7.5525958], [110.1732336, -7.5526456], [110.1732331, -7.5526498], [110.1732708, -7.5526573], [110.1733148, -7.5526662], [110.1733145, -7.5526643], [110.1733804, -7.5526789], [110.1734039, -7.552585]]]}, "properties": {"OBJECTID_1": 142, "KETERANGAN": "Tempat Tinggal", "KET_DETAIL": "Rumah", "Luas_Ha": 0.0164, "NAMOBJ": "Tegalsari", "DUSUN": "Tegalsari"}}, {"type": "Feature", "geometry": {"type": "Polygon", "coordinates": [[[110.1732708, -7.5526573], [110.1732331, -7.5526498], [110.1732336, -7.5526456], [110.1732232, -7.5526462], [110.1732165, -7.5527258], [110.173221, -7.5527253], [110.1732204, -7.552732], [110.173266, -7.5527335], [110.1732708, -7.5526573]]]}, "properties": {"OBJECTID_1": 143, "KETERANGAN": "Tempat Tinggal", "KET_DETAIL": "Rumah", "Luas_Ha": 0.0048, "NAMOBJ": "Tegalsari", "DUSUN": "Tegalsari"}}, {"type": "Feature", "geometry": {"type": "Polygon", "coordinates": [[[110.1734743, -7.5525924], [110.1734622, -7.5525892], [110.1734675, -7.5525722], [110.1734192, -7.552559], [110.1734126, -7.552576], [110.1733862, -7.5526693], [110.1734122, -7.5526775], [110.1734511, -7.5526846], [110.1734692, -7.5526128], [110.1734722, -7.5526008], [110.1734743, -7.5525924]]]}, "properties": {"OBJECTID_1": 144, "KETERANGAN": "Tempat Tinggal", "KET_DETAIL": "Rumah", "Luas_Ha": 0.0088, "NAMOBJ": "Tegalsari", "DUSUN": "Tegalsari"}}, {"type": "Feature", "geometry": {"type": "Polygon", "coordinates": [[[110.1734511, -7.5526846], [110.1734905, -7.552694], [110.173499, -7.552696], [110.1735476, -7.5527049], [110.1735617, -7.552642], [110.1735026, -7.5526266], [110.1735015, -7.5526208], [110.1734906, -7.5526181], [110.1734692, -7.5526128], [110.1734511, -7.5526846]]]}, "properties": {"OBJECTID_1": 145, "KETERANGAN": "Tempat Tinggal", "KET_DETAIL": "Rumah", "Luas_Ha": 0.0083, "NAMOBJ": "Tegalsari", "DUSUN": "Tegalsari"}}, {"type": "Feature", "geometry": {"type": "Polygon", "coordinates": [[[110.173494, -7.5525247], [110.1734908, -7.552524], [110.1734896, -7.5525238], [110.1734847, -7.5525492], [110.1734802, -7.5525678], [110.1734787, -7.5525742], [110.1734743, -7.5525924], [110.1734722, -7.5526008], [110.1734907, -7.5526052], [110.1735154, -7.552611], [110.1735137, -7.552621], [110.1735632, -7.5526327], [110.1735682, -7.5526152], [110.1735834, -7.5525619], [110.1735887, -7.5525451], [110.1735829, -7.5525426], [110.1735741, -7.5525408], [110.173494, -7.5525247]]]}, "properties": {"OBJECTID_1": 146, "KETERANGAN": "Tempat Tinggal", "KET_DETAIL": "Rumah", "Luas_Ha": 0.0103, "NAMOBJ": "Tegalsari", "DUSUN": "Tegalsari"}}, {"type": "Feature", "geometry": {"type": "Polygon", "coordinates": [[[110.173494, -7.5525247], [110.1735084, -7.5524642], [110.1734909, -7.5524589], [110.1734556, -7.5524482], [110.173426, -7.552553], [110.1734802, -7.5525678], [110.1734847, -7.5525492], [110.1734896, -7.5525238], [110.1734908, -7.552524], [110.173494, -7.5525247]]]}, "properties": {"OBJECTID_1": 147, "KETERANGAN": "Tempat Tinggal", "KET_DETAIL": "Rumah", "Luas_Ha": 0.0074, "NAMOBJ": "Tegalsari", "DUSUN": "Tegalsari"}}, {"type": "Feature", "geometry": {"type": "Polygon", "coordinates": [[[110.1733319, -7.55251], [110.1732522, -7.5524913], [110.1732445, -7.5524905], [110.1732439, -7.5524986], [110.1732385, -7.5525305], [110.1732362, -7.5525474], [110.1733054, -7.5525589], [110.1734039, -7.552585], [110.1734196, -7.5525307], [110.1734171, -7.5525301], [110.1733319, -7.55251]]]}, "properties": {"OBJECTID_1": 148, "KETERANGAN": "Tempat Tinggal", "KET_DETAIL": "Rumah", "Luas_Ha": 0.0119, "NAMOBJ": "Tegalsari", "DUSUN": "Tegalsari"}}, {"type": "Feature", "geometry": {"type": "Polygon", "coordinates": [[[110.1734171, -7.5525301], [110.1734307, -7.552445], [110.1733778, -7.5524345], [110.1733031, -7.5524196], [110.1732964, -7.5524518], [110.1733031, -7.5524554], [110.1732989, -7.5524827], [110.1733369, -7.552492], [110.1733319, -7.55251], [110.1734171, -7.5525301]]]}, "properties": {"OBJECTID_1": 149, "KETERANGAN": "Tempat Tinggal", "KET_DETAIL": "Rumah", "Luas_Ha": 0.0121, "NAMOBJ": "Tegalsari", "DUSUN": "Tegalsari"}}, {"type": "Feature", "geometry": {"type": "Polygon", "coordinates": [[[110.17345, -7.5523621], [110.1734442, -7.5523832], [110.1734375, -7.5524281], [110.173464, -7.5524335], [110.173491, -7.5524383], [110.173493, -7.5524386], [110.1735089, -7.5523474], [110.1734912, -7.5523445], [110.1734602, -7.5523396], [110.1734565, -7.5523564], [110.1734515, -7.5523567], [110.17345, -7.5523621]]]}, "properties": {"OBJECTID_1": 150, "KETERANGAN": "Tempat Tinggal", "KET_DETAIL": "Rumah", "Luas_Ha": 0.0062, "NAMOBJ": "Tegalsari", "DUSUN": "Tegalsari"}}, {"type": "Feature", "geometry": {"type": "Polygon", "coordinates": [[[110.1734602, -7.5523396], [110.1734619, -7.5523239], [110.1734464, -7.5523211], [110.173451, -7.5523102], [110.173438, -7.5523062], [110.1732936, -7.5522751], [110.1732831, -7.5523284], [110.1732792, -7.5523292], [110.1732721, -7.5523576], [110.1732988, -7.552363], [110.173292, -7.5524163], [110.1733347, -7.5524209], [110.173373, -7.5524272], [110.1734167, -7.5524371], [110.1734343, -7.5523587], [110.17345, -7.5523621], [110.1734515, -7.5523567], [110.1734565, -7.5523564], [110.1734602, -7.5523396]]]}, "properties": {"OBJECTID_1": 151, "KETERANGAN": "Tempat Tinggal", "KET_DETAIL": "Rumah", "Luas_Ha": 0.0249, "NAMOBJ": "Tegalsari", "DUSUN": "Tegalsari"}}, {"type": "Feature", "geometry": {"type": "Polygon", "coordinates": [[[110.1735365, -7.5522142], [110.1735019, -7.5522054], [110.1734979, -7.55222], [110.173492, -7.5522147], [110.1734914, -7.552217], [110.1734769, -7.5522762], [110.1734913, -7.5522799], [110.1735138, -7.5522858], [110.173531, -7.5522898], [110.173544, -7.5522609], [110.1735271, -7.5522549], [110.1735365, -7.5522142]]]}, "properties": {"OBJECTID_1": 152, "KETERANGAN": "Tempat Tinggal", "KET_DETAIL": "Rumah", "Luas_Ha": 0.0044, "NAMOBJ": "Tegalsari", "DUSUN": "Tegalsari"}}, {"type": "Feature", "geometry": {"type": "Polygon", "coordinates": [[[110.1734759, -7.5522051], [110.1734191, -7.5521932], [110.1734145, -7.5522179], [110.1733476, -7.5522026], [110.173333, -7.5522787], [110.173449, -7.5523028], [110.1734646, -7.5522304], [110.1734719, -7.5522318], [110.1734759, -7.5522051]]]}, "properties": {"OBJECTID_1": 153, "KETERANGAN": "Tempat Tinggal", "KET_DETAIL": "Rumah", "Luas_Ha": 0.0129, "NAMOBJ": "Tegalsari", "DUSUN": "Tegalsari"}}, {"type": "Feature", "geometry": {"type": "Polygon", "coordinates": [[[110.173566, -7.5521046], [110.173579, -7.5520533], [110.1735187, -7.5520315], [110.1735063, -7.5520599], [110.1734999, -7.5520585], [110.1734916, -7.5520925], [110.1734698, -7.5521826], [110.1734915, -7.5521878], [110.1735418, -7.5521999], [110.173566, -7.5521046]]]}, "properties": {"OBJECTID_1": 154, "KETERANGAN": "Tempat Tinggal", "KET_DETAIL": "Rumah", "Luas_Ha": 0.0138, "NAMOBJ": "Tegalsari", "DUSUN": "Tegalsari"}}, {"type": "Feature", "geometry": {"type": "Polygon", "coordinates": [[[110.1734917, -7.5520565], [110.1734334, -7.5520422], [110.1734159, -7.5521083], [110.1733795, -7.5521007], [110.1733594, -7.5520965], [110.1733317, -7.5520908], [110.1733184, -7.5521478], [110.1733451, -7.5521518], [110.173344, -7.5521563], [110.1734698, -7.5521826], [110.1734916, -7.5520925], [110.1734999, -7.5520585], [110.1734917, -7.5520565]]]}, "properties": {"OBJECTID_1": 155, "KETERANGAN": "Tempat Tinggal", "KET_DETAIL": "Rumah", "Luas_Ha": 0.0172, "NAMOBJ": "Tegalsari", "DUSUN": "Tegalsari"}}, {"type": "Feature", "geometry": {"type": "Polygon", "coordinates": [[[110.1733795, -7.5521007], [110.173381, -7.5520978], [110.1734049, -7.5521021], [110.1734239, -7.5520336], [110.1733116, -7.5520025], [110.173277, -7.551993], [110.173266, -7.5520235], [110.1732834, -7.5520303], [110.1732738, -7.5520673], [110.1733204, -7.5520833], [110.1733594, -7.5520965], [110.1733795, -7.5521007]]]}, "properties": {"OBJECTID_1": 156, "KETERANGAN": "Tempat Tinggal", "KET_DETAIL": "Rumah", "Luas_Ha": 0.0132, "NAMOBJ": "Tegalsari", "DUSUN": "Tegalsari"}}, {"type": "Feature", "geometry": {"type": "Polygon", "coordinates": [[[110.173492, -7.5519243], [110.1734618, -7.5519166], [110.1734579, -7.5519301], [110.1734303, -7.5520269], [110.1734281, -7.5520345], [110.1734917, -7.5520519], [110.1734985, -7.5520537], [110.1735406, -7.5519366], [110.173492, -7.5519243]]]}, "properties": {"OBJECTID_1": 157, "KETERANGAN": "Tempat Tinggal", "KET_DETAIL": "Rumah", "Luas_Ha": 0.0116, "NAMOBJ": "Tegalsari", "DUSUN": "Tegalsari"}}, {"type": "Feature", "geometry": {"type": "Polygon", "coordinates": [[[110.1734579, -7.5519301], [110.1733525, -7.5518968], [110.1733189, -7.5519932], [110.1733648, -7.5520082], [110.1734303, -7.5520269], [110.1734579, -7.5519301]]]}, "properties": {"OBJECTID_1": 158, "KETERANGAN": "Tempat Tinggal", "KET_DETAIL": "Rumah", "Luas_Ha": 0.0141, "NAMOBJ": "Tegalsari", "DUSUN": "Tegalsari"}}, {"type": "Feature", "geometry": {"type": "Polygon", "coordinates": [[[110.1734726, -7.551875], [110.1734795, -7.5518157], [110.1734248, -7.551807], [110.1734209, -7.5518243], [110.1734138, -7.5518445], [110.1734101, -7.5518805], [110.1734089, -7.5519097], [110.1734576, -7.5519193], [110.1734726, -7.551875]]]}, "properties": {"OBJECTID_1": 159, "KETERANGAN": "Tempat Tinggal", "KET_DETAIL": "Rumah", "Luas_Ha": 0.0074, "NAMOBJ": "Tegalsari", "DUSUN": "Tegalsari"}}, {"type": "Feature", "geometry": {"type": "Polygon", "coordinates": [[[110.1730608, -7.5532998], [110.1730473, -7.5532964], [110.1730468, -7.553283], [110.1729239, -7.5532628], [110.1729041, -7.5533611], [110.1729466, -7.553369], [110.1729495, -7.5533541], [110.1730325, -7.5533695], [110.173045, -7.55334], [110.1730562, -7.5533414], [110.1730608, -7.5532998]]]}, "properties": {"OBJECTID_1": 160, "KETERANGAN": "Tempat Tinggal", "KET_DETAIL": "Rumah", "Luas_Ha": 0.0152, "NAMOBJ": "Tegalsari", "DUSUN": "Tegalsari"}}, {"type": "Feature", "geometry": {"type": "Polygon", "coordinates": [[[110.1731035, -7.5532007], [110.1729735, -7.5531814], [110.1729664, -7.5532339], [110.1729962, -7.5532382], [110.1729939, -7.5532497], [110.173093, -7.5532653], [110.1731035, -7.5532007]]]}, "properties": {"OBJECTID_1": 161, "KETERANGAN": "Tempat Tinggal", "KET_DETAIL": "Rumah", "Luas_Ha": 0.0099, "NAMOBJ": "Tegalsari", "DUSUN": "Tegalsari"}}, {"type": "Feature", "geometry": {"type": "Polygon", "coordinates": [[[110.1728964, -7.5532709], [110.1728921, -7.5532695], [110.1728965, -7.5532411], [110.1727255, -7.5532125], [110.1727193, -7.5532658], [110.1727125, -7.5533236], [110.1727496, -7.5533296], [110.1727559, -7.5532796], [110.1727883, -7.5532853], [110.1727829, -7.5533181], [110.1727834, -7.5533417], [110.1728084, -7.5533474], [110.1728044, -7.5533721], [110.1728731, -7.5533855], [110.1728802, -7.5533377], [110.1728842, -7.5533383], [110.1728964, -7.5532709]]]}, "properties": {"OBJECTID_1": 162, "KETERANGAN": "Tempat Tinggal", "KET_DETAIL": "Rumah", "Luas_Ha": 0.0247, "NAMOBJ": "Tegalsari", "DUSUN": "Tegalsari"}}, {"type": "Feature", "geometry": {"type": "Polygon", "coordinates": [[[110.1725908, -7.5533523], [110.1725984, -7.553347], [110.1726139, -7.553351], [110.1726195, -7.5533414], [110.1726403, -7.553342], [110.1726505, -7.5533095], [110.1726351, -7.5533072], [110.1726433, -7.5532811], [110.172621, -7.5532732], [110.1726296, -7.5532223], [110.1725638, -7.5532034], [110.1725604, -7.5532182], [110.1725542, -7.553218], [110.1725255, -7.5533331], [110.1725908, -7.5533523]]]}, "properties": {"OBJECTID_1": 163, "KETERANGAN": "Tempat Tinggal", "KET_DETAIL": "Rumah", "Luas_Ha": 0.0152, "NAMOBJ": "Tegalsari", "DUSUN": "Tegalsari"}}, {"type": "Feature", "geometry": {"type": "Polygon", "coordinates": [[[110.1725638, -7.5532034], [110.172473, -7.5531776], [110.1724706, -7.5531846], [110.1724616, -7.5531855], [110.1724516, -7.5532394], [110.1724363, -7.553306], [110.1724354, -7.5533096], [110.1724624, -7.5533192], [110.1725255, -7.5533331], [110.1725542, -7.553218], [110.1725604, -7.5532182], [110.1725638, -7.5532034]]]}, "properties": {"OBJECTID_1": 164, "KETERANGAN": "Tempat Tinggal", "KET_DETAIL": "Rumah", "Luas_Ha": 0.016, "NAMOBJ": "Tegalsari", "DUSUN": "Tegalsari"}}, {"type": "Feature", "geometry": {"type": "Polygon", "coordinates": [[[110.172473, -7.5531776], [110.1724686, -7.5531758], [110.1724712, -7.5531669], [110.1723631, -7.5531361], [110.172356, -7.5531679], [110.1723687, -7.5531721], [110.1723672, -7.553183], [110.1723436, -7.5531808], [110.1723277, -7.553272], [110.1723392, -7.5532816], [110.1723369, -7.5532872], [110.1723499, -7.5532912], [110.172348, -7.5532944], [110.1724093, -7.5533088], [110.172417, -7.5533094], [110.1724197, -7.5533029], [110.1724363, -7.553306], [110.1724516, -7.5532394], [110.1724616, -7.5531855], [110.1724706, -7.5531846], [110.172473, -7.5531776]]]}, "properties": {"OBJECTID_1": 165, "KETERANGAN": "Tempat Tinggal", "KET_DETAIL": "Rumah", "Luas_Ha": 0.0208, "NAMOBJ": "Tegalsari", "DUSUN": "Tegalsari"}}, {"type": "Feature", "geometry": {"type": "Polygon", "coordinates": [[[110.1727573, -7.5531515], [110.172717, -7.5531447], [110.172709, -7.5531885], [110.1727497, -7.5531963], [110.1727573, -7.5531515]]]}, "properties": {"OBJECTID_1": 166, "KETERANGAN": "Tempat Tinggal", "KET_DETAIL": "Rumah", "Luas_Ha": 0.0023, "NAMOBJ": "Tegalsari", "DUSUN": "Tegalsari"}}, {"type": "Feature", "geometry": {"type": "Polygon", "coordinates": [[[110.1728792, -7.5531604], [110.1728945, -7.5531177], [110.1729124, -7.5530155], [110.172818, -7.5529983], [110.1728067, -7.553051], [110.1727939, -7.5531041], [110.1727849, -7.5531414], [110.1728156, -7.5531499], [110.1728116, -7.5531659], [110.1728524, -7.5531744], [110.1728575, -7.5531564], [110.1728792, -7.5531604]]]}, "properties": {"OBJECTID_1": 167, "KETERANGAN": "Tempat Tinggal", "KET_DETAIL": "Rumah", "Luas_Ha": 0.0187, "NAMOBJ": "Tegalsari", "DUSUN": "Tegalsari"}}, {"type": "Feature", "geometry": {"type": "Polygon", "coordinates": [[[110.172787, -7.5531021], [110.1727993, -7.5530342], [110.1728073, -7.5530358], [110.1728137, -7.5529993], [110.1727582, -7.5529899], [110.1727376, -7.553093], [110.172787, -7.5531021]]]}, "properties": {"OBJECTID_1": 168, "KETERANGAN": "Tempat Tinggal", "KET_DETAIL": "Rumah", "Luas_Ha": 0.0067, "NAMOBJ": "Tegalsari", "DUSUN": "Tegalsari"}}, {"type": "Feature", "geometry": {"type": "Polygon", "coordinates": [[[110.1726485, -7.5530796], [110.1726504, -7.5530715], [110.1725729, -7.5530511], [110.1725472, -7.5531648], [110.1725446, -7.55318], [110.1726203, -7.5531981], [110.1726227, -7.5531882], [110.1726485, -7.5530796]]]}, "properties": {"OBJECTID_1": 169, "KETERANGAN": "Tempat Tinggal", "KET_DETAIL": "Rumah", "Luas_Ha": 0.0127, "NAMOBJ": "Tegalsari", "DUSUN": "Tegalsari"}}, {"type": "Feature", "geometry": {"type": "Polygon", "coordinates": [[[110.1726926, -7.5530923], [110.1726485, -7.5530796], [110.1726227, -7.5531882], [110.1726761, -7.5531974], [110.1726926, -7.5530923]]]}, "properties": {"OBJECTID_1": 170, "KETERANGAN": "Tempat Tinggal", "KET_DETAIL": "Rumah", "Luas_Ha": 0.0066, "NAMOBJ": "Tegalsari", "DUSUN": "Tegalsari"}}, {"type": "Feature", "geometry": {"type": "Polygon", "coordinates": [[[110.1725543, -7.5530797], [110.1725097, -7.5530682], [110.172486, -7.5531589], [110.1724833, -7.5531695], [110.1725342, -7.5531848], [110.1725589, -7.5530809], [110.1725543, -7.5530797]]]}, "properties": {"OBJECTID_1": 171, "KETERANGAN": "Tempat Tinggal", "KET_DETAIL": "Rumah", "Luas_Ha": 0.0067, "NAMOBJ": "Tegalsari", "DUSUN": "Tegalsari"}}, {"type": "Feature", "geometry": {"type": "Polygon", "coordinates": [[[110.1724807, -7.5530603], [110.1724566, -7.5530537], [110.1724396, -7.5531371], [110.1724371, -7.5531495], [110.172486, -7.5531589], [110.1725097, -7.5530682], [110.1724807, -7.5530603]]]}, "properties": {"OBJECTID_1": 172, "KETERANGAN": "Tempat Tinggal", "KET_DETAIL": "Rumah", "Luas_Ha": 0.0061, "NAMOBJ": "Tegalsari", "DUSUN": "Tegalsari"}}, {"type": "Feature", "geometry": {"type": "Polygon", "coordinates": [[[110.1724566, -7.5530537], [110.1724551, -7.5530486], [110.1723941, -7.5530367], [110.1723747, -7.5531246], [110.1724396, -7.5531371], [110.1724566, -7.5530537]]]}, "properties": {"OBJECTID_1": 173, "KETERANGAN": "Tempat Tinggal", "KET_DETAIL": "Rumah", "Luas_Ha": 0.0072, "NAMOBJ": "Tegalsari", "DUSUN": "Tegalsari"}}, {"type": "Feature", "geometry": {"type": "Polygon", "coordinates": [[[110.1731091, -7.5530533], [110.1731104, -7.5530105], [110.1729597, -7.5529907], [110.1729531, -7.553024], [110.1729851, -7.5530282], [110.1729828, -7.5530331], [110.1729983, -7.5530376], [110.173024, -7.5530423], [110.1731091, -7.5530533]]]}, "properties": {"OBJECTID_1": 174, "KETERANGAN": "Tempat Tinggal", "KET_DETAIL": "Rumah", "Luas_Ha": 0.0077, "NAMOBJ": "Tegalsari", "DUSUN": "Tegalsari"}}, {"type": "Feature", "geometry": {"type": "Polygon", "coordinates": [[[110.1729523, -7.552969], [110.1729964, -7.5529768], [110.1729991, -7.5529745], [110.1730825, -7.5529908], [110.1730885, -7.5529552], [110.1730813, -7.5529516], [110.173085, -7.5529369], [110.1730985, -7.5529389], [110.1731067, -7.5528949], [110.1730018, -7.5528763], [110.1729709, -7.5528709], [110.1729523, -7.552969]]]}, "properties": {"OBJECTID_1": 175, "KETERANGAN": "Tempat Tinggal", "KET_DETAIL": "Rumah", "Luas_Ha": 0.016, "NAMOBJ": "Tegalsari", "DUSUN": "Tegalsari"}}, {"type": "Feature", "geometry": {"type": "Polygon", "coordinates": [[[110.1729983, -7.5527535], [110.1729965, -7.5527598], [110.1729956, -7.5527595], [110.1729847, -7.5528096], [110.1729749, -7.5528425], [110.1730082, -7.55285], [110.1730025, -7.5528737], [110.1730878, -7.5528902], [110.1730925, -7.5528671], [110.1731134, -7.5528702], [110.1731318, -7.5527816], [110.1730332, -7.5527609], [110.1729983, -7.5527535]]]}, "properties": {"OBJECTID_1": 176, "KETERANGAN": "Tempat Tinggal", "KET_DETAIL": "Rumah", "Luas_Ha": 0.0181, "NAMOBJ": "Tegalsari", "DUSUN": "Tegalsari"}}, {"type": "Feature", "geometry": {"type": "Polygon", "coordinates": [[[110.172911, -7.5529627], [110.1729151, -7.5529284], [110.1728124, -7.5529108], [110.1727849, -7.5529074], [110.1727723, -7.5529672], [110.1729082, -7.5529854], [110.172911, -7.5529627]]]}, "properties": {"OBJECTID_1": 177, "KETERANGAN": "Tempat Tinggal", "KET_DETAIL": "Rumah", "Luas_Ha": 0.0098, "NAMOBJ": "Tegalsari", "DUSUN": "Tegalsari"}}, {"type": "Feature", "geometry": {"type": "Polygon", "coordinates": [[[110.1730086, -7.5526928], [110.1729952, -7.5526898], [110.1729839, -7.5527434], [110.1729998, -7.5527474], [110.1730179, -7.5527519], [110.1731325, -7.5527757], [110.1731424, -7.5527226], [110.1731347, -7.5527209], [110.1730086, -7.5526928]]]}, "properties": {"OBJECTID_1": 178, "KETERANGAN": "Tempat Tinggal", "KET_DETAIL": "Rumah", "Luas_Ha": 0.0101, "NAMOBJ": "Tegalsari", "DUSUN": "Tegalsari"}}, {"type": "Feature", "geometry": {"type": "Polygon", "coordinates": [[[110.1731347, -7.5527209], [110.1731433, -7.5526813], [110.1730161, -7.5526526], [110.1730086, -7.5526928], [110.1731347, -7.5527209]]]}, "properties": {"OBJECTID_1": 179, "KETERANGAN": "Tempat Tinggal", "KET_DETAIL": "Rumah", "Luas_Ha": 0.0064, "NAMOBJ": "Tegalsari", "DUSUN": "Tegalsari"}}, {"type": "Feature", "geometry": {"type": "Polygon", "coordinates": [[[110.1731729, -7.552679], [110.1731784, -7.5525925], [110.1731642, -7.5525878], [110.1731672, -7.5525586], [110.1731043, -7.5525457], [110.1730983, -7.5525816], [110.1730946, -7.5526035], [110.1730831, -7.5526652], [110.1731437, -7.5526763], [110.1731729, -7.552679]]]}, "properties": {"OBJECTID_1": 180, "KETERANGAN": "Tempat Tinggal", "KET_DETAIL": "Rumah", "Luas_Ha": 0.0118, "NAMOBJ": "Tegalsari", "DUSUN": "Tegalsari"}}, {"type": "Feature", "geometry": {"type": "Polygon", "coordinates": [[[110.1731012, -7.5525336], [110.1730461, -7.5525214], [110.1730389, -7.5525401], [110.1730194, -7.552537], [110.1729929, -7.5526231], [110.1729911, -7.5526289], [110.1730108, -7.5526373], [110.1730091, -7.5526489], [110.1730797, -7.5526643], [110.1730983, -7.5525816], [110.1731043, -7.5525457], [110.1731012, -7.5525336]]]}, "properties": {"OBJECTID_1": 181, "KETERANGAN": "Tempat Tinggal", "KET_DETAIL": "Rumah", "Luas_Ha": 0.0136, "NAMOBJ": "Tegalsari", "DUSUN": "Tegalsari"}}, {"type": "Feature", "geometry": {"type": "Polygon", "coordinates": [[[110.1729374, -7.5527259], [110.1727939, -7.5527014], [110.1727829, -7.55277], [110.1729272, -7.5527896], [110.1729374, -7.5527259]]]}, "properties": {"OBJECTID_1": 182, "KETERANGAN": "Tempat Tinggal", "KET_DETAIL": "Rumah", "Luas_Ha": 0.0119, "NAMOBJ": "Tegalsari", "DUSUN": "Tegalsari"}}, {"type": "Feature", "geometry": {"type": "Polygon", "coordinates": [[[110.1729236, -7.5526025], [110.1729383, -7.5525152], [110.1728301, -7.5524901], [110.1728114, -7.5525887], [110.1728153, -7.5525896], [110.1728805, -7.5526038], [110.1728862, -7.5525985], [110.1729236, -7.5526025]]]}, "properties": {"OBJECTID_1": 183, "KETERANGAN": "Tempat Tinggal", "KET_DETAIL": "Rumah", "Luas_Ha": 0.0132, "NAMOBJ": "Tegalsari", "DUSUN": "Tegalsari"}}, {"type": "Feature", "geometry": {"type": "Polygon", "coordinates": [[[110.1729236, -7.5526025], [110.1728862, -7.5525985], [110.1728805, -7.5526038], [110.1728153, -7.5525896], [110.1728054, -7.552633], [110.1728486, -7.5526439], [110.1728407, -7.5526802], [110.1729413, -7.5526931], [110.1729472, -7.5526793], [110.172988, -7.5526904], [110.1730018, -7.5526437], [110.1729852, -7.552635], [110.1729893, -7.5526231], [110.1729236, -7.5526025]]]}, "properties": {"OBJECTID_1": 184, "KETERANGAN": "Tempat Tinggal", "KET_DETAIL": "Rumah", "Luas_Ha": 0.0165, "NAMOBJ": "Tegalsari", "DUSUN": "Tegalsari"}}, {"type": "Feature", "geometry": {"type": "Polygon", "coordinates": [[[110.1725543, -7.5530797], [110.1725668, -7.5530353], [110.1725313, -7.5530221], [110.1725449, -7.5529742], [110.1723279, -7.5529027], [110.1723022, -7.5529688], [110.1723187, -7.5529792], [110.1723641, -7.5530068], [110.1724086, -7.553019], [110.1724041, -7.553028], [110.1724851, -7.5530527], [110.1724807, -7.5530603], [110.1725097, -7.5530682], [110.1725543, -7.5530797]]]}, "properties": {"OBJECTID_1": 185, "KETERANGAN": "Tempat Tinggal", "KET_DETAIL": "Rumah", "Luas_Ha": 0.0275, "NAMOBJ": "Tegalsari", "DUSUN": "Tegalsari"}}, {"type": "Feature", "geometry": {"type": "Polygon", "coordinates": [[[110.1727444, -7.5528009], [110.1727328, -7.5527943], [110.1727343, -7.5527623], [110.1726803, -7.5527464], [110.1726708, -7.552775], [110.1726838, -7.552779], [110.172664, -7.5528728], [110.1726689, -7.5528788], [110.1726637, -7.5528979], [110.1727031, -7.5529078], [110.1727191, -7.5529125], [110.1727444, -7.5528009]]]}, "properties": {"OBJECTID_1": 186, "KETERANGAN": "Tempat Tinggal", "KET_DETAIL": "Rumah", "Luas_Ha": 0.0112, "NAMOBJ": "Tegalsari", "DUSUN": "Tegalsari"}}, {"type": "Feature", "geometry": {"type": "Polygon", "coordinates": [[[110.1726708, -7.552775], [110.1726281, -7.5527685], [110.1725924, -7.5529048], [110.1726584, -7.552921], [110.1726637, -7.5528979], [110.1726689, -7.5528788], [110.172664, -7.5528728], [110.1726838, -7.552779], [110.1726708, -7.552775]]]}, "properties": {"OBJECTID_1": 187, "KETERANGAN": "Tempat Tinggal", "KET_DETAIL": "Rumah", "Luas_Ha": 0.0108, "NAMOBJ": "Tegalsari", "DUSUN": "Tegalsari"}}, {"type": "Feature", "geometry": {"type": "Polygon", "coordinates": [[[110.1724861, -7.5527923], [110.1724781, -7.5527904], [110.1724541, -7.5528603], [110.1725238, -7.5528824], [110.1725802, -7.5529003], [110.1726002, -7.5528196], [110.172597, -7.5528188], [110.1724861, -7.5527923]]]}, "properties": {"OBJECTID_1": 188, "KETERANGAN": "Tempat Tinggal", "KET_DETAIL": "Rumah", "Luas_Ha": 0.0123, "NAMOBJ": "Tegalsari", "DUSUN": "Tegalsari"}}, {"type": "Feature", "geometry": {"type": "Polygon", "coordinates": [[[110.1724541, -7.5528603], [110.1724328, -7.5528547], [110.1723813, -7.5528414], [110.1723595, -7.5529032], [110.1723586, -7.5529057], [110.172502, -7.5529477], [110.1725238, -7.5528824], [110.1724541, -7.5528603]]]}, "properties": {"OBJECTID_1": 189, "KETERANGAN": "Tempat Tinggal", "KET_DETAIL": "Rumah", "Luas_Ha": 0.0126, "NAMOBJ": "Tegalsari", "DUSUN": "Tegalsari"}}, {"type": "Feature", "geometry": {"type": "Polygon", "coordinates": [[[110.1724896, -7.5527749], [110.172436, -7.5527583], [110.1724173, -7.5528091], [110.1723514, -7.5527849], [110.1723206, -7.5528814], [110.1723205, -7.5528902], [110.1723315, -7.5528939], [110.1723595, -7.5529032], [110.1723813, -7.5528414], [110.1724328, -7.5528547], [110.1724541, -7.5528603], [110.1724781, -7.5527904], [110.1724861, -7.5527923], [110.1724896, -7.5527749]]]}, "properties": {"OBJECTID_1": 190, "KETERANGAN": "Tempat Tinggal", "KET_DETAIL": "Rumah", "Luas_Ha": 0.0132, "NAMOBJ": "Tegalsari", "DUSUN": "Tegalsari"}}, {"type": "Feature", "geometry": {"type": "Polygon", "coordinates": [[[110.1726068, -7.5527663], [110.1726132, -7.5527321], [110.1724608, -7.5526864], [110.1724417, -7.5527527], [110.17249, -7.5527684], [110.1724896, -7.5527749], [110.1724861, -7.5527923], [110.172597, -7.5528188], [110.1726068, -7.5527663]]]}, "properties": {"OBJECTID_1": 191, "KETERANGAN": "Tempat Tinggal", "KET_DETAIL": "Rumah", "Luas_Ha": 0.0168, "NAMOBJ": "Tegalsari", "DUSUN": "Tegalsari"}}, {"type": "Feature", "geometry": {"type": "Polygon", "coordinates": [[[110.1731499, -7.552522], [110.1731727, -7.5524336], [110.1730783, -7.5524101], [110.1730692, -7.5524312], [110.1730061, -7.5524202], [110.17299, -7.5524809], [110.1730497, -7.552497], [110.1731499, -7.552522]]]}, "properties": {"OBJECTID_1": 192, "KETERANGAN": "Tempat Tinggal", "KET_DETAIL": "Rumah", "Luas_Ha": 0.0163, "NAMOBJ": "Tegalsari", "DUSUN": "Tegalsari"}}, {"type": "Feature", "geometry": {"type": "Polygon", "coordinates": [[[110.1729905, -7.5523487], [110.1728605, -7.5522946], [110.1728285, -7.5523698], [110.1729565, -7.5524261], [110.1729905, -7.5523487]]]}, "properties": {"OBJECTID_1": 193, "KETERANGAN": "Peribadatan", "KET_DETAIL": "Masjid", "Luas_Ha": 0.0142, "NAMOBJ": "Tegalsari", "DUSUN": "Tegalsari"}}, {"type": "Feature", "geometry": {"type": "Polygon", "coordinates": [[[110.1730987, -7.5521789], [110.173069, -7.5521756], [110.173063, -7.5522381], [110.1730539, -7.5522366], [110.1730506, -7.5522602], [110.1730402, -7.5523359], [110.1731827, -7.5523522], [110.1731979, -7.55219], [110.1730987, -7.5521789]]]}, "properties": {"OBJECTID_1": 194, "KETERANGAN": "Tempat Tinggal", "KET_DETAIL": "Rumah", "Luas_Ha": 0.0272, "NAMOBJ": "Tegalsari", "DUSUN": "Tegalsari"}}, {"type": "Feature", "geometry": {"type": "Polygon", "coordinates": [[[110.1729758, -7.552223], [110.1728689, -7.5522106], [110.1728612, -7.5522584], [110.1728654, -7.5522656], [110.1728606, -7.5522872], [110.1729078, -7.5522945], [110.1729125, -7.5522778], [110.1729549, -7.5522809], [110.1729627, -7.5522525], [110.1729704, -7.552253], [110.1729758, -7.552223]]]}, "properties": {"OBJECTID_1": 195, "KETERANGAN": "Tempat Tinggal", "KET_DETAIL": "Rumah", "Luas_Ha": 0.0086, "NAMOBJ": "Tegalsari", "DUSUN": "Tegalsari"}}, {"type": "Feature", "geometry": {"type": "Polygon", "coordinates": [[[110.1729938, -7.5521715], [110.1728857, -7.5521562], [110.1728804, -7.5522067], [110.1729858, -7.5522204], [110.1729938, -7.5521715]]]}, "properties": {"OBJECTID_1": 196, "KETERANGAN": "Tempat Tinggal", "KET_DETAIL": "Rumah", "Luas_Ha": 0.0066, "NAMOBJ": "Tegalsari", "DUSUN": "Tegalsari"}}, {"type": "Feature", "geometry": {"type": "Polygon", "coordinates": [[[110.1730021, -7.5521109], [110.1730045, -7.5520845], [110.1729007, -7.5520719], [110.1728988, -7.5521035], [110.1728934, -7.5521036], [110.1728851, -7.5521512], [110.1729969, -7.5521681], [110.1730021, -7.5521109]]]}, "properties": {"OBJECTID_1": 197, "KETERANGAN": "Tempat Tinggal", "KET_DETAIL": "Rumah", "Luas_Ha": 0.0109, "NAMOBJ": "Tegalsari", "DUSUN": "Tegalsari"}}, {"type": "Feature", "geometry": {"type": "Polygon", "coordinates": [[[110.1731021, -7.5521167], [110.1730121, -7.552104], [110.1730032, -7.552159], [110.1729865, -7.55225], [110.1730506, -7.5522602], [110.1730539, -7.5522366], [110.173063, -7.5522381], [110.173069, -7.5521756], [110.1730987, -7.5521789], [110.1731021, -7.5521167]]]}, "properties": {"OBJECTID_1": 198, "KETERANGAN": "Tempat Tinggal", "KET_DETAIL": "Rumah", "Luas_Ha": 0.0144, "NAMOBJ": "Tegalsari", "DUSUN": "Tegalsari"}}, {"type": "Feature", "geometry": {"type": "Polygon", "coordinates": [[[110.172718, -7.5523646], [110.1727292, -7.5523256], [110.1726375, -7.5522978], [110.1726127, -7.5523866], [110.1726617, -7.5524002], [110.1726704, -7.5523751], [110.1727112, -7.5523887], [110.172718, -7.5523646]]]}, "properties": {"OBJECTID_1": 199, "KETERANGAN": "Tempat Tinggal", "KET_DETAIL": "Rumah", "Luas_Ha": 0.0093, "NAMOBJ": "Tegalsari", "DUSUN": "Tegalsari"}}, {"type": "Feature", "geometry": {"type": "Polygon", "coordinates": [[[110.1726729, -7.5522671], [110.1726889, -7.5521991], [110.1725506, -7.5521567], [110.172515, -7.5522372], [110.1725068, -7.5522553], [110.1725427, -7.5522717], [110.1725038, -7.5523722], [110.1725488, -7.5523866], [110.1725875, -7.5523989], [110.172637, -7.5522586], [110.1726729, -7.5522671]]]}, "properties": {"OBJECTID_1": 200, "KETERANGAN": "Tempat Tinggal", "KET_DETAIL": "Rumah", "Luas_Ha": 0.0305, "NAMOBJ": "Tegalsari", "DUSUN": "Tegalsari"}}, {"type": "Feature", "geometry": {"type": "Polygon", "coordinates": [[[110.1734625, -7.5514819], [110.173382, -7.5514461], [110.1733443, -7.5515244], [110.1733233, -7.5515132], [110.1733014, -7.5515579], [110.1733245, -7.5515686], [110.173319, -7.5515868], [110.1734006, -7.5516208], [110.1734014, -7.5516189], [110.1734625, -7.5514819]]]}, "properties": {"OBJECTID_1": 201, "KETERANGAN": "Tempat Tinggal", "KET_DETAIL": "Rumah", "Luas_Ha": 0.0182, "NAMOBJ": "Tegalsari", "DUSUN": "Tegalsari"}}, {"type": "Feature", "geometry": {"type": "Polygon", "coordinates": [[[110.1734925, -7.5516559], [110.173502, -7.5516594], [110.1735533, -7.551538], [110.1735758, -7.5514755], [110.1735026, -7.5514472], [110.1734928, -7.5514662], [110.1734818, -7.5514876], [110.1734625, -7.5514819], [110.1734014, -7.5516189], [110.1734094, -7.5516248], [110.1734925, -7.5516559]]]}, "properties": {"OBJECTID_1": 202, "KETERANGAN": "Tempat Tinggal", "KET_DETAIL": "Rumah", "Luas_Ha": 0.0245, "NAMOBJ": "Tegalsari", "DUSUN": "Tegalsari"}}, {"type": "Feature", "geometry": {"type": "Polygon", "coordinates": [[[110.1735432, -7.5513668], [110.1735136, -7.5513533], [110.1734931, -7.5513439], [110.1734019, -7.5513025], [110.1733668, -7.5513759], [110.1734505, -7.5514233], [110.1734929, -7.551438], [110.1735128, -7.5514449], [110.1735432, -7.5513668]]]}, "properties": {"OBJECTID_1": 203, "KETERANGAN": "Tempat Tinggal", "KET_DETAIL": "Rumah", "Luas_Ha": 0.0166, "NAMOBJ": "Tegalsari", "DUSUN": "Tegalsari"}}, {"type": "Feature", "geometry": {"type": "Polygon", "coordinates": [[[110.1730359, -7.5516777], [110.1729751, -7.5516745], [110.172971, -7.5517422], [110.1729531, -7.5517432], [110.1729438, -7.5518625], [110.1729689, -7.551864], [110.172966, -7.551892], [110.1729922, -7.5518961], [110.1729904, -7.5519044], [110.1730326, -7.5519089], [110.1730469, -7.5516842], [110.1730473, -7.5516783], [110.1730359, -7.5516777]]]}, "properties": {"OBJECTID_1": 204, "KETERANGAN": "Tempat Tinggal", "KET_DETAIL": "Rumah", "Luas_Ha": 0.0224, "NAMOBJ": "Tegalsari", "DUSUN": "Tegalsari"}}, {"type": "Feature", "geometry": {"type": "Polygon", "coordinates": [[[110.1729686, -7.5516727], [110.17283, -7.5516573], [110.1728238, -7.5517055], [110.1729466, -7.5517247], [110.1729615, -7.5517254], [110.1729686, -7.5516727]]]}, "properties": {"OBJECTID_1": 205, "KETERANGAN": "Tempat Tinggal", "KET_DETAIL": "Rumah", "Luas_Ha": 0.0088, "NAMOBJ": "Tegalsari", "DUSUN": "Tegalsari"}}, {"type": "Feature", "geometry": {"type": "Polygon", "coordinates": [[[110.1729466, -7.5517247], [110.1728238, -7.5517055], [110.1728153, -7.5517058], [110.1728085, -7.551758], [110.1728222, -7.551759], [110.1729285, -7.5517665], [110.1729409, -7.5517673], [110.1729466, -7.5517247]]]}, "properties": {"OBJECTID_1": 206, "KETERANGAN": "Tempat Tinggal", "KET_DETAIL": "Rumah", "Luas_Ha": 0.0079, "NAMOBJ": "Tegalsari", "DUSUN": "Tegalsari"}}, {"type": "Feature", "geometry": {"type": "Polygon", "coordinates": [[[110.1729285, -7.5517665], [110.1728222, -7.551759], [110.1728174, -7.5518075], [110.1728429, -7.5518109], [110.1728374, -7.5518696], [110.1728519, -7.5518706], [110.1729214, -7.5518755], [110.1729285, -7.5517665]]]}, "properties": {"OBJECTID_1": 207, "KETERANGAN": "Tempat Tinggal", "KET_DETAIL": "Rumah", "Luas_Ha": 0.0126, "NAMOBJ": "Tegalsari", "DUSUN": "Tegalsari"}}, {"type": "Feature", "geometry": {"type": "Polygon", "coordinates": [[[110.1729771, -7.5515617], [110.172978, -7.5515542], [110.1728379, -7.5515397], [110.1728333, -7.5515856], [110.1728093, -7.5515846], [110.1728008, -7.5516386], [110.1728311, -7.5516421], [110.1729651, -7.5516577], [110.1729652, -7.5516577], [110.1729711, -7.5516098], [110.1729771, -7.5515617]]]}, "properties": {"OBJECTID_1": 208, "KETERANGAN": "Tempat Tinggal", "KET_DETAIL": "Rumah", "Luas_Ha": 0.0193, "NAMOBJ": "Tegalsari", "DUSUN": "Tegalsari"}}, {"type": "Feature", "geometry": {"type": "Polygon", "coordinates": [[[110.1729727, -7.5514915], [110.1728872, -7.5514791], [110.1728772, -7.5515356], [110.1729684, -7.5515472], [110.1729727, -7.5514915]]]}, "properties": {"OBJECTID_1": 209, "KETERANGAN": "Tempat Tinggal", "KET_DETAIL": "Rumah", "Luas_Ha": 0.0061, "NAMOBJ": "Tegalsari", "DUSUN": "Tegalsari"}}, {"type": "Feature", "geometry": {"type": "Polygon", "coordinates": [[[110.1732301, -7.5515914], [110.1730681, -7.551553], [110.1730606, -7.5515763], [110.1730386, -7.55157], [110.1729771, -7.5515617], [110.1729711, -7.5516098], [110.1730238, -7.551618], [110.1730237, -7.5516374], [110.1730451, -7.5516426], [110.1730359, -7.5516777], [110.1730473, -7.5516783], [110.1730469, -7.5516842], [110.1730493, -7.5516842], [110.1731452, -7.551706], [110.1731497, -7.5516758], [110.1732059, -7.5516889], [110.1732301, -7.5515914]]]}, "properties": {"OBJECTID_1": 210, "KETERANGAN": "Tempat Tinggal", "KET_DETAIL": "Rumah", "Luas_Ha": 0.0302, "NAMOBJ": "Tegalsari", "DUSUN": "Tegalsari"}}, {"type": "Feature", "geometry": {"type": "Polygon", "coordinates": [[[110.173064, -7.5514786], [110.1730061, -7.5514671], [110.1729906, -7.5515511], [110.1730609, -7.5515664], [110.1730654, -7.5515444], [110.1731492, -7.5515668], [110.1731661, -7.5514988], [110.173064, -7.5514786]]]}, "properties": {"OBJECTID_1": 211, "KETERANGAN": "Tempat Tinggal", "KET_DETAIL": "Rumah", "Luas_Ha": 0.0149, "NAMOBJ": "Tegalsari", "DUSUN": "Tegalsari"}}, {"type": "Feature", "geometry": {"type": "Polygon", "coordinates": [[[110.1732727, -7.5513974], [110.1731682, -7.5513786], [110.1731585, -7.5514262], [110.1731434, -7.5514232], [110.1731469, -7.5513981], [110.1730872, -7.551384], [110.1730645, -7.5514757], [110.1730647, -7.5514757], [110.1731766, -7.5514991], [110.1732501, -7.5515128], [110.1732727, -7.5513974]]]}, "properties": {"OBJECTID_1": 212, "KETERANGAN": "Tempat Tinggal", "KET_DETAIL": "Rumah", "Luas_Ha": 0.0239, "NAMOBJ": "Tegalsari", "DUSUN": "Tegalsari"}}, {"type": "Feature", "geometry": {"type": "Polygon", "coordinates": [[[110.1728247, -7.5514447], [110.172855, -7.5514508], [110.1728553, -7.551432], [110.1729532, -7.5514419], [110.1729587, -7.5513723], [110.1728361, -7.5513562], [110.1728247, -7.5514447]]]}, "properties": {"OBJECTID_1": 213, "KETERANGAN": "Tempat Tinggal", "KET_DETAIL": "Rumah", "Luas_Ha": 0.0116, "NAMOBJ": "Tegalsari", "DUSUN": "Tegalsari"}}, {"type": "Feature", "geometry": {"type": "Polygon", "coordinates": [[[110.1732885, -7.5513134], [110.1732684, -7.5513096], [110.1732741, -7.5512852], [110.173244, -7.551277], [110.1732343, -7.5512743], [110.1732253, -7.551299], [110.1732194, -7.5512993], [110.1732044, -7.5513721], [110.1732746, -7.5513841], [110.1732885, -7.5513134]]]}, "properties": {"OBJECTID_1": 214, "KETERANGAN": "Tempat Tinggal", "KET_DETAIL": "Rumah", "Luas_Ha": 0.0077, "NAMOBJ": "Tegalsari", "DUSUN": "Tegalsari"}}, {"type": "Feature", "geometry": {"type": "Polygon", "coordinates": [[[110.1731831, -7.5512596], [110.1731082, -7.5512493], [110.1731038, -7.5512723], [110.1731105, -7.5512741], [110.1730974, -7.5513402], [110.1730971, -7.5513605], [110.1731654, -7.551372], [110.1731831, -7.5512596]]]}, "properties": {"OBJECTID_1": 215, "KETERANGAN": "Tempat Tinggal", "KET_DETAIL": "Rumah", "Luas_Ha": 0.0099, "NAMOBJ": "Tegalsari", "DUSUN": "Tegalsari"}}, {"type": "Feature", "geometry": {"type": "Polygon", "coordinates": [[[110.1730954, -7.5512557], [110.1730999, -7.5512292], [110.173012, -7.5512091], [110.1730089, -7.5512351], [110.1730033, -7.5512358], [110.1729966, -7.5512674], [110.1729828, -7.5513328], [110.1730712, -7.5513532], [110.1730954, -7.5512557]]]}, "properties": {"OBJECTID_1": 216, "KETERANGAN": "Tempat Tinggal", "KET_DETAIL": "Rumah", "Luas_Ha": 0.0142, "NAMOBJ": "Tegalsari", "DUSUN": "Tegalsari"}}, {"type": "Feature", "geometry": {"type": "Polygon", "coordinates": [[[110.1728347, -7.5513407], [110.172955, -7.5513584], [110.1729653, -7.5512689], [110.1728433, -7.5512591], [110.1728381, -7.5513086], [110.1728347, -7.5513407]]]}, "properties": {"OBJECTID_1": 217, "KETERANGAN": "Tempat Tinggal", "KET_DETAIL": "Rumah", "Luas_Ha": 0.0128, "NAMOBJ": "Tegalsari", "DUSUN": "Tegalsari"}}, {"type": "Feature", "geometry": {"type": "Polygon", "coordinates": [[[110.1719921, -7.551313], [110.1720278, -7.5513261], [110.1720103, -7.5513549], [110.1720423, -7.5513694], [110.1720697, -7.5513818], [110.1721122, -7.5512932], [110.1721245, -7.5512676], [110.1720806, -7.551245], [110.1720701, -7.551265], [110.1720345, -7.5512499], [110.1720242, -7.5512455], [110.171998, -7.5513007], [110.1719921, -7.551313]]]}, "properties": {"OBJECTID_1": 218, "KETERANGAN": "Tempat Tinggal", "KET_DETAIL": "Rumah", "Luas_Ha": 0.0128, "NAMOBJ": "Tegalsari", "DUSUN": "Tegalsari"}}, {"type": "Feature", "geometry": {"type": "Polygon", "coordinates": [[[110.1726696, -7.5512853], [110.1726057, -7.551275], [110.1725901, -7.551386], [110.1725912, -7.5514753], [110.1725283, -7.5515952], [110.172587, -7.5516566], [110.1726159, -7.5516609], [110.1726212, -7.5518443], [110.1726607, -7.5518967], [110.1726504, -7.5519554], [110.1726491, -7.5519911], [110.1726797, -7.5520192], [110.1727168, -7.5520423], [110.1727525, -7.552064], [110.1728088, -7.552059], [110.1728549, -7.5520489], [110.1728666, -7.5520485], [110.1728614, -7.5519992], [110.1728321, -7.5518957], [110.1728169, -7.5518612], [110.172794, -7.5517718], [110.1727865, -7.551708], [110.1727844, -7.5516705], [110.172784, -7.5516621], [110.1727919, -7.5515549], [110.1728087, -7.551463], [110.1728247, -7.5514447], [110.1728361, -7.5513562], [110.1728347, -7.5513407], [110.1728381, -7.5513086], [110.1728128, -7.5513047], [110.1727105, -7.5512905], [110.1726696, -7.5512853]]]}, "properties": {"OBJECTID_1": 219, "KETERANGAN": "Perkebunan", "KET_DETAIL": "", "Luas_Ha": 0.1924, "NAMOBJ": "Tegalsari", "DUSUN": "Tegalsari"}}, {"type": "Feature", "geometry": {"type": "Polygon", "coordinates": [[[110.1730872, -7.551384], [110.1730061, -7.5513702], [110.1730061, -7.5514671], [110.173064, -7.5514786], [110.1730647, -7.5514757], [110.1730645, -7.5514757], [110.1730872, -7.551384]]]}, "properties": {"OBJECTID_1": 220, "KETERANGAN": "Vegetasi Non Budidaya Lainnya", "KET_DETAIL": "", "Luas_Ha": 0.0083, "NAMOBJ": "Tegalsari", "DUSUN": "Tegalsari"}}, {"type": "Feature", "geometry": {"type": "Polygon", "coordinates": [[[110.1730359, -7.5516777], [110.1730451, -7.5516426], [110.1730237, -7.5516374], [110.1730238, -7.551618], [110.1729711, -7.5516098], [110.1729652, -7.5516577], [110.1729651, -7.5516577], [110.1728311, -7.5516421], [110.17283, -7.5516573], [110.1729686, -7.5516727], [110.1729751, -7.5516745], [110.1730359, -7.5516777]]]}, "properties": {"OBJECTID_1": 221, "KETERANGAN": "Pekarangan", "KET_DETAIL": "", "Luas_Ha": 0.0075, "NAMOBJ": "Tegalsari", "DUSUN": "Tegalsari"}}, {"type": "Feature", "geometry": {"type": "Polygon", "coordinates": [[[110.1728311, -7.5516421], [110.1728008, -7.5516386], [110.172784, -7.5516621], [110.1727844, -7.5516705], [110.1727865, -7.551708], [110.1728153, -7.5517058], [110.1728238, -7.5517055], [110.17283, -7.5516573], [110.1728311, -7.5516421]]]}, "properties": {"OBJECTID_1": 222, "KETERANGAN": "Vegetasi Non Budidaya Lainnya", "KET_DETAIL": "", "Luas_Ha": 0.0033, "NAMOBJ": "Tegalsari", "DUSUN": "Tegalsari"}}, {"type": "Feature", "geometry": {"type": "Polygon", "coordinates": [[[110.1728222, -7.551759], [110.1728085, -7.551758], [110.1728153, -7.5517058], [110.1727865, -7.551708], [110.172794, -7.5517718], [110.1728169, -7.5518612], [110.1728321, -7.5518957], [110.1728519, -7.5518706], [110.1728374, -7.5518696], [110.1728429, -7.5518109], [110.1728174, -7.5518075], [110.1728222, -7.551759]]]}, "properties": {"OBJECTID_1": 223, "KETERANGAN": "Pekarangan", "KET_DETAIL": "", "Luas_Ha": 0.0054, "NAMOBJ": "Tegalsari", "DUSUN": "Tegalsari"}}, {"type": "Feature", "geometry": {"type": "Polygon", "coordinates": [[[110.1729214, -7.5518755], [110.1728519, -7.5518706], [110.1728321, -7.5518957], [110.1728614, -7.5519992], [110.1728857, -7.5519915], [110.172896, -7.5519622], [110.1729113, -7.551952], [110.1729127, -7.5519188], [110.1729214, -7.5518755]]]}, "properties": {"OBJECTID_1": 224, "KETERANGAN": "Vegetasi Non Budidaya Lainnya", "KET_DETAIL": "", "Luas_Ha": 0.0093, "NAMOBJ": "Tegalsari", "DUSUN": "Tegalsari"}}, {"type": "Feature", "geometry": {"type": "Polygon", "coordinates": [[[110.1732059, -7.5516889], [110.1731497, -7.5516758], [110.1731452, -7.551706], [110.1730493, -7.5516842], [110.1730469, -7.5516842], [110.1730326, -7.5519089], [110.1730495, -7.5519408], [110.1730544, -7.5520365], [110.1730569, -7.5520799], [110.1731183, -7.5520852], [110.1731605, -7.5520852], [110.1731617, -7.5521082], [110.173131, -7.5521196], [110.1731021, -7.5521167], [110.1730987, -7.5521789], [110.1731979, -7.55219], [110.1731827, -7.5523522], [110.1732098, -7.5523699], [110.1732151, -7.5523718], [110.1732157, -7.5523605], [110.1732195, -7.5523473], [110.173222, -7.5523213], [110.1732267, -7.5522947], [110.1732289, -7.5522712], [110.1732324, -7.5522348], [110.1732294, -7.5521568], [110.1732232, -7.5520675], [110.1732131, -7.5520151], [110.1732017, -7.5519424], [110.1731865, -7.5518543], [110.1731931, -7.5517522], [110.1732059, -7.5516889]]]}, "properties": {"OBJECTID_1": 225, "KETERANGAN": "Kebun Campur", "KET_DETAIL": "", "Luas_Ha": 0.0961, "NAMOBJ": "Tegalsari", "DUSUN": "Tegalsari"}}, {"type": "Feature", "geometry": {"type": "Polygon", "coordinates": [[[110.1726729, -7.5522671], [110.172637, -7.5522586], [110.1725875, -7.5523989], [110.1725488, -7.5523866], [110.1725344, -7.5524261], [110.1725805, -7.5524211], [110.1726201, -7.5524429], [110.1726648, -7.5524634], [110.1727134, -7.552443], [110.1727965, -7.5524534], [110.1728149, -7.5523647], [110.1727482, -7.5523435], [110.1727417, -7.5523678], [110.172718, -7.5523646], [110.1727112, -7.5523887], [110.1726704, -7.5523751], [110.1726617, -7.5524002], [110.1726127, -7.5523866], [110.1726375, -7.5522978], [110.1726729, -7.5522671]]]}, "properties": {"OBJECTID_1": 226, "KETERANGAN": "Pekarangan", "KET_DETAIL": "", "Luas_Ha": 0.0244, "NAMOBJ": "Tegalsari", "DUSUN": "Tegalsari"}}, {"type": "Feature", "geometry": {"type": "Polygon", "coordinates": [[[110.172056, -7.5531195], [110.172088, -7.5530826], [110.1720548, -7.553057], [110.1720741, -7.5530328], [110.1721882, -7.5529041], [110.1722482, -7.5529233], [110.1722867, -7.5528609], [110.172228, -7.5528237], [110.1721357, -7.5528976], [110.1720986, -7.5528911], [110.1719769, -7.5529892], [110.171943, -7.5530254], [110.1720055, -7.5530775], [110.172056, -7.5531195]]]}, "properties": {"OBJECTID_1": 227, "KETERANGAN": "Pekarangan", "KET_DETAIL": "", "Luas_Ha": 0.0367, "NAMOBJ": "Tegalsari", "DUSUN": "Tegalsari"}}, {"type": "Feature", "geometry": {"type": "Polygon", "coordinates": [[[110.1729751, -7.5516745], [110.1729686, -7.5516727], [110.1729615, -7.5517254], [110.1729466, -7.5517247], [110.1729409, -7.5517673], [110.1729285, -7.5517665], [110.1729214, -7.5518755], [110.1729127, -7.5519188], [110.1729113, -7.551952], [110.172896, -7.5519622], [110.1728857, -7.5519915], [110.1728614, -7.5519992], [110.1728666, -7.5520485], [110.1728689, -7.5520706], [110.172834, -7.5522722], [110.1728149, -7.5523647], [110.1727965, -7.5524534], [110.17299, -7.5524809], [110.1730061, -7.5524202], [110.1730692, -7.5524312], [110.1730783, -7.5524101], [110.1731727, -7.5524336], [110.1731499, -7.552522], [110.1731916, -7.5525231], [110.1732081, -7.5524392], [110.1732141, -7.5523914], [110.1732151, -7.5523718], [110.1732098, -7.5523699], [110.1731827, -7.5523522], [110.1730402, -7.5523359], [110.1730506, -7.5522602], [110.1729865, -7.55225], [110.1730032, -7.552159], [110.1730121, -7.552104], [110.1731021, -7.5521167], [110.173131, -7.5521196], [110.1731617, -7.5521082], [110.1731605, -7.5520852], [110.1731183, -7.5520852], [110.1730569, -7.5520799], [110.1730544, -7.5520365], [110.1730495, -7.5519408], [110.1730326, -7.5519089], [110.1729904, -7.5519044], [110.1729922, -7.5518961], [110.172966, -7.551892], [110.1729689, -7.551864], [110.1729438, -7.5518625], [110.1729531, -7.5517432], [110.172971, -7.5517422], [110.1729751, -7.5516745]], [[110.1730021, -7.5521109], [110.1729969, -7.5521681], [110.1728851, -7.5521512], [110.1728934, -7.5521036], [110.1728988, -7.5521035], [110.1729007, -7.5520719], [110.1730045, -7.5520845], [110.1730021, -7.5521109]], [[110.1729938, -7.5521715], [110.1729858, -7.5522204], [110.1728804, -7.5522067], [110.1728857, -7.5521562], [110.1729938, -7.5521715]], [[110.1729758, -7.552223], [110.1729704, -7.552253], [110.1729627, -7.5522525], [110.1729549, -7.5522809], [110.1729125, -7.5522778], [110.1729078, -7.5522945], [110.1728606, -7.5522872], [110.1728654, -7.5522656], [110.1728612, -7.5522584], [110.1728689, -7.5522106], [110.1729758, -7.552223]], [[110.1729905, -7.5523487], [110.1729565, -7.5524261], [110.1728285, -7.5523698], [110.1728605, -7.5522946], [110.1729905, -7.5523487]]]}, "properties": {"OBJECTID_1": 228, "KETERANGAN": "Pekarangan", "KET_DETAIL": "", "Luas_Ha": 0.1162, "NAMOBJ": "Tegalsari", "DUSUN": "Tegalsari"}}, {"type": "Feature", "geometry": {"type": "Polygon", "coordinates": [[[110.1731729, -7.552679], [110.1731437, -7.5526763], [110.1730831, -7.5526652], [110.1730946, -7.5526035], [110.1730983, -7.5525816], [110.1730797, -7.5526643], [110.1730091, -7.5526489], [110.1730108, -7.5526373], [110.1729911, -7.5526289], [110.1729929, -7.5526231], [110.1729893, -7.5526231], [110.1729852, -7.552635], [110.1730018, -7.5526437], [110.172988, -7.5526904], [110.1729472, -7.5526793], [110.1729413, -7.5526931], [110.1728407, -7.5526802], [110.1728486, -7.5526439], [110.1728054, -7.552633], [110.1727673, -7.5527171], [110.1727444, -7.5528009], [110.1727191, -7.5529125], [110.1727031, -7.5529078], [110.1726637, -7.5528979], [110.1726584, -7.552921], [110.1725924, -7.5529048], [110.1726281, -7.5527685], [110.1726068, -7.5527663], [110.172597, -7.5528188], [110.1726002, -7.5528196], [110.1725802, -7.5529003], [110.1725238, -7.5528824], [110.172502, -7.5529477], [110.1723586, -7.5529057], [110.1723595, -7.5529032], [110.1723315, -7.5528939], [110.1723279, -7.5529027], [110.1725449, -7.5529742], [110.1725313, -7.5530221], [110.1725668, -7.5530353], [110.1725543, -7.5530797], [110.1725589, -7.5530809], [110.1725342, -7.5531848], [110.1724833, -7.5531695], [110.172486, -7.5531589], [110.1724371, -7.5531495], [110.1724396, -7.5531371], [110.1723747, -7.5531246], [110.1723631, -7.5531361], [110.1724712, -7.5531669], [110.1724686, -7.5531758], [110.172473, -7.5531776], [110.1725638, -7.5532034], [110.1726296, -7.5532223], [110.172621, -7.5532732], [110.1726433, -7.5532811], [110.1726351, -7.5533072], [110.1726505, -7.5533095], [110.1726403, -7.553342], [110.1726195, -7.5533414], [110.1726139, -7.553351], [110.1725984, -7.553347], [110.1725908, -7.5533523], [110.1727623, -7.5533798], [110.1729415, -7.5533979], [110.1730083, -7.5534111], [110.1730292, -7.5534105], [110.1730425, -7.5534084], [110.173066, -7.5534039], [110.1730785, -7.5534012], [110.1730917, -7.5533994], [110.1730966, -7.5533953], [110.1730982, -7.5533927], [110.1731001, -7.5533866], [110.173093, -7.5532653], [110.1729939, -7.5532497], [110.1729962, -7.5532382], [110.1729664, -7.5532339], [110.1729735, -7.5531814], [110.1728792, -7.5531604], [110.1728575, -7.5531564], [110.1728524, -7.5531744], [110.1728116, -7.5531659], [110.1728156, -7.5531499], [110.1727849, -7.5531414], [110.1727939, -7.5531041], [110.172787, -7.5531021], [110.1727376, -7.553093], [110.1726926, -7.5530923], [110.1726761, -7.5531974], [110.1726227, -7.5531882], [110.1726203, -7.5531981], [110.1725446, -7.55318], [110.1725472, -7.5531648], [110.1725729, -7.5530511], [110.1725831, -7.5530286], [110.1725819, -7.5530044], [110.1726203, -7.5529917], [110.1726395, -7.5529687], [110.1726677, -7.5529752], [110.1726881, -7.5529625], [110.1727149, -7.5529583], [110.1727723, -7.5529672], [110.1727849, -7.5529074], [110.1728124, -7.5529108], [110.1729151, -7.5529284], [110.172911, -7.5529627], [110.1729523, -7.552969], [110.1729709, -7.5528709], [110.1730018, -7.5528763], [110.1731067, -7.5528949], [110.1730985, -7.5529389], [110.173085, -7.5529369], [110.1730813, -7.5529516], [110.1730885, -7.5529552], [110.1730825, -7.5529908], [110.1729991, -7.5529745], [110.1729964, -7.5529768], [110.1729523, -7.552969], [110.1729597, -7.5529907], [110.1731104, -7.5530105], [110.1731091, -7.5530533], [110.1731369, -7.5530501], [110.1731706, -7.5527025], [110.1731729, -7.552679]], [[110.1730086, -7.5526928], [110.1730161, -7.5526526], [110.1731433, -7.5526813], [110.1731347, -7.5527209], [110.1731424, -7.5527226], [110.1731325, -7.5527757], [110.1730179, -7.5527519], [110.1729998, -7.5527474], [110.1729839, -7.5527434], [110.1729952, -7.5526898], [110.1730086, -7.5526928]], [[110.1729983, -7.5527535], [110.1730332, -7.5527609], [110.1731318, -7.5527816], [110.1731134, -7.5528702], [110.1730925, -7.5528671], [110.1730878, -7.5528902], [110.1730025, -7.5528737], [110.1730082, -7.55285], [110.1729749, -7.5528425], [110.1729847, -7.5528096], [110.1729956, -7.5527595], [110.1729965, -7.5527598], [110.1729983, -7.5527535]], [[110.1729374, -7.5527259], [110.1729272, -7.5527896], [110.1727829, -7.55277], [110.1727939, -7.5527014], [110.1729374, -7.5527259]], [[110.1728964, -7.5532709], [110.1728842, -7.5533383], [110.1728802, -7.5533377], [110.1728731, -7.5533855], [110.1728044, -7.5533721], [110.1728084, -7.5533474], [110.1727834, -7.5533417], [110.1727829, -7.5533181], [110.1727883, -7.5532853], [110.1727559, -7.5532796], [110.1727496, -7.5533296], [110.1727125, -7.5533236], [110.1727193, -7.5532658], [110.1727255, -7.5532125], [110.1728965, -7.5532411], [110.1728921, -7.5532695], [110.1728964, -7.5532709]], [[110.1730608, -7.5532998], [110.1730562, -7.5533414], [110.173045, -7.55334], [110.1730325, -7.5533695], [110.1729495, -7.5533541], [110.1729466, -7.553369], [110.1729041, -7.5533611], [110.1729239, -7.5532628], [110.1730468, -7.553283], [110.1730473, -7.5532964], [110.1730608, -7.5532998]], [[110.1727573, -7.5531515], [110.1727497, -7.5531963], [110.172709, -7.5531885], [110.172717, -7.5531447], [110.1727573, -7.5531515]]]}, "properties": {"OBJECTID_1": 229, "KETERANGAN": "Pekarangan", "KET_DETAIL": "", "Luas_Ha": 0.2011, "NAMOBJ": "Tegalsari", "DUSUN": "Tegalsari"}}, {"type": "Feature", "geometry": {"type": "Polygon", "coordinates": [[[110.1730461, -7.5525214], [110.173007, -7.5525152], [110.1729428, -7.5525003], [110.1729032, -7.5524911], [110.1727917, -7.5524806], [110.1728301, -7.5524901], [110.1729383, -7.5525152], [110.1729236, -7.5526025], [110.1729893, -7.5526231], [110.1729929, -7.5526231], [110.1730194, -7.552537], [110.1730389, -7.5525401], [110.1730461, -7.5525214]]]}, "properties": {"OBJECTID_1": 230, "KETERANGAN": "Lahan Terbuka (Tanah Kosong)", "KET_DETAIL": "", "Luas_Ha": 0.0126, "NAMOBJ": "Tegalsari", "DUSUN": "Tegalsari"}}, {"type": "Feature", "geometry": {"type": "Polygon", "coordinates": [[[110.1731706, -7.5527025], [110.1731779, -7.5526688], [110.1731898, -7.5526031], [110.1731941, -7.5525563], [110.1731728, -7.5525499], [110.173134, -7.5525389], [110.1731012, -7.5525336], [110.1731043, -7.5525457], [110.1731672, -7.5525586], [110.1731642, -7.5525878], [110.1731784, -7.5525925], [110.1731729, -7.552679], [110.1731706, -7.5527025]]]}, "properties": {"OBJECTID_1": 231, "KETERANGAN": "Pekarangan", "KET_DETAIL": "", "Luas_Ha": 0.0031, "NAMOBJ": "Tegalsari", "DUSUN": "Tegalsari"}}, {"type": "Feature", "geometry": {"type": "Polygon", "coordinates": [[[110.1727723, -7.5529672], [110.1727149, -7.5529583], [110.1726881, -7.5529625], [110.1726677, -7.5529752], [110.1726395, -7.5529687], [110.1726203, -7.5529917], [110.1725819, -7.5530044], [110.1725831, -7.5530286], [110.1725729, -7.5530511], [110.1726504, -7.5530715], [110.1726485, -7.5530796], [110.1726926, -7.5530923], [110.1727376, -7.553093], [110.1727582, -7.5529899], [110.1728137, -7.5529993], [110.1728073, -7.5530358], [110.1727993, -7.5530342], [110.172787, -7.5531021], [110.1727939, -7.5531041], [110.1728067, -7.553051], [110.172818, -7.5529983], [110.1729124, -7.5530155], [110.1728945, -7.5531177], [110.1728792, -7.5531604], [110.1729735, -7.5531814], [110.1731035, -7.5532007], [110.1731369, -7.5530501], [110.1731091, -7.5530533], [110.173024, -7.5530423], [110.1729983, -7.5530376], [110.1729828, -7.5530331], [110.1729851, -7.5530282], [110.1729531, -7.553024], [110.1729597, -7.5529907], [110.1729523, -7.552969], [110.172911, -7.5529627], [110.1729082, -7.5529854], [110.1727723, -7.5529672]]]}, "properties": {"OBJECTID_1": 232, "KETERANGAN": "Vegetasi Non Budidaya Lainnya", "KET_DETAIL": "", "Luas_Ha": 0.0709, "NAMOBJ": "Tegalsari", "DUSUN": "Tegalsari"}}, {"type": "Feature", "geometry": {"type": "Polygon", "coordinates": [[[110.1731749, -7.5533074], [110.173148, -7.5533011], [110.1731478, -7.5532882], [110.1731409, -7.5532853], [110.1731375, -7.5533157], [110.1731369, -7.5533336], [110.1731385, -7.5533462], [110.173153, -7.5533726], [110.1731761, -7.5533955], [110.1731964, -7.5534082], [110.1732276, -7.5534178], [110.1732558, -7.553422], [110.173313, -7.5534356], [110.1733392, -7.5534433], [110.173364, -7.5534499], [110.1733956, -7.5534586], [110.1734191, -7.5534661], [110.1734254, -7.5534742], [110.1734378, -7.5534693], [110.1734478, -7.5534659], [110.1734891, -7.5534517], [110.1735053, -7.5534461], [110.1734891, -7.553444], [110.1734891, -7.5534219], [110.1734813, -7.5534214], [110.1734374, -7.5534162], [110.1734269, -7.5534505], [110.1733675, -7.553443], [110.1733726, -7.5534045], [110.1733055, -7.5533952], [110.1733006, -7.5534227], [110.1732683, -7.5534163], [110.1732686, -7.5534118], [110.1732079, -7.5534015], [110.1732134, -7.5533769], [110.1731816, -7.5533693], [110.1731662, -7.5533626], [110.1731749, -7.5533074]]]}, "properties": {"OBJECTID_1": 233, "KETERANGAN": "Pekarangan", "KET_DETAIL": "", "Luas_Ha": 0.0133, "NAMOBJ": "Tegalsari", "DUSUN": "Tegalsari"}}, {"type": "Feature", "geometry": {"type": "Polygon", "coordinates": [[[110.1733054, -7.5525589], [110.1732362, -7.5525474], [110.1732232, -7.5526462], [110.1732336, -7.5526456], [110.1732398, -7.5525958], [110.1732433, -7.5525946], [110.1732471, -7.5525913], [110.1732762, -7.5525978], [110.1732794, -7.5525824], [110.1733005, -7.5525875], [110.1733054, -7.5525589]]]}, "properties": {"OBJECTID_1": 234, "KETERANGAN": "Pekarangan", "KET_DETAIL": "", "Luas_Ha": 0.0039, "NAMOBJ": "Tegalsari", "DUSUN": "Tegalsari"}}, {"type": "Feature", "geometry": {"type": "Polygon", "coordinates": [[[110.176043, -7.5517374], [110.1760401, -7.5517238], [110.1760322, -7.5516858], [110.1759769, -7.5516949], [110.1759794, -7.5517126], [110.1759828, -7.5517363], [110.1759828, -7.5517364], [110.175984, -7.551745], [110.176043, -7.5517374]]]}, "properties": {"OBJECTID_1": 235, "KETERANGAN": "Tempat Tinggal", "KET_DETAIL": "Rumah", "Luas_Ha": 0.0036, "NAMOBJ": "Tegalsari", "DUSUN": "Tegalsari"}}, {"type": "Feature", "geometry": {"type": "Polygon", "coordinates": [[[110.1760406, -7.551676], [110.1760308, -7.5516303], [110.175948, -7.5516426], [110.1759507, -7.5516904], [110.1760406, -7.551676]]]}, "properties": {"OBJECTID_1": 236, "KETERANGAN": "Tempat Tinggal", "KET_DETAIL": "Rumah", "Luas_Ha": 0.005, "NAMOBJ": "Tegalsari", "DUSUN": "Tegalsari"}}, {"type": "Feature", "geometry": {"type": "Polygon", "coordinates": [[[110.1760303, -7.5516243], [110.1760198, -7.5515715], [110.1759353, -7.5515842], [110.1759437, -7.551635], [110.1760303, -7.5516243]]]}, "properties": {"OBJECTID_1": 237, "KETERANGAN": "Tempat Tinggal", "KET_DETAIL": "Rumah", "Luas_Ha": 0.0055, "NAMOBJ": "Tegalsari", "DUSUN": "Tegalsari"}}, {"type": "Feature", "geometry": {"type": "Polygon", "coordinates": [[[110.1735762, -7.55331], [110.1735373, -7.553305], [110.1735316, -7.5533043], [110.173498, -7.5533], [110.1734892, -7.5533639], [110.1734891, -7.5534219], [110.1734891, -7.553444], [110.1735053, -7.5534461], [110.1735243, -7.5534396], [110.1735453, -7.5534323], [110.1735596, -7.5534275], [110.1735762, -7.55331]]]}, "properties": {"OBJECTID_1": 238, "KETERANGAN": "Tempat Tinggal", "KET_DETAIL": "Rumah", "Luas_Ha": 0.0125, "NAMOBJ": "Tegalsari", "DUSUN": "Tegalsari"}}, {"type": "Feature", "geometry": {"type": "Polygon", "coordinates": [[[110.1736737, -7.5525873], [110.1735834, -7.5525619], [110.1735682, -7.5526152], [110.1735632, -7.5526327], [110.1735621, -7.5526363], [110.1735827, -7.5526453], [110.1736516, -7.5526637], [110.1736737, -7.5525873]]]}, "properties": {"OBJECTID_1": 239, "KETERANGAN": "Tempat Tinggal", "KET_DETAIL": "Rumah", "Luas_Ha": 0.0091, "NAMOBJ": "Tegalsari", "DUSUN": "Tegalsari"}}, {"type": "Feature", "geometry": {"type": "Polygon", "coordinates": [[[110.1737186, -7.5525261], [110.1736761, -7.55251], [110.173607, -7.5524917], [110.1735907, -7.5524881], [110.1735741, -7.5525408], [110.1735829, -7.5525426], [110.1735887, -7.5525451], [110.1735834, -7.5525619], [110.1736737, -7.5525873], [110.173699, -7.5525921], [110.1737186, -7.5525261]]]}, "properties": {"OBJECTID_1": 240, "KETERANGAN": "Tempat Tinggal", "KET_DETAIL": "Rumah", "Luas_Ha": 0.0117, "NAMOBJ": "Tegalsari", "DUSUN": "Tegalsari"}}, {"type": "Feature", "geometry": {"type": "Polygon", "coordinates": [[[110.1735973, -7.5523658], [110.1735274, -7.5523433], [110.1735201, -7.5523634], [110.1735232, -7.5523704], [110.1734969, -7.5524488], [110.1735551, -7.5524688], [110.1735704, -7.5524256], [110.1735774, -7.5524259], [110.1735973, -7.5523658]]]}, "properties": {"OBJECTID_1": 241, "KETERANGAN": "Tempat Tinggal", "KET_DETAIL": "Rumah", "Luas_Ha": 0.009, "NAMOBJ": "Tegalsari", "DUSUN": "Tegalsari"}}, {"type": "Feature", "geometry": {"type": "Polygon", "coordinates": [[[110.1750079, -7.5532659], [110.1749819, -7.5532469], [110.1749363, -7.5532373], [110.1748668, -7.5532372], [110.1747629, -7.5532274], [110.1747149, -7.5532177], [110.1746366, -7.5532176], [110.1746006, -7.5532143], [110.1745742, -7.5532366], [110.1745812, -7.5533284], [110.1745786, -7.5534121], [110.1745722, -7.5534624], [110.1745704, -7.5535613], [110.1745705, -7.5535862], [110.1745754, -7.5535869], [110.1746123, -7.5535922], [110.1747508, -7.5536122], [110.1747686, -7.5536148], [110.1748712, -7.5536296], [110.1749186, -7.5536365], [110.1749801, -7.5533861], [110.1750079, -7.5532659]]]}, "properties": {"OBJECTID_1": 242, "KETERANGAN": "Perkebunan", "KET_DETAIL": "", "Luas_Ha": 0.184, "NAMOBJ": "Tegalsari", "DUSUN": "Tegalsari"}}, {"type": "Feature", "geometry": {"type": "Polygon", "coordinates": [[[110.1742475, -7.55311], [110.1741308, -7.5530874], [110.1740293, -7.5530657], [110.1739342, -7.5530487], [110.1738911, -7.5530375], [110.1738862, -7.5530981], [110.173878, -7.5531691], [110.173861, -7.5532927], [110.1738537, -7.5533621], [110.1738425, -7.5534375], [110.1738458, -7.5534378], [110.1738707, -7.5534394], [110.1740553, -7.5534514], [110.1742068, -7.5534612], [110.1742125, -7.5534433], [110.1742309, -7.5534418], [110.1742437, -7.553429], [110.174255, -7.5533397], [110.1742705, -7.553193], [110.1742786, -7.5531395], [110.1742475, -7.55311]]]}, "properties": {"OBJECTID_1": 243, "KETERANGAN": "Sawah", "KET_DETAIL": "", "Luas_Ha": 0.1795, "NAMOBJ": "Tegalsari", "DUSUN": "Tegalsari"}}, {"type": "Feature", "geometry": {"type": "Polygon", "coordinates": [[[110.1738911, -7.5530375], [110.1737768, -7.5530109], [110.1736937, -7.553006], [110.1736523, -7.552997], [110.1736477, -7.5529958], [110.1736402, -7.5530241], [110.1736224, -7.5531058], [110.1736168, -7.5531395], [110.1735981, -7.5532286], [110.1735875, -7.5533118], [110.1735762, -7.55331], [110.1735596, -7.5534275], [110.17359, -7.553417], [110.1737972, -7.5534346], [110.1738389, -7.5534373], [110.1738425, -7.5534375], [110.1738537, -7.5533621], [110.173861, -7.5532927], [110.173878, -7.5531691], [110.1738862, -7.5530981], [110.1738911, -7.5530375]]]}, "properties": {"OBJECTID_1": 244, "KETERANGAN": "Perkebunan", "KET_DETAIL": "", "Luas_Ha": 0.1362, "NAMOBJ": "Tegalsari", "DUSUN": "Tegalsari"}}, {"type": "Feature", "geometry": {"type": "Polygon", "coordinates": [[[110.1745499, -7.5522487], [110.1745105, -7.5522755], [110.1744512, -7.5522632], [110.1743493, -7.5522459], [110.1742303, -7.5522248], [110.1742263, -7.5522243], [110.1741063, -7.552207], [110.1737794, -7.5521548], [110.173772, -7.5521904], [110.1737547, -7.5522863], [110.1737244, -7.5524357], [110.1737211, -7.5524692], [110.1737202, -7.5525043], [110.1737186, -7.5525261], [110.173699, -7.5525921], [110.1737233, -7.552596], [110.1737119, -7.5526694], [110.1736918, -7.552722], [110.1736902, -7.5527619], [110.1736965, -7.5527914], [110.1736756, -7.5528633], [110.1736558, -7.5529376], [110.1736498, -7.5529624], [110.1736421, -7.5529944], [110.1736477, -7.5529958], [110.1736523, -7.552997], [110.1736937, -7.553006], [110.1737768, -7.5530109], [110.1738911, -7.5530375], [110.1739342, -7.5530487], [110.1740293, -7.5530657], [110.1741308, -7.5530874], [110.1742475, -7.55311], [110.174278, -7.5530446], [110.1742932, -7.5529962], [110.1743045, -7.5529633], [110.1743628, -7.5529722], [110.1744539, -7.5529972], [110.1744828, -7.5530028], [110.1744995, -7.5530019], [110.1745498, -7.5530116], [110.1746702, -7.5530566], [110.1746937, -7.553062], [110.1747584, -7.5530607], [110.1748471, -7.5530672], [110.1749518, -7.5530626], [110.1750576, -7.5530505], [110.1750582, -7.5530277], [110.1750656, -7.5529129], [110.1750905, -7.5528403], [110.1751059, -7.5527558], [110.1751413, -7.5526282], [110.1751784, -7.5524839], [110.1751937, -7.5524201], [110.1751705, -7.5523914], [110.1751402, -7.5523913], [110.1751122, -7.552396], [110.1750834, -7.5523912], [110.1750091, -7.5523743], [110.1749499, -7.5523686], [110.1748101, -7.5523492], [110.174711, -7.5523267], [110.1746375, -7.5523218], [110.1745712, -7.5522945], [110.1745584, -7.5522666], [110.1745499, -7.5522487]]]}, "properties": {"OBJECTID_1": 245, "KETERANGAN": "Perkebunan", "KET_DETAIL": "", "Luas_Ha": 1.3315, "NAMOBJ": "Tegalsari", "DUSUN": "Tegalsari"}}, {"type": "Feature", "geometry": {"type": "Polygon", "coordinates": [[[110.1742812, -7.5521855], [110.1742805, -7.5521591], [110.1743268, -7.5521513], [110.1743349, -7.5521345], [110.1743149, -7.5521177], [110.1742782, -7.5521017], [110.1742287, -7.5520713], [110.1741663, -7.5520576], [110.17412, -7.5520336], [110.1740817, -7.5520224], [110.1740593, -7.5520295], [110.1740465, -7.5520296], [110.1740537, -7.5520399], [110.1741239, -7.5520871], [110.174191, -7.5521167], [110.1742461, -7.5521519], [110.1742524, -7.5522038], [110.1743115, -7.5522198], [110.1743643, -7.5522271], [110.174397, -7.5522447], [110.1744083, -7.5522096], [110.1744035, -7.5521913], [110.1743252, -7.5521967], [110.1742812, -7.5521855]]]}, "properties": {"OBJECTID_1": 246, "KETERANGAN": "Pekarangan", "KET_DETAIL": "", "Luas_Ha": 0.0236, "NAMOBJ": "Tegalsari", "DUSUN": "Tegalsari"}}, {"type": "Feature", "geometry": {"type": "Polygon", "coordinates": [[[110.1759889, -7.5517737], [110.1761599, -7.5517574], [110.1761884, -7.5517556], [110.1761701, -7.5515179], [110.1761604, -7.5513958], [110.1760959, -7.551399], [110.1760383, -7.5514046], [110.1758452, -7.5514094], [110.1757652, -7.5514156], [110.1758222, -7.5514465], [110.1758541, -7.5514928], [110.1758844, -7.5515527], [110.1759138, -7.5516182], [110.1759552, -7.5517132], [110.1759707, -7.5517421], [110.1759849, -7.5517654], [110.1759889, -7.5517737]], [[110.176043, -7.5517374], [110.175984, -7.551745], [110.1759828, -7.5517364], [110.1759828, -7.5517363], [110.1759794, -7.5517126], [110.1759769, -7.5516949], [110.1760322, -7.5516858], [110.1760401, -7.5517238], [110.176043, -7.5517374]], [[110.1760406, -7.551676], [110.1759507, -7.5516904], [110.175948, -7.5516426], [110.1760308, -7.5516303], [110.1760406, -7.551676]], [[110.1760303, -7.5516243], [110.1759437, -7.551635], [110.1759353, -7.5515842], [110.1760198, -7.5515715], [110.1760303, -7.5516243]]]}, "properties": {"OBJECTID_1": 247, "KETERANGAN": "Lahan Terbuka (Tanah Kosong)", "KET_DETAIL": "", "Luas_Ha": 0.1093, "NAMOBJ": "Tegalsari", "DUSUN": "Tegalsari"}}, {"type": "Feature", "geometry": {"type": "Polygon", "coordinates": [[[110.1716874, -7.5496371], [110.1716364, -7.5496266], [110.1716223, -7.5496688], [110.1716434, -7.5496699], [110.1716705, -7.549678], [110.1716818, -7.5496505], [110.1717521, -7.5496793], [110.171723, -7.5497576], [110.1717443, -7.5497636], [110.1717824, -7.5496649], [110.1716874, -7.5496371]]]}, "properties": {"OBJECTID_1": 248, "KETERANGAN": "Lahan Terbuka (Tanah Kosong)", "KET_DETAIL": "Rumah", "Luas_Ha": 0.0072, "NAMOBJ": "Tegalsari", "DUSUN": "Tegalsari"}}, {"type": "Feature", "geometry": {"type": "Polygon", "coordinates": [[[110.1736421, -7.5529944], [110.1736498, -7.5529624], [110.1736558, -7.5529376], [110.1736756, -7.5528633], [110.1736965, -7.5527914], [110.1736621, -7.5528257], [110.1736245, -7.5528391], [110.1735988, -7.552871], [110.1735923, -7.5529073], [110.1735841, -7.5529393], [110.1736123, -7.5529462], [110.1736161, -7.5529562], [110.1736186, -7.5529628], [110.1736242, -7.5529764], [110.1736195, -7.5529885], [110.1736421, -7.5529944]]]}, "properties": {"OBJECTID_1": 249, "KETERANGAN": "Vegetasi Non Budidaya Lainnya", "KET_DETAIL": "", "Luas_Ha": 0.0119, "NAMOBJ": "Tegalsari", "DUSUN": "Tegalsari"}}, {"type": "Feature", "geometry": {"type": "Polygon", "coordinates": [[[110.1730888, -7.5503419], [110.1730838, -7.5503422], [110.1730607, -7.5503369], [110.1730601, -7.5503404], [110.1730283, -7.5503997], [110.1730052, -7.5504868], [110.1729983, -7.5505399], [110.1729933, -7.5506179], [110.1729848, -7.550702], [110.1729806, -7.5507516], [110.1729782, -7.5508113], [110.1729695, -7.5508623], [110.17297, -7.5508643], [110.1729779, -7.5508704], [110.1730077, -7.5508743], [110.173014, -7.5508741], [110.1730098, -7.5508588], [110.1730008, -7.550837], [110.1730091, -7.5508219], [110.1730091, -7.5508009], [110.1730273, -7.5507926], [110.1730484, -7.5507716], [110.17305, -7.5507528], [110.1730629, -7.5507324], [110.1730667, -7.5506925], [110.1730863, -7.5506813], [110.1730962, -7.5506632], [110.1730887, -7.5506467], [110.1730887, -7.5506226], [110.1731054, -7.5505947], [110.173128, -7.5506031], [110.173162, -7.5505941], [110.1731975, -7.5505648], [110.1731995, -7.5505235], [110.1731991, -7.5504816], [110.1731972, -7.5504469], [110.1731899, -7.55043], [110.173151, -7.5504331], [110.1731036, -7.5504224], [110.1730924, -7.5504226], [110.1730625, -7.5504057], [110.1730582, -7.5503825], [110.1730727, -7.5503686], [110.1730888, -7.5503419]]]}, "properties": {"OBJECTID_1": 250, "KETERANGAN": "Vegetasi Non Budidaya Lainnya", "KET_DETAIL": "", "Luas_Ha": 0.0669, "NAMOBJ": "Tegalsari", "DUSUN": "Tegalsari"}}, {"type": "Feature", "geometry": {"type": "Polygon", "coordinates": [[[110.1756705, -7.5503515], [110.1755714, -7.5502678], [110.1755607, -7.550257], [110.1754345, -7.550045], [110.1754367, -7.5500577], [110.1754762, -7.5502794], [110.1743915, -7.5501737], [110.1743441, -7.5501545], [110.1742921, -7.5501334], [110.1740944, -7.5500702], [110.1739683, -7.5500277], [110.1739595, -7.55004], [110.1739362, -7.5501776], [110.1739535, -7.5502098], [110.1739694, -7.5502605], [110.1739762, -7.5502829], [110.1739789, -7.5503268], [110.1739797, -7.5503642], [110.1739377, -7.5505784], [110.1739091, -7.550676], [110.173886, -7.5507547], [110.174022, -7.5508], [110.1742058, -7.5508644], [110.1745406, -7.5509916], [110.1747487, -7.5510576], [110.1749724, -7.5511307], [110.1751852, -7.5512045], [110.1753487, -7.5512673], [110.1755239, -7.5513215], [110.1756741, -7.5513733], [110.1757652, -7.5514156], [110.1758452, -7.5514094], [110.1760383, -7.5514046], [110.1760959, -7.551399], [110.1761604, -7.5513958], [110.1765382, -7.5513578], [110.1765357, -7.5510342], [110.1765353, -7.5509679], [110.1765116, -7.5507079], [110.1763499, -7.5505734], [110.1762592, -7.5505867], [110.176111, -7.5505355], [110.1759513, -7.5504474], [110.175875, -7.550394], [110.1758008, -7.550387], [110.1756705, -7.5503515]]]}, "properties": {"OBJECTID_1": 251, "KETERANGAN": "Perkebunan", "KET_DETAIL": "", "Luas_Ha": 2.7803, "NAMOBJ": "Gunung Bakal", "DUSUN": "Gunung Bakal"}}, {"type": "Feature", "geometry": {"type": "MultiPolygon", "coordinates": [[[[110.1766046, -7.5514196], [110.1765823, -7.5514039], [110.1765852, -7.5514221], [110.1766046, -7.5514196]]], [[[110.1765339, -7.5507264], [110.1765116, -7.5507079], [110.1765353, -7.5509679], [110.1765339, -7.5507264]]]]}, "properties": {"OBJECTID_1": 252, "KETERANGAN": "Sawah", "KET_DETAIL": "", "Luas_Ha": 0.0035, "NAMOBJ": "Boto", "DUSUN": "Boto"}}, {"type": "Feature", "geometry": {"type": "Polygon", "coordinates": [[[110.176529, -7.5525301], [110.1765133, -7.5524912], [110.1764702, -7.5524552], [110.1764192, -7.5524033], [110.1763793, -7.5523752], [110.1763569, -7.5523593], [110.1763153, -7.5523528], [110.176277, -7.552352], [110.176237, -7.552332], [110.1762127, -7.5523012], [110.176199, -7.5523306], [110.1758289, -7.5521339], [110.1757025, -7.5524902], [110.1755457, -7.5524112], [110.1755168, -7.5523786], [110.1754926, -7.5523701], [110.1754528, -7.5523519], [110.1754274, -7.5523374], [110.1753706, -7.5523674], [110.1753247, -7.5523661], [110.1752642, -7.5523853], [110.1751705, -7.5523914], [110.1751937, -7.5524201], [110.1751784, -7.5524839], [110.1751413, -7.5526282], [110.1751059, -7.5527558], [110.1750905, -7.5528403], [110.1750656, -7.5529129], [110.1750582, -7.5530277], [110.1750576, -7.5530505], [110.1753761, -7.5531011], [110.175388, -7.5530928], [110.1754009, -7.5530957], [110.1754167, -7.5530987], [110.1754226, -7.5530928], [110.175435, -7.5530933], [110.17544, -7.5530983], [110.1754548, -7.5531008], [110.1754607, -7.5530954], [110.1754657, -7.5530875], [110.1754796, -7.5530905], [110.1754875, -7.5530954], [110.1754924, -7.5531078], [110.1755072, -7.5531142], [110.1755137, -7.5531103], [110.1755256, -7.5531068], [110.1755384, -7.5531108], [110.1755602, -7.5531207], [110.1755879, -7.5531233], [110.1755904, -7.5531163], [110.1755857, -7.5530964], [110.1755867, -7.5530909], [110.1755872, -7.5530889], [110.1755881, -7.5530879], [110.1755902, -7.5530871], [110.1756414, -7.5530868], [110.1756528, -7.5530853], [110.1756682, -7.5530933], [110.1756993, -7.5531062], [110.1757206, -7.5531156], [110.1757446, -7.553135], [110.1757694, -7.5529501], [110.1758107, -7.5526702], [110.1759078, -7.5525857], [110.176231, -7.5523527], [110.176256, -7.552359], [110.1764682, -7.5524824], [110.176529, -7.5525301]]]}, "properties": {"OBJECTID_1": 253, "KETERANGAN": "Sawah", "KET_DETAIL": "Sawah", "Luas_Ha": 0.7335, "NAMOBJ": "Boto", "DUSUN": "Boto"}}, {"type": "Feature", "geometry": {"type": "Polygon", "coordinates": [[[110.1765903, -7.5525707], [110.1766025, -7.5525787], [110.1766426, -7.5524486], [110.1766271, -7.5524668], [110.1766246, -7.5524796], [110.1766241, -7.552491], [110.1766198, -7.5524943], [110.1766149, -7.5524964], [110.1765849, -7.5524996], [110.1765758, -7.5524987], [110.1765701, -7.5524953], [110.1765571, -7.5524779], [110.1765715, -7.55251], [110.1765779, -7.5525241], [110.1765903, -7.5525707]]]}, "properties": {"OBJECTID_1": 254, "KETERANGAN": "Tegalan/Ladang", "KET_DETAIL": "Hutan", "Luas_Ha": 0.0038, "NAMOBJ": "Boto", "DUSUN": "Boto"}}, {"type": "Feature", "geometry": {"type": "Polygon", "coordinates": [[[110.1736301, -7.5499309], [110.1732435, -7.5498323], [110.1730358, -7.5497902], [110.172917, -7.549766], [110.1726574, -7.5497133], [110.1722451, -7.5496216], [110.172216, -7.5496154], [110.1722005, -7.5496121], [110.1719228, -7.5495332], [110.1716819, -7.5494648], [110.171676, -7.5494613], [110.1716804, -7.5494773], [110.1718319, -7.5495172], [110.1719767, -7.5495614], [110.1719787, -7.5495721], [110.1719709, -7.5495958], [110.1719539, -7.5496472], [110.171949, -7.5496621], [110.1719454, -7.5496728], [110.1719435, -7.5496787], [110.1719417, -7.549684], [110.1719395, -7.5496906], [110.1719369, -7.5496984], [110.1719358, -7.549702], [110.1719308, -7.5497152], [110.1719114, -7.5497739], [110.1718844, -7.5498539], [110.1718835, -7.5498564], [110.1718758, -7.5498782], [110.1718724, -7.5498819], [110.1718662, -7.5499018], [110.1718615, -7.549918], [110.1718546, -7.5499532], [110.1718472, -7.5500044], [110.1718376, -7.5500423], [110.1718249, -7.5500784], [110.1718169, -7.5501181], [110.171811, -7.5501442], [110.1717994, -7.5501809], [110.1717977, -7.550187], [110.1717963, -7.5501923], [110.1717911, -7.5502126], [110.1717885, -7.5502202], [110.1717905, -7.5502207], [110.1717879, -7.5502299], [110.1717667, -7.5503067], [110.1717652, -7.5503342], [110.1717639, -7.5503522], [110.1717617, -7.5503689], [110.1717601, -7.5503784], [110.1717589, -7.5503827], [110.1717529, -7.5504014], [110.1717213, -7.5504867], [110.1717106, -7.5505384], [110.1717102, -7.5505391], [110.1717049, -7.5505593], [110.1716999, -7.5505819], [110.1717009, -7.5506085], [110.1717048, -7.5506275], [110.171718, -7.5506481], [110.171735, -7.5506646], [110.171747, -7.5506671], [110.1717764, -7.5506793], [110.1717769, -7.5506795], [110.1717831, -7.5506812], [110.1717954, -7.5506859], [110.1717955, -7.5506859], [110.171839, -7.5507026], [110.1718755, -7.5507172], [110.1718755, -7.5507172], [110.1718756, -7.5507173], [110.1719353, -7.5507416], [110.1719676, -7.5507549], [110.1720031, -7.5507697], [110.1720033, -7.5507697], [110.1720036, -7.5507698], [110.1720521, -7.550787], [110.1720846, -7.5507959], [110.1721112, -7.5508007], [110.1721301, -7.5508039], [110.1721476, -7.5508058], [110.172148, -7.5508058], [110.1721522, -7.5508062], [110.1721536, -7.5508064], [110.1721702, -7.5508097], [110.1721918, -7.5508141], [110.1721976, -7.5508153], [110.1722066, -7.5508168], [110.1722139, -7.5508181], [110.1722428, -7.55082], [110.1722715, -7.5508234], [110.1722926, -7.5508257], [110.1723047, -7.5508267], [110.1723048, -7.5508265], [110.1723057, -7.5508268], [110.1723139, -7.5508292], [110.1723396, -7.5508336], [110.1723776, -7.5508394], [110.172493, -7.5508539], [110.1725559, -7.5508584], [110.1726705, -7.5508745], [110.172671, -7.5508746], [110.1726731, -7.5508749], [110.172812, -7.5508906], [110.1729461, -7.5509123], [110.1729953, -7.5509202], [110.1730239, -7.5509258], [110.1730466, -7.5509271], [110.1730467, -7.5509266], [110.1730554, -7.5509276], [110.1731722, -7.5509403], [110.1732669, -7.5509503], [110.1732936, -7.5509539], [110.1733282, -7.5509653], [110.1733417, -7.5509717], [110.1733515, -7.5509815], [110.1733586, -7.5509976], [110.1733566, -7.5510167], [110.1733437, -7.5510646], [110.1733263, -7.5511522], [110.1733144, -7.5512089], [110.1732885, -7.5513134], [110.1732746, -7.5513841], [110.1732727, -7.5513974], [110.1732501, -7.5515128], [110.1732331, -7.5515774], [110.1732301, -7.5515914], [110.1732059, -7.5516889], [110.1731931, -7.5517522], [110.1731865, -7.5518543], [110.1732017, -7.5519424], [110.1732131, -7.5520151], [110.1732232, -7.5520675], [110.1732294, -7.5521568], [110.1732324, -7.5522348], [110.1732289, -7.5522712], [110.1732267, -7.5522947], [110.173222, -7.5523213], [110.1732195, -7.5523473], [110.1732157, -7.5523605], [110.1732151, -7.5523718], [110.1732141, -7.5523914], [110.1732081, -7.5524392], [110.1731916, -7.5525231], [110.1731499, -7.552522], [110.1730497, -7.552497], [110.17299, -7.5524809], [110.1727965, -7.5524534], [110.1727134, -7.552443], [110.1727398, -7.5524677], [110.1727917, -7.5524806], [110.1729032, -7.5524911], [110.1729428, -7.5525003], [110.173007, -7.5525152], [110.1730461, -7.5525214], [110.1731012, -7.5525336], [110.173134, -7.5525389], [110.1731728, -7.5525499], [110.1731941, -7.5525563], [110.1731898, -7.5526031], [110.1731779, -7.5526688], [110.1731706, -7.5527025], [110.1731369, -7.5530501], [110.1731035, -7.5532007], [110.173093, -7.5532653], [110.1731001, -7.5533866], [110.1730982, -7.5533927], [110.1730966, -7.5533953], [110.1730917, -7.5533994], [110.1730785, -7.5534012], [110.173066, -7.5534039], [110.1730425, -7.5534084], [110.1730292, -7.5534105], [110.1730083, -7.5534111], [110.1729415, -7.5533979], [110.1727623, -7.5533798], [110.1725908, -7.5533523], [110.1724093, -7.5533088], [110.172348, -7.5532944], [110.172323, -7.553288], [110.1723182, -7.5533042], [110.1724714, -7.5533423], [110.1727096, -7.5533874], [110.1727266, -7.5533897], [110.1728763, -7.55341], [110.1729374, -7.5534183], [110.1731015, -7.5534405], [110.1731046, -7.5534409], [110.1731399, -7.553447], [110.1732747, -7.55347], [110.173368, -7.553486], [110.1733875, -7.5534893], [110.1734253, -7.5534743], [110.1734254, -7.5534742], [110.1734191, -7.5534661], [110.1733956, -7.5534586], [110.173364, -7.5534499], [110.1733392, -7.5534433], [110.173313, -7.5534356], [110.1732558, -7.553422], [110.1732276, -7.5534178], [110.1731964, -7.5534082], [110.1731761, -7.5533955], [110.173153, -7.5533726], [110.1731385, -7.5533462], [110.1731369, -7.5533336], [110.1731375, -7.5533157], [110.1731409, -7.5532853], [110.173151, -7.5532277], [110.1731563, -7.5531774], [110.1731857, -7.5529455], [110.1731974, -7.5528639], [110.1732065, -7.5527745], [110.1732165, -7.5527258], [110.1732232, -7.5526462], [110.1732362, -7.5525474], [110.1732385, -7.5525305], [110.1732439, -7.5524986], [110.1732445, -7.5524905], [110.1732468, -7.5524606], [110.1732507, -7.552416], [110.1732562, -7.5523845], [110.1732595, -7.5523506], [110.1732624, -7.5523177], [110.1732634, -7.5522991], [110.1732681, -7.5522661], [110.1732741, -7.5522217], [110.1732734, -7.5521821], [110.1732741, -7.5521525], [110.1732692, -7.5521152], [110.1732645, -7.5520817], [110.1732582, -7.5520332], [110.1732582, -7.5520195], [110.1732575, -7.5519885], [110.1732541, -7.5519744], [110.1732377, -7.5518556], [110.1732366, -7.5517586], [110.1732597, -7.5516808], [110.1732791, -7.5515775], [110.1733036, -7.5514614], [110.1733308, -7.5513108], [110.173354, -7.551209], [110.1733527, -7.551209], [110.1733575, -7.551187], [110.1733693, -7.5511172], [110.1734082, -7.550969], [110.1734552, -7.5508134], [110.1734791, -7.5507079], [110.1734943, -7.5507075], [110.173581, -7.5507257], [110.1737176, -7.5507608], [110.1737858, -7.5507783], [110.1738831, -7.5508055], [110.1739461, -7.550823], [110.1741221, -7.550881], [110.1741358, -7.5508861], [110.1742174, -7.5509169], [110.1742848, -7.5509423], [110.1744617, -7.5510056], [110.1746694, -7.5510757], [110.1748254, -7.5511278], [110.1750189, -7.5511935], [110.1750775, -7.5512123], [110.1750924, -7.5512123], [110.1752123, -7.5512549], [110.175389, -7.5513161], [110.1755398, -7.5513672], [110.1757305, -7.5514354], [110.1757695, -7.5514528], [110.1758229, -7.5515008], [110.1758341, -7.5515199], [110.1758604, -7.5515718], [110.1758946, -7.5516517], [110.17594, -7.5517515], [110.1759503, -7.5517778], [110.1759917, -7.5518473], [110.1760191, -7.5519108], [110.1760726, -7.5519808], [110.1760812, -7.5519988], [110.1761261, -7.5520515], [110.1761428, -7.55207], [110.1761669, -7.5521043], [110.1761797, -7.5521236], [110.176204, -7.5521547], [110.1762163, -7.5521707], [110.1762243, -7.5521821], [110.1762627, -7.5522224], [110.1762777, -7.5522428], [110.1763313, -7.5523011], [110.1763911, -7.5523522], [110.176459, -7.5524111], [110.1764973, -7.552451], [110.1765309, -7.5524952], [110.176546, -7.5525248], [110.1765542, -7.5525468], [110.1765903, -7.5525707], [110.1765779, -7.5525241], [110.1765715, -7.55251], [110.1765571, -7.5524779], [110.1765262, -7.5524343], [110.1765207, -7.5524259], [110.1765204, -7.5524256], [110.1765051, -7.5524098], [110.1764881, -7.5523927], [110.1764739, -7.5523783], [110.1764631, -7.55237], [110.1764422, -7.5523544], [110.1763922, -7.5523119], [110.1763642, -7.5522913], [110.1763484, -7.5522774], [110.1763309, -7.5522587], [110.1763013, -7.5522244], [110.1762731, -7.5521962], [110.1762343, -7.5521456], [110.1762323, -7.5521421], [110.1762058, -7.5521002], [110.1761619, -7.552045], [110.176117, -7.5519887], [110.1760696, -7.5519207], [110.1760272, -7.5518538], [110.1759889, -7.5517737], [110.1759849, -7.5517654], [110.1759707, -7.5517421], [110.1759552, -7.5517132], [110.1759138, -7.5516182], [110.1758844, -7.5515527], [110.1758541, -7.5514928], [110.1758222, -7.5514465], [110.1757652, -7.5514156], [110.1756741, -7.5513733], [110.1755239, -7.5513215], [110.1753487, -7.5512673], [110.1751852, -7.5512045], [110.1749724, -7.5511307], [110.1747487, -7.5510576], [110.1745406, -7.5509916], [110.1742058, -7.5508644], [110.174022, -7.5508], [110.173886, -7.5507547], [110.1736464, -7.550701], [110.1735839, -7.5506838], [110.173577, -7.5506778], [110.1735298, -7.5506371], [110.1735154, -7.5505761], [110.1735168, -7.5505686], [110.1735574, -7.5503514], [110.173576, -7.5502519], [110.1735773, -7.5502448], [110.1736145, -7.5500237], [110.1736289, -7.5499418], [110.1736301, -7.5499309]], [[110.1727233, -7.5499783], [110.1727503, -7.5498565], [110.1727602, -7.5498068], [110.1727799, -7.5497774], [110.1728002, -7.549766], [110.1729176, -7.5497906], [110.1729408, -7.5497955], [110.1731149, -7.5498234], [110.1731077, -7.5498675], [110.1730885, -7.5499342], [110.1730875, -7.5499376], [110.1730851, -7.5499559], [110.1730837, -7.5499655], [110.1730821, -7.5499763], [110.1730823, -7.5499765], [110.1730654, -7.5501119], [110.1730492, -7.5502564], [110.173035, -7.5503152], [110.1730348, -7.550316], [110.1730319, -7.550328], [110.1730323, -7.5503289], [110.1730043, -7.550377], [110.1729736, -7.5504742], [110.1729651, -7.5505356], [110.1729622, -7.5506139], [110.1729521, -7.5507242], [110.172952, -7.5507275], [110.1729514, -7.5507337], [110.1729518, -7.5507557], [110.1729529, -7.5507742], [110.1729533, -7.5507963], [110.1729501, -7.5508187], [110.1729452, -7.5508386], [110.1729358, -7.5508635], [110.1729271, -7.550871], [110.172916, -7.5508738], [110.1728627, -7.550864], [110.172684, -7.5508429], [110.1725493, -7.5508266], [110.1725385, -7.5508245], [110.1725345, -7.5508214], [110.1725291, -7.5508174], [110.1725245, -7.5508104], [110.1725216, -7.5508034], [110.17252, -7.5507869], [110.172527, -7.5507664], [110.1725518, -7.5506457], [110.1725723, -7.5505361], [110.1725915, -7.5504301], [110.1726082, -7.5503763], [110.1726136, -7.5503519], [110.1726193, -7.5503197], [110.172628, -7.5502837], [110.1726329, -7.5502722], [110.1726498, -7.550212], [110.1726704, -7.5501622], [110.1726704, -7.5501621], [110.1726889, -7.5501117], [110.1726973, -7.5500799], [110.1727206, -7.5499906], [110.1727233, -7.5499783]], [[110.1731088, -7.549966], [110.1731168, -7.5499086], [110.1731248, -7.5498767], [110.1731351, -7.5498266], [110.1731458, -7.5498284], [110.1732824, -7.5498577], [110.173368, -7.5498775], [110.173508, -7.5499072], [110.1735659, -7.5499257], [110.1735718, -7.5499288], [110.1735782, -7.5499349], [110.1735821, -7.54994], [110.1735842, -7.5499431], [110.1735847, -7.5499467], [110.1735918, -7.5499777], [110.1735609, -7.5501244], [110.1735604, -7.5501266], [110.1735602, -7.5501273], [110.1735528, -7.5501582], [110.1735403, -7.550212], [110.1735242, -7.5502988], [110.1735048, -7.5503829], [110.1734948, -7.5504343], [110.1734822, -7.550487], [110.1734556, -7.5506162], [110.1734283, -7.5507295], [110.1733999, -7.5508397], [110.1733906, -7.5508709], [110.1733785, -7.550917], [110.1733704, -7.5509253], [110.1733602, -7.5509297], [110.1732113, -7.550911], [110.173014, -7.5508741], [110.1730077, -7.5508743], [110.1729779, -7.5508704], [110.17297, -7.5508643], [110.1729695, -7.5508623], [110.1729782, -7.5508113], [110.1729806, -7.5507516], [110.1729848, -7.550702], [110.1729933, -7.5506179], [110.1729983, -7.5505399], [110.1730052, -7.5504868], [110.1730283, -7.5503997], [110.1730601, -7.5503404], [110.1730607, -7.5503369], [110.1730694, -7.5502865], [110.1730788, -7.5502013], [110.1730799, -7.5501922], [110.1730888, -7.5501168], [110.1730963, -7.5500549], [110.1731011, -7.5500126], [110.1731008, -7.5500125], [110.1731012, -7.5500098], [110.1731018, -7.5500064], [110.1731088, -7.549966]], [[110.1726255, -7.5502065], [110.1726164, -7.5502354], [110.1726092, -7.5502642], [110.1725787, -7.5503854], [110.1725732, -7.5504129], [110.1725455, -7.5505505], [110.1725415, -7.5505703], [110.1725086, -7.550751], [110.172492, -7.5508024], [110.1724809, -7.5508126], [110.1724587, -7.5508145], [110.1724128, -7.5508126], [110.172358, -7.550807], [110.1723448, -7.5508076], [110.1723182, -7.5508042], [110.1722937, -7.5508022], [110.1722652, -7.5507993], [110.1722362, -7.5507952], [110.1722166, -7.550792], [110.1721875, -7.5507848], [110.1721635, -7.5507794], [110.1721411, -7.550775], [110.1721185, -7.5507716], [110.1720881, -7.5507678], [110.172073, -7.5507629], [110.1720728, -7.5507629], [110.1720719, -7.5507626], [110.1720198, -7.5507401], [110.1719273, -7.5507027], [110.1718478, -7.5506685], [110.1718178, -7.550662], [110.1718025, -7.5506585], [110.1717872, -7.5506559], [110.1717754, -7.5506499], [110.171761, -7.550639], [110.1717512, -7.5506248], [110.171744, -7.5506062], [110.1717433, -7.5505888], [110.1717463, -7.550573], [110.1717465, -7.5505639], [110.1717508, -7.5505328], [110.1717566, -7.5505094], [110.1717629, -7.5504873], [110.1717726, -7.550457], [110.17178, -7.5504331], [110.1717877, -7.5504081], [110.1717974, -7.5503629], [110.1718015, -7.5503303], [110.1718101, -7.5502841], [110.171828, -7.5502061], [110.1718315, -7.5501895], [110.1718393, -7.5501636], [110.1718477, -7.5501233], [110.1718547, -7.5500891], [110.1718607, -7.5500562], [110.1718677, -7.5500231], [110.1718701, -7.5499991], [110.1718728, -7.5499743], [110.1718724, -7.5499728], [110.1718728, -7.5499718], [110.1718777, -7.5499566], [110.171896, -7.5499001], [110.1719002, -7.5498871], [110.1719116, -7.5498623], [110.1719219, -7.5498315], [110.1719344, -7.5497953], [110.1719444, -7.549758], [110.1719506, -7.5497343], [110.1719565, -7.5497124], [110.171959, -7.5496958], [110.1719639, -7.5496797], [110.171964, -7.5496793], [110.17197, -7.5496627], [110.1719768, -7.5496435], [110.1719811, -7.5496313], [110.1719839, -7.5496234], [110.1719882, -7.5496111], [110.1719902, -7.5496099], [110.1719996, -7.5496052], [110.1720142, -7.5495956], [110.1720266, -7.5495874], [110.1720363, -7.5495797], [110.1720786, -7.5495926], [110.1722341, -7.549634], [110.1724959, -7.5496985], [110.1727237, -7.5497498], [110.172719, -7.5498393], [110.1727197, -7.5498596], [110.1727106, -7.5498918], [110.1726939, -7.549965], [110.1726674, -7.5500736], [110.1726255, -7.5502065]]]}, "properties": {"OBJECTID_1": 255, "KETERANGAN": "Transportasi", "KET_DETAIL": "", "Luas_Ha": 0.635, "NAMOBJ": "Dimajar 1", "DUSUN": "Dimajar 1"}}, {"type": "Feature", "geometry": {"type": "Polygon", "coordinates": [[[110.1765823, -7.5514039], [110.1765574, -7.5513864], [110.1765557, -7.5513851], [110.1765384, -7.5513729], [110.1765382, -7.5513578], [110.1761604, -7.5513958], [110.1761701, -7.5515179], [110.1761884, -7.5517556], [110.1761599, -7.5517574], [110.1759889, -7.5517737], [110.1760272, -7.5518538], [110.1760696, -7.5519207], [110.176117, -7.5519887], [110.1761619, -7.552045], [110.1762058, -7.5521002], [110.1762323, -7.5521421], [110.1762343, -7.5521456], [110.1762731, -7.5521962], [110.1763013, -7.5522244], [110.1763309, -7.5522587], [110.1763484, -7.5522774], [110.1763642, -7.5522913], [110.1763922, -7.5523119], [110.1764422, -7.5523544], [110.1764631, -7.55237], [110.1764739, -7.5523783], [110.1764881, -7.5523927], [110.1765051, -7.5524098], [110.1765204, -7.5524256], [110.1765207, -7.5524259], [110.1765262, -7.5524343], [110.1765571, -7.5524779], [110.1765701, -7.5524953], [110.1765758, -7.5524987], [110.1765849, -7.5524996], [110.1766149, -7.5524964], [110.1766198, -7.5524943], [110.1766241, -7.552491], [110.1766246, -7.5524796], [110.1766271, -7.5524668], [110.1766426, -7.5524486], [110.1766591, -7.552395], [110.1766682, -7.5523235], [110.176682, -7.5522146], [110.1766819, -7.5520451], [110.1766745, -7.5518733], [110.1766735, -7.5518667], [110.1766583, -7.5517685], [110.1766155, -7.5514907], [110.1766115, -7.5514644], [110.1766046, -7.5514196], [110.1765852, -7.5514221], [110.1765823, -7.5514039]]]}, "properties": {"OBJECTID_1": 256, "KETERANGAN": "Hutan Rakyat", "KET_DETAIL": "", "Luas_Ha": 0.592, "NAMOBJ": "Sadegan", "DUSUN": "Sadegan"}}, {"type": "Feature", "geometry": {"type": "Polygon", "coordinates": [[[110.1724363, -7.553306], [110.1724197, -7.5533029], [110.172417, -7.5533094], [110.1724093, -7.5533088], [110.1725908, -7.5533523], [110.1725255, -7.5533331], [110.1724624, -7.5533192], [110.1724354, -7.5533096], [110.1724363, -7.553306]]]}, "properties": {"OBJECTID_1": 257, "KETERANGAN": "Pekarangan", "KET_DETAIL": "", "Luas_Ha": 0.0007, "NAMOBJ": "Dimajar 1", "DUSUN": "Dimajar 1"}}, {"type": "Feature", "geometry": {"type": "Polygon", "coordinates": [[[110.172348, -7.5532944], [110.1723499, -7.5532912], [110.1723369, -7.5532872], [110.1723392, -7.5532816], [110.1723277, -7.553272], [110.172323, -7.553288], [110.172348, -7.5532944]]]}, "properties": {"OBJECTID_1": 258, "KETERANGAN": "Pekarangan", "KET_DETAIL": "", "Luas_Ha": 0.0003, "NAMOBJ": "Dimajar 1", "DUSUN": "Dimajar 1"}}, {"type": "Feature", "geometry": {"type": "Polygon", "coordinates": [[[110.1724714, -7.5533423], [110.1723182, -7.5533042], [110.1723154, -7.5533139], [110.1724493, -7.5533381], [110.1724714, -7.5533423]]]}, "properties": {"OBJECTID_1": 259, "KETERANGAN": "Lahan Terbuka (Tanah Kosong)", "KET_DETAIL": "", "Luas_Ha": 0.001, "NAMOBJ": "Dimajar 1", "DUSUN": "Dimajar 1"}}, {"type": "Feature", "geometry": {"type": "Polygon", "coordinates": [[[110.1763499, -7.5505734], [110.1763133, -7.550543], [110.1760935, -7.5503616], [110.1759349, -7.5503578], [110.1756705, -7.5503515], [110.1758008, -7.550387], [110.175875, -7.550394], [110.1759513, -7.5504474], [110.176111, -7.5505355], [110.1762592, -7.5505867], [110.1763499, -7.5505734]]]}, "properties": {"OBJECTID_1": 260, "KETERANGAN": "Semak Belukar", "KET_DETAIL": "", "Luas_Ha": 0.0644, "NAMOBJ": "Sadegan", "DUSUN": "Sadegan"}}]}